ward_code,ward_name,latitude,longitude,year,month,disease,cases_confirmed,cases_probable,population
W01,Ward_1,8.662714699419528,76.8054623996829,2018,1,Dengue,5,0,38654
W01,Ward_1,8.662714699419528,76.8054623996829,2018,2,Dengue,4,0,38654
W01,Ward_1,8.662714699419528,76.8054623996829,2018,3,Dengue,1,0,38654
W01,Ward_1,8.662714699419528,76.8054623996829,2018,4,Dengue,2,0,38654
W01,Ward_1,8.662714699419528,76.8054623996829,2018,5,Dengue,5,0,38654
W01,Ward_1,8.662714699419528,76.8054623996829,2018,6,Dengue,27,6,38654
W01,Ward_1,8.662714699419528,76.8054623996829,2018,7,Dengue,26,5,38654
W01,Ward_1,8.662714699419528,76.8054623996829,2018,8,Dengue,24,5,38654
W01,Ward_1,8.662714699419528,76.8054623996829,2018,9,Dengue,27,2,38654
W01,Ward_1,8.662714699419528,76.8054623996829,2018,10,Dengue,7,1,38654
W01,Ward_1,8.662714699419528,76.8054623996829,2018,11,Dengue,7,1,38654
W01,Ward_1,8.662714699419528,76.8054623996829,2018,12,Dengue,14,2,38654
W01,Ward_1,8.662714699419528,76.8054623996829,2019,1,Dengue,7,1,38654
W01,Ward_1,8.662714699419528,76.8054623996829,2019,2,Dengue,2,0,38654
W01,Ward_1,8.662714699419528,76.8054623996829,2019,3,Dengue,13,2,38654
W01,Ward_1,8.662714699419528,76.8054623996829,2019,4,Dengue,11,1,38654
W01,Ward_1,8.662714699419528,76.8054623996829,2019,5,Dengue,2,0,38654
W01,Ward_1,8.662714699419528,76.8054623996829,2019,6,Dengue,20,3,38654
W01,Ward_1,8.662714699419528,76.8054623996829,2019,7,Dengue,27,3,38654
W01,Ward_1,8.662714699419528,76.8054623996829,2019,8,Dengue,27,3,38654
W01,Ward_1,8.662714699419528,76.8054623996829,2019,9,Dengue,39,7,38654
W01,Ward_1,8.662714699419528,76.8054623996829,2019,10,Dengue,7,1,38654
W01,Ward_1,8.662714699419528,76.8054623996829,2019,11,Dengue,7,1,38654
W01,Ward_1,8.662714699419528,76.8054623996829,2019,12,Dengue,0,0,38654
W01,Ward_1,8.662714699419528,76.8054623996829,2020,1,Dengue,7,0,38654
W01,Ward_1,8.662714699419528,76.8054623996829,2020,2,Dengue,5,0,38654
W01,Ward_1,8.662714699419528,76.8054623996829,2020,3,Dengue,7,1,38654
W01,Ward_1,8.662714699419528,76.8054623996829,2020,4,Dengue,2,0,38654
W01,Ward_1,8.662714699419528,76.8054623996829,2020,5,Dengue,7,1,38654
W01,Ward_1,8.662714699419528,76.8054623996829,2020,6,Dengue,20,3,38654
W01,Ward_1,8.662714699419528,76.8054623996829,2020,7,Dengue,32,3,38654
W01,Ward_1,8.662714699419528,76.8054623996829,2020,8,Dengue,26,5,38654
W01,Ward_1,8.662714699419528,76.8054623996829,2020,9,Dengue,23,4,38654
W01,Ward_1,8.662714699419528,76.8054623996829,2020,10,Dengue,7,1,38654
W01,Ward_1,8.662714699419528,76.8054623996829,2020,11,Dengue,8,1,38654
W01,Ward_1,8.662714699419528,76.8054623996829,2020,12,Dengue,10,2,38654
W01,Ward_1,8.662714699419528,76.8054623996829,2021,1,Dengue,17,2,38654
W01,Ward_1,8.662714699419528,76.8054623996829,2021,2,Dengue,5,0,38654
W01,Ward_1,8.662714699419528,76.8054623996829,2021,3,Dengue,7,1,38654
W01,Ward_1,8.662714699419528,76.8054623996829,2021,4,Dengue,10,1,38654
W01,Ward_1,8.662714699419528,76.8054623996829,2021,5,Dengue,8,1,38654
W01,Ward_1,8.662714699419528,76.8054623996829,2021,6,Dengue,26,6,38654
W01,Ward_1,8.662714699419528,76.8054623996829,2021,7,Dengue,23,4,38654
W01,Ward_1,8.662714699419528,76.8054623996829,2021,8,Dengue,21,2,38654
W01,Ward_1,8.662714699419528,76.8054623996829,2021,9,Dengue,26,4,38654
W01,Ward_1,8.662714699419528,76.8054623996829,2021,10,Dengue,7,0,38654
W01,Ward_1,8.662714699419528,76.8054623996829,2021,11,Dengue,7,1,38654
W01,Ward_1,8.662714699419528,76.8054623996829,2021,12,Dengue,4,0,38654
W01,Ward_1,8.662714699419528,76.8054623996829,2022,1,Dengue,4,0,38654
W01,Ward_1,8.662714699419528,76.8054623996829,2022,2,Dengue,4,0,38654
W01,Ward_1,8.662714699419528,76.8054623996829,2022,3,Dengue,8,1,38654
W01,Ward_1,8.662714699419528,76.8054623996829,2022,4,Dengue,10,1,38654
W01,Ward_1,8.662714699419528,76.8054623996829,2022,5,Dengue,7,1,38654
W01,Ward_1,8.662714699419528,76.8054623996829,2022,6,Dengue,24,3,38654
W01,Ward_1,8.662714699419528,76.8054623996829,2022,7,Dengue,18,2,38654
W01,Ward_1,8.662714699419528,76.8054623996829,2022,8,Dengue,29,6,38654
W01,Ward_1,8.662714699419528,76.8054623996829,2022,9,Dengue,24,2,38654
W01,Ward_1,8.662714699419528,76.8054623996829,2022,10,Dengue,10,1,38654
W01,Ward_1,8.662714699419528,76.8054623996829,2022,11,Dengue,2,0,38654
W01,Ward_1,8.662714699419528,76.8054623996829,2022,12,Dengue,4,0,38654
W01,Ward_1,8.662714699419528,76.8054623996829,2023,1,Dengue,7,1,38654
W01,Ward_1,8.662714699419528,76.8054623996829,2023,2,Dengue,2,0,38654
W01,Ward_1,8.662714699419528,76.8054623996829,2023,3,Dengue,16,3,38654
W01,Ward_1,8.662714699419528,76.8054623996829,2023,4,Dengue,8,1,38654
W01,Ward_1,8.662714699419528,76.8054623996829,2023,5,Dengue,4,0,38654
W01,Ward_1,8.662714699419528,76.8054623996829,2023,6,Dengue,29,4,38654
W01,Ward_1,8.662714699419528,76.8054623996829,2023,7,Dengue,26,3,38654
W01,Ward_1,8.662714699419528,76.8054623996829,2023,8,Dengue,37,6,38654
W01,Ward_1,8.662714699419528,76.8054623996829,2023,9,Dengue,24,4,38654
W01,Ward_1,8.662714699419528,76.8054623996829,2023,10,Dengue,7,0,38654
W01,Ward_1,8.662714699419528,76.8054623996829,2023,11,Dengue,8,1,38654
W01,Ward_1,8.662714699419528,76.8054623996829,2023,12,Dengue,1,0,38654
W02,Ward_2,8.567209600077467,76.99022759970508,2018,1,Dengue,6,1,39466
W02,Ward_2,8.567209600077467,76.99022759970508,2018,2,Dengue,4,0,39466
W02,Ward_2,8.567209600077467,76.99022759970508,2018,3,Dengue,3,0,39466
W02,Ward_2,8.567209600077467,76.99022759970508,2018,4,Dengue,1,0,39466
W02,Ward_2,8.567209600077467,76.99022759970508,2018,5,Dengue,2,0,39466
W02,Ward_2,8.567209600077467,76.99022759970508,2018,6,Dengue,13,3,39466
W02,Ward_2,8.567209600077467,76.99022759970508,2018,7,Dengue,13,2,39466
W02,Ward_2,8.567209600077467,76.99022759970508,2018,8,Dengue,16,3,39466
W02,Ward_2,8.567209600077467,76.99022759970508,2018,9,Dengue,10,1,39466
W02,Ward_2,8.567209600077467,76.99022759970508,2018,10,Dengue,1,0,39466
W02,Ward_2,8.567209600077467,76.99022759970508,2018,11,Dengue,6,1,39466
W02,Ward_2,8.567209600077467,76.99022759970508,2018,12,Dengue,1,0,39466
W02,Ward_2,8.567209600077467,76.99022759970508,2019,1,Dengue,6,1,39466
W02,Ward_2,8.567209600077467,76.99022759970508,2019,2,Dengue,3,0,39466
W02,Ward_2,8.567209600077467,76.99022759970508,2019,3,Dengue,4,0,39466
W02,Ward_2,8.567209600077467,76.99022759970508,2019,4,Dengue,5,1,39466
W02,Ward_2,8.567209600077467,76.99022759970508,2019,5,Dengue,8,0,39466
W02,Ward_2,8.567209600077467,76.99022759970508,2019,6,Dengue,13,3,39466
W02,Ward_2,8.567209600077467,76.99022759970508,2019,7,Dengue,11,1,39466
W02,Ward_2,8.567209600077467,76.99022759970508,2019,8,Dengue,20,3,39466
W02,Ward_2,8.567209600077467,76.99022759970508,2019,9,Dengue,13,2,39466
W02,Ward_2,8.567209600077467,76.99022759970508,2019,10,Dengue,7,1,39466
W02,Ward_2,8.567209600077467,76.99022759970508,2019,11,Dengue,4,0,39466
W02,Ward_2,8.567209600077467,76.99022759970508,2019,12,Dengue,6,0,39466
W02,Ward_2,8.567209600077467,76.99022759970508,2020,1,Dengue,4,0,39466
W02,Ward_2,8.567209600077467,76.99022759970508,2020,2,Dengue,6,1,39466
W02,Ward_2,8.567209600077467,76.99022759970508,2020,3,Dengue,5,1,39466
W02,Ward_2,8.567209600077467,76.99022759970508,2020,4,Dengue,3,0,39466
W02,Ward_2,8.567209600077467,76.99022759970508,2020,5,Dengue,1,0,39466
W02,Ward_2,8.567209600077467,76.99022759970508,2020,6,Dengue,11,2,39466
W02,Ward_2,8.567209600077467,76.99022759970508,2020,7,Dengue,15,1,39466
W02,Ward_2,8.567209600077467,76.99022759970508,2020,8,Dengue,12,1,39466
W02,Ward_2,8.567209600077467,76.99022759970508,2020,9,Dengue,13,1,39466
W02,Ward_2,8.567209600077467,76.99022759970508,2020,10,Dengue,2,0,39466
W02,Ward_2,8.567209600077467,76.99022759970508,2020,11,Dengue,3,0,39466
W02,Ward_2,8.567209600077467,76.99022759970508,2020,12,Dengue,4,0,39466
W02,Ward_2,8.567209600077467,76.99022759970508,2021,1,Dengue,5,0,39466
W02,Ward_2,8.567209600077467,76.99022759970508,2021,2,Dengue,5,0,39466
W02,Ward_2,8.567209600077467,76.99022759970508,2021,3,Dengue,1,0,39466
W02,Ward_2,8.567209600077467,76.99022759970508,2021,4,Dengue,3,0,39466
W02,Ward_2,8.567209600077467,76.99022759970508,2021,5,Dengue,5,0,39466
W02,Ward_2,8.567209600077467,76.99022759970508,2021,6,Dengue,13,2,39466
W02,Ward_2,8.567209600077467,76.99022759970508,2021,7,Dengue,16,3,39466
W02,Ward_2,8.567209600077467,76.99022759970508,2021,8,Dengue,16,1,39466
W02,Ward_2,8.567209600077467,76.99022759970508,2021,9,Dengue,11,1,39466
W02,Ward_2,8.567209600077467,76.99022759970508,2021,10,Dengue,3,0,39466
W02,Ward_2,8.567209600077467,76.99022759970508,2021,11,Dengue,6,0,39466
W02,Ward_2,8.567209600077467,76.99022759970508,2021,12,Dengue,6,0,39466
W02,Ward_2,8.567209600077467,76.99022759970508,2022,1,Dengue,3,0,39466
W02,Ward_2,8.567209600077467,76.99022759970508,2022,2,Dengue,2,0,39466
W02,Ward_2,8.567209600077467,76.99022759970508,2022,3,Dengue,2,0,39466
W02,Ward_2,8.567209600077467,76.99022759970508,2022,4,Dengue,5,1,39466
W02,Ward_2,8.567209600077467,76.99022759970508,2022,5,Dengue,5,1,39466
W02,Ward_2,8.567209600077467,76.99022759970508,2022,6,Dengue,16,1,39466
W02,Ward_2,8.567209600077467,76.99022759970508,2022,7,Dengue,19,2,39466
W02,Ward_2,8.567209600077467,76.99022759970508,2022,8,Dengue,11,2,39466
W02,Ward_2,8.567209600077467,76.99022759970508,2022,9,Dengue,15,3,39466
W02,Ward_2,8.567209600077467,76.99022759970508,2022,10,Dengue,5,0,39466
W02,Ward_2,8.567209600077467,76.99022759970508,2022,11,Dengue,5,1,39466
W02,Ward_2,8.567209600077467,76.99022759970508,2022,12,Dengue,6,0,39466
W02,Ward_2,8.567209600077467,76.99022759970508,2023,1,Dengue,2,0,39466
W02,Ward_2,8.567209600077467,76.99022759970508,2023,2,Dengue,5,0,39466
W02,Ward_2,8.567209600077467,76.99022759970508,2023,3,Dengue,5,0,39466
W02,Ward_2,8.567209600077467,76.99022759970508,2023,4,Dengue,4,0,39466
W02,Ward_2,8.567209600077467,76.99022759970508,2023,5,Dengue,4,0,39466
W02,Ward_2,8.567209600077467,76.99022759970508,2023,6,Dengue,22,4,39466
W02,Ward_2,8.567209600077467,76.99022759970508,2023,7,Dengue,21,2,39466
W02,Ward_2,8.567209600077467,76.99022759970508,2023,8,Dengue,16,2,39466
W02,Ward_2,8.567209600077467,76.99022759970508,2023,9,Dengue,22,2,39466
W02,Ward_2,8.567209600077467,76.99022759970508,2023,10,Dengue,6,0,39466
W02,Ward_2,8.567209600077467,76.99022759970508,2023,11,Dengue,0,0,39466
W02,Ward_2,8.567209600077467,76.99022759970508,2023,12,Dengue,6,1,39466
W03,Ward_3,8.648833298895005,76.93991730170282,2018,1,Dengue,2,0,28490
W03,Ward_3,8.648833298895005,76.93991730170282,2018,2,Dengue,4,0,28490
W03,Ward_3,8.648833298895005,76.93991730170282,2018,3,Dengue,5,0,28490
W03,Ward_3,8.648833298895005,76.93991730170282,2018,4,Dengue,6,1,28490
W03,Ward_3,8.648833298895005,76.93991730170282,2018,5,Dengue,7,0,28490
W03,Ward_3,8.648833298895005,76.93991730170282,2018,6,Dengue,16,3,28490
W03,Ward_3,8.648833298895005,76.93991730170282,2018,7,Dengue,15,2,28490
W03,Ward_3,8.648833298895005,76.93991730170282,2018,8,Dengue,17,2,28490
W03,Ward_3,8.648833298895005,76.93991730170282,2018,9,Dengue,14,2,28490
W03,Ward_3,8.648833298895005,76.93991730170282,2018,10,Dengue,11,1,28490
W03,Ward_3,8.648833298895005,76.93991730170282,2018,11,Dengue,5,1,28490
W03,Ward_3,8.648833298895005,76.93991730170282,2018,12,Dengue,7,1,28490
W03,Ward_3,8.648833298895005,76.93991730170282,2019,1,Dengue,7,1,28490
W03,Ward_3,8.648833298895005,76.93991730170282,2019,2,Dengue,7,0,28490
W03,Ward_3,8.648833298895005,76.93991730170282,2019,3,Dengue,7,1,28490
W03,Ward_3,8.648833298895005,76.93991730170282,2019,4,Dengue,4,0,28490
W03,Ward_3,8.648833298895005,76.93991730170282,2019,5,Dengue,4,0,28490
W03,Ward_3,8.648833298895005,76.93991730170282,2019,6,Dengue,18,4,28490
W03,Ward_3,8.648833298895005,76.93991730170282,2019,7,Dengue,17,2,28490
W03,Ward_3,8.648833298895005,76.93991730170282,2019,8,Dengue,13,2,28490
W03,Ward_3,8.648833298895005,76.93991730170282,2019,9,Dengue,17,3,28490
W03,Ward_3,8.648833298895005,76.93991730170282,2019,10,Dengue,6,1,28490
W03,Ward_3,8.648833298895005,76.93991730170282,2019,11,Dengue,6,0,28490
W03,Ward_3,8.648833298895005,76.93991730170282,2019,12,Dengue,5,0,28490
W03,Ward_3,8.648833298895005,76.93991730170282,2020,1,Dengue,0,0,28490
W03,Ward_3,8.648833298895005,76.93991730170282,2020,2,Dengue,0,0,28490
W03,Ward_3,8.648833298895005,76.93991730170282,2020,3,Dengue,6,1,28490
W03,Ward_3,8.648833298895005,76.93991730170282,2020,4,Dengue,9,1,28490
W03,Ward_3,8.648833298895005,76.93991730170282,2020,5,Dengue,5,0,28490
W03,Ward_3,8.648833298895005,76.93991730170282,2020,6,Dengue,21,2,28490
W03,Ward_3,8.648833298895005,76.93991730170282,2020,7,Dengue,17,3,28490
W03,Ward_3,8.648833298895005,76.93991730170282,2020,8,Dengue,9,1,28490
W03,Ward_3,8.648833298895005,76.93991730170282,2020,9,Dengue,20,3,28490
W03,Ward_3,8.648833298895005,76.93991730170282,2020,10,Dengue,8,1,28490
W03,Ward_3,8.648833298895005,76.93991730170282,2020,11,Dengue,7,0,28490
W03,Ward_3,8.648833298895005,76.93991730170282,2020,12,Dengue,3,0,28490
W03,Ward_3,8.648833298895005,76.93991730170282,2021,1,Dengue,1,0,28490
W03,Ward_3,8.648833298895005,76.93991730170282,2021,2,Dengue,3,0,28490
W03,Ward_3,8.648833298895005,76.93991730170282,2021,3,Dengue,2,0,28490
W03,Ward_3,8.648833298895005,76.93991730170282,2021,4,Dengue,6,0,28490
W03,Ward_3,8.648833298895005,76.93991730170282,2021,5,Dengue,5,1,28490
W03,Ward_3,8.648833298895005,76.93991730170282,2021,6,Dengue,24,5,28490
W03,Ward_3,8.648833298895005,76.93991730170282,2021,7,Dengue,10,2,28490
W03,Ward_3,8.648833298895005,76.93991730170282,2021,8,Dengue,14,1,28490
W03,Ward_3,8.648833298895005,76.93991730170282,2021,9,Dengue,20,3,28490
W03,Ward_3,8.648833298895005,76.93991730170282,2021,10,Dengue,8,1,28490
W03,Ward_3,8.648833298895005,76.93991730170282,2021,11,Dengue,4,0,28490
W03,Ward_3,8.648833298895005,76.93991730170282,2021,12,Dengue,3,0,28490
W03,Ward_3,8.648833298895005,76.93991730170282,2022,1,Dengue,4,0,28490
W03,Ward_3,8.648833298895005,76.93991730170282,2022,2,Dengue,3,0,28490
W03,Ward_3,8.648833298895005,76.93991730170282,2022,3,Dengue,7,1,28490
W03,Ward_3,8.648833298895005,76.93991730170282,2022,4,Dengue,5,0,28490
W03,Ward_3,8.648833298895005,76.93991730170282,2022,5,Dengue,4,0,28490
W03,Ward_3,8.648833298895005,76.93991730170282,2022,6,Dengue,29,6,28490
W03,Ward_3,8.648833298895005,76.93991730170282,2022,7,Dengue,21,2,28490
W03,Ward_3,8.648833298895005,76.93991730170282,2022,8,Dengue,11,2,28490
W03,Ward_3,8.648833298895005,76.93991730170282,2022,9,Dengue,12,1,28490
W03,Ward_3,8.648833298895005,76.93991730170282,2022,10,Dengue,3,0,28490
W03,Ward_3,8.648833298895005,76.93991730170282,2022,11,Dengue,5,1,28490
W03,Ward_3,8.648833298895005,76.93991730170282,2022,12,Dengue,5,0,28490
W03,Ward_3,8.648833298895005,76.93991730170282,2023,1,Dengue,7,1,28490
W03,Ward_3,8.648833298895005,76.93991730170282,2023,2,Dengue,3,0,28490
W03,Ward_3,8.648833298895005,76.93991730170282,2023,3,Dengue,6,1,28490
W03,Ward_3,8.648833298895005,76.93991730170282,2023,4,Dengue,5,1,28490
W03,Ward_3,8.648833298895005,76.93991730170282,2023,5,Dengue,9,2,28490
W03,Ward_3,8.648833298895005,76.93991730170282,2023,6,Dengue,21,3,28490
W03,Ward_3,8.648833298895005,76.93991730170282,2023,7,Dengue,18,2,28490
W03,Ward_3,8.648833298895005,76.93991730170282,2023,8,Dengue,11,1,28490
W03,Ward_3,8.648833298895005,76.93991730170282,2023,9,Dengue,18,3,28490
W03,Ward_3,8.648833298895005,76.93991730170282,2023,10,Dengue,5,0,28490
W03,Ward_3,8.648833298895005,76.93991730170282,2023,11,Dengue,4,0,28490
W03,Ward_3,8.648833298895005,76.93991730170282,2023,12,Dengue,5,1,28490
W04,Ward_4,8.602884602729487,76.81792129912482,2018,1,Dengue,12,2,32773
W04,Ward_4,8.602884602729487,76.81792129912482,2018,2,Dengue,3,0,32773
W04,Ward_4,8.602884602729487,76.81792129912482,2018,3,Dengue,7,1,32773
W04,Ward_4,8.602884602729487,76.81792129912482,2018,4,Dengue,9,1,32773
W04,Ward_4,8.602884602729487,76.81792129912482,2018,5,Dengue,11,2,32773
W04,Ward_4,8.602884602729487,76.81792129912482,2018,6,Dengue,31,5,32773
W04,Ward_4,8.602884602729487,76.81792129912482,2018,7,Dengue,28,5,32773
W04,Ward_4,8.602884602729487,76.81792129912482,2018,8,Dengue,30,5,32773
W04,Ward_4,8.602884602729487,76.81792129912482,2018,9,Dengue,11,1,32773
W04,Ward_4,8.602884602729487,76.81792129912482,2018,10,Dengue,14,1,32773
W04,Ward_4,8.602884602729487,76.81792129912482,2018,11,Dengue,1,0,32773
W04,Ward_4,8.602884602729487,76.81792129912482,2018,12,Dengue,6,0,32773
W04,Ward_4,8.602884602729487,76.81792129912482,2019,1,Dengue,7,1,32773
W04,Ward_4,8.602884602729487,76.81792129912482,2019,2,Dengue,11,1,32773
W04,Ward_4,8.602884602729487,76.81792129912482,2019,3,Dengue,12,2,32773
W04,Ward_4,8.602884602729487,76.81792129912482,2019,4,Dengue,9,1,32773
W04,Ward_4,8.602884602729487,76.81792129912482,2019,5,Dengue,3,0,32773
W04,Ward_4,8.602884602729487,76.81792129912482,2019,6,Dengue,30,5,32773
W04,Ward_4,8.602884602729487,76.81792129912482,2019,7,Dengue,17,2,32773
W04,Ward_4,8.602884602729487,76.81792129912482,2019,8,Dengue,26,2,32773
W04,Ward_4,8.602884602729487,76.81792129912482,2019,9,Dengue,30,4,32773
W04,Ward_4,8.602884602729487,76.81792129912482,2019,10,Dengue,7,1,32773
W04,Ward_4,8.602884602729487,76.81792129912482,2019,11,Dengue,7,1,32773
W04,Ward_4,8.602884602729487,76.81792129912482,2019,12,Dengue,14,3,32773
W04,Ward_4,8.602884602729487,76.81792129912482,2020,1,Dengue,3,0,32773
W04,Ward_4,8.602884602729487,76.81792129912482,2020,2,Dengue,3,0,32773
W04,Ward_4,8.602884602729487,76.81792129912482,2020,3,Dengue,7,1,32773
W04,Ward_4,8.602884602729487,76.81792129912482,2020,4,Dengue,9,1,32773
W04,Ward_4,8.602884602729487,76.81792129912482,2020,5,Dengue,6,1,32773
W04,Ward_4,8.602884602729487,76.81792129912482,2020,6,Dengue,20,4,32773
W04,Ward_4,8.602884602729487,76.81792129912482,2020,7,Dengue,23,5,32773
W04,Ward_4,8.602884602729487,76.81792129912482,2020,8,Dengue,25,3,32773
W04,Ward_4,8.602884602729487,76.81792129912482,2020,9,Dengue,34,7,32773
W04,Ward_4,8.602884602729487,76.81792129912482,2020,10,Dengue,12,1,32773
W04,Ward_4,8.602884602729487,76.81792129912482,2020,11,Dengue,7,1,32773
W04,Ward_4,8.602884602729487,76.81792129912482,2020,12,Dengue,14,2,32773
W04,Ward_4,8.602884602729487,76.81792129912482,2021,1,Dengue,11,1,32773
W04,Ward_4,8.602884602729487,76.81792129912482,2021,2,Dengue,15,1,32773
W04,Ward_4,8.602884602729487,76.81792129912482,2021,3,Dengue,11,2,32773
W04,Ward_4,8.602884602729487,76.81792129912482,2021,4,Dengue,7,0,32773
W04,Ward_4,8.602884602729487,76.81792129912482,2021,5,Dengue,6,1,32773
W04,Ward_4,8.602884602729487,76.81792129912482,2021,6,Dengue,41,7,32773
W04,Ward_4,8.602884602729487,76.81792129912482,2021,7,Dengue,17,2,32773
W04,Ward_4,8.602884602729487,76.81792129912482,2021,8,Dengue,28,6,32773
W04,Ward_4,8.602884602729487,76.81792129912482,2021,9,Dengue,34,4,32773
W04,Ward_4,8.602884602729487,76.81792129912482,2021,10,Dengue,6,1,32773
W04,Ward_4,8.602884602729487,76.81792129912482,2021,11,Dengue,4,0,32773
W04,Ward_4,8.602884602729487,76.81792129912482,2021,12,Dengue,12,1,32773
W04,Ward_4,8.602884602729487,76.81792129912482,2022,1,Dengue,11,1,32773
W04,Ward_4,8.602884602729487,76.81792129912482,2022,2,Dengue,7,0,32773
W04,Ward_4,8.602884602729487,76.81792129912482,2022,3,Dengue,6,0,32773
W04,Ward_4,8.602884602729487,76.81792129912482,2022,4,Dengue,9,1,32773
W04,Ward_4,8.602884602729487,76.81792129912482,2022,5,Dengue,12,1,32773
W04,Ward_4,8.602884602729487,76.81792129912482,2022,6,Dengue,25,4,32773
W04,Ward_4,8.602884602729487,76.81792129912482,2022,7,Dengue,36,3,32773
W04,Ward_4,8.602884602729487,76.81792129912482,2022,8,Dengue,31,5,32773
W04,Ward_4,8.602884602729487,76.81792129912482,2022,9,Dengue,31,5,32773
W04,Ward_4,8.602884602729487,76.81792129912482,2022,10,Dengue,3,0,32773
W04,Ward_4,8.602884602729487,76.81792129912482,2022,11,Dengue,9,1,32773
W04,Ward_4,8.602884602729487,76.81792129912482,2022,12,Dengue,6,0,32773
W04,Ward_4,8.602884602729487,76.81792129912482,2023,1,Dengue,7,1,32773
W04,Ward_4,8.602884602729487,76.81792129912482,2023,2,Dengue,6,1,32773
W04,Ward_4,8.602884602729487,76.81792129912482,2023,3,Dengue,6,0,32773
W04,Ward_4,8.602884602729487,76.81792129912482,2023,4,Dengue,6,1,32773
W04,Ward_4,8.602884602729487,76.81792129912482,2023,5,Dengue,12,2,32773
W04,Ward_4,8.602884602729487,76.81792129912482,2023,6,Dengue,26,5,32773
W04,Ward_4,8.602884602729487,76.81792129912482,2023,7,Dengue,31,6,32773
W04,Ward_4,8.602884602729487,76.81792129912482,2023,8,Dengue,20,4,32773
W04,Ward_4,8.602884602729487,76.81792129912482,2023,9,Dengue,25,3,32773
W04,Ward_4,8.602884602729487,76.81792129912482,2023,10,Dengue,11,1,32773
W04,Ward_4,8.602884602729487,76.81792129912482,2023,11,Dengue,12,1,32773
W04,Ward_4,8.602884602729487,76.81792129912482,2023,12,Dengue,4,0,32773
W05,Ward_5,8.624232998655371,76.84854549780802,2018,1,Dengue,1,0,37161
W05,Ward_5,8.624232998655371,76.84854549780802,2018,2,Dengue,5,0,37161
W05,Ward_5,8.624232998655371,76.84854549780802,2018,3,Dengue,5,1,37161
W05,Ward_5,8.624232998655371,76.84854549780802,2018,4,Dengue,5,0,37161
W05,Ward_5,8.624232998655371,76.84854549780802,2018,5,Dengue,6,1,37161
W05,Ward_5,8.624232998655371,76.84854549780802,2018,6,Dengue,16,2,37161
W05,Ward_5,8.624232998655371,76.84854549780802,2018,7,Dengue,13,3,37161
W05,Ward_5,8.624232998655371,76.84854549780802,2018,8,Dengue,15,2,37161
W05,Ward_5,8.624232998655371,76.84854549780802,2018,9,Dengue,22,4,37161
W05,Ward_5,8.624232998655371,76.84854549780802,2018,10,Dengue,5,0,37161
W05,Ward_5,8.624232998655371,76.84854549780802,2018,11,Dengue,2,0,37161
W05,Ward_5,8.624232998655371,76.84854549780802,2018,12,Dengue,3,0,37161
W05,Ward_5,8.624232998655371,76.84854549780802,2019,1,Dengue,7,0,37161
W05,Ward_5,8.624232998655371,76.84854549780802,2019,2,Dengue,6,1,37161
W05,Ward_5,8.624232998655371,76.84854549780802,2019,3,Dengue,6,1,37161
W05,Ward_5,8.624232998655371,76.84854549780802,2019,4,Dengue,3,0,37161
W05,Ward_5,8.624232998655371,76.84854549780802,2019,5,Dengue,4,0,37161
W05,Ward_5,8.624232998655371,76.84854549780802,2019,6,Dengue,16,3,37161
W05,Ward_5,8.624232998655371,76.84854549780802,2019,7,Dengue,22,3,37161
W05,Ward_5,8.624232998655371,76.84854549780802,2019,8,Dengue,19,2,37161
W05,Ward_5,8.624232998655371,76.84854549780802,2019,9,Dengue,17,3,37161
W05,Ward_5,8.624232998655371,76.84854549780802,2019,10,Dengue,5,0,37161
W05,Ward_5,8.624232998655371,76.84854549780802,2019,11,Dengue,5,0,37161
W05,Ward_5,8.624232998655371,76.84854549780802,2019,12,Dengue,6,0,37161
W05,Ward_5,8.624232998655371,76.84854549780802,2020,1,Dengue,2,0,37161
W05,Ward_5,8.624232998655371,76.84854549780802,2020,2,Dengue,5,0,37161
W05,Ward_5,8.624232998655371,76.84854549780802,2020,3,Dengue,3,0,37161
W05,Ward_5,8.624232998655371,76.84854549780802,2020,4,Dengue,7,0,37161
W05,Ward_5,8.624232998655371,76.84854549780802,2020,5,Dengue,5,1,37161
W05,Ward_5,8.624232998655371,76.84854549780802,2020,6,Dengue,18,2,37161
W05,Ward_5,8.624232998655371,76.84854549780802,2020,7,Dengue,17,3,37161
W05,Ward_5,8.624232998655371,76.84854549780802,2020,8,Dengue,19,2,37161
W05,Ward_5,8.624232998655371,76.84854549780802,2020,9,Dengue,11,2,37161
W05,Ward_5,8.624232998655371,76.84854549780802,2020,10,Dengue,6,0,37161
W05,Ward_5,8.624232998655371,76.84854549780802,2020,11,Dengue,9,2,37161
W05,Ward_5,8.624232998655371,76.84854549780802,2020,12,Dengue,3,0,37161
W05,Ward_5,8.624232998655371,76.84854549780802,2021,1,Dengue,6,1,37161
W05,Ward_5,8.624232998655371,76.84854549780802,2021,2,Dengue,4,0,37161
W05,Ward_5,8.624232998655371,76.84854549780802,2021,3,Dengue,1,0,37161
W05,Ward_5,8.624232998655371,76.84854549780802,2021,4,Dengue,5,0,37161
W05,Ward_5,8.624232998655371,76.84854549780802,2021,5,Dengue,4,0,37161
W05,Ward_5,8.624232998655371,76.84854549780802,2021,6,Dengue,16,1,37161
W05,Ward_5,8.624232998655371,76.84854549780802,2021,7,Dengue,21,5,37161
W05,Ward_5,8.624232998655371,76.84854549780802,2021,8,Dengue,14,2,37161
W05,Ward_5,8.624232998655371,76.84854549780802,2021,9,Dengue,16,3,37161
W05,Ward_5,8.624232998655371,76.84854549780802,2021,10,Dengue,2,0,37161
W05,Ward_5,8.624232998655371,76.84854549780802,2021,11,Dengue,6,1,37161
W05,Ward_5,8.624232998655371,76.84854549780802,2021,12,Dengue,9,1,37161
W05,Ward_5,8.624232998655371,76.84854549780802,2022,1,Dengue,5,0,37161
W05,Ward_5,8.624232998655371,76.84854549780802,2022,2,Dengue,6,1,37161
W05,Ward_5,8.624232998655371,76.84854549780802,2022,3,Dengue,2,0,37161
W05,Ward_5,8.624232998655371,76.84854549780802,2022,4,Dengue,4,0,37161
W05,Ward_5,8.624232998655371,76.84854549780802,2022,5,Dengue,2,0,37161
W05,Ward_5,8.624232998655371,76.84854549780802,2022,6,Dengue,15,3,37161
W05,Ward_5,8.624232998655371,76.84854549780802,2022,7,Dengue,16,3,37161
W05,Ward_5,8.624232998655371,76.84854549780802,2022,8,Dengue,15,3,37161
W05,Ward_5,8.624232998655371,76.84854549780802,2022,9,Dengue,19,2,37161
W05,Ward_5,8.624232998655371,76.84854549780802,2022,10,Dengue,4,0,37161
W05,Ward_5,8.624232998655371,76.84854549780802,2022,11,Dengue,9,1,37161
W05,Ward_5,8.624232998655371,76.84854549780802,2022,12,Dengue,4,0,37161
W05,Ward_5,8.624232998655371,76.84854549780802,2023,1,Dengue,5,0,37161
W05,Ward_5,8.624232998655371,76.84854549780802,2023,2,Dengue,7,1,37161
W05,Ward_5,8.624232998655371,76.84854549780802,2023,3,Dengue,4,0,37161
W05,Ward_5,8.624232998655371,76.84854549780802,2023,4,Dengue,6,1,37161
W05,Ward_5,8.624232998655371,76.84854549780802,2023,5,Dengue,3,0,37161
W05,Ward_5,8.624232998655371,76.84854549780802,2023,6,Dengue,20,2,37161
W05,Ward_5,8.624232998655371,76.84854549780802,2023,7,Dengue,27,5,37161
W05,Ward_5,8.624232998655371,76.84854549780802,2023,8,Dengue,19,2,37161
W05,Ward_5,8.624232998655371,76.84854549780802,2023,9,Dengue,16,2,37161
W05,Ward_5,8.624232998655371,76.84854549780802,2023,10,Dengue,4,0,37161
W05,Ward_5,8.624232998655371,76.84854549780802,2023,11,Dengue,2,0,37161
W05,Ward_5,8.624232998655371,76.84854549780802,2023,12,Dengue,6,1,37161
W06,Ward_6,8.770144099055445,76.88083649205541,2018,1,Dengue,8,1,34909
W06,Ward_6,8.770144099055445,76.88083649205541,2018,2,Dengue,7,1,34909
W06,Ward_6,8.770144099055445,76.88083649205541,2018,3,Dengue,13,1,34909
W06,Ward_6,8.770144099055445,76.88083649205541,2018,4,Dengue,2,0,34909
W06,Ward_6,8.770144099055445,76.88083649205541,2018,5,Dengue,8,1,34909
W06,Ward_6,8.770144099055445,76.88083649205541,2018,6,Dengue,22,4,34909
W06,Ward_6,8.770144099055445,76.88083649205541,2018,7,Dengue,25,4,34909
W06,Ward_6,8.770144099055445,76.88083649205541,2018,8,Dengue,34,4,34909
W06,Ward_6,8.770144099055445,76.88083649205541,2018,9,Dengue,16,1,34909
W06,Ward_6,8.770144099055445,76.88083649205541,2018,10,Dengue,10,2,34909
W06,Ward_6,8.770144099055445,76.88083649205541,2018,11,Dengue,7,0,34909
W06,Ward_6,8.770144099055445,76.88083649205541,2018,12,Dengue,10,1,34909
W06,Ward_6,8.770144099055445,76.88083649205541,2019,1,Dengue,2,0,34909
W06,Ward_6,8.770144099055445,76.88083649205541,2019,2,Dengue,11,1,34909
W06,Ward_6,8.770144099055445,76.88083649205541,2019,3,Dengue,8,0,34909
W06,Ward_6,8.770144099055445,76.88083649205541,2019,4,Dengue,11,2,34909
W06,Ward_6,8.770144099055445,76.88083649205541,2019,5,Dengue,7,1,34909
W06,Ward_6,8.770144099055445,76.88083649205541,2019,6,Dengue,26,3,34909
W06,Ward_6,8.770144099055445,76.88083649205541,2019,7,Dengue,22,3,34909
W06,Ward_6,8.770144099055445,76.88083649205541,2019,8,Dengue,22,2,34909
W06,Ward_6,8.770144099055445,76.88083649205541,2019,9,Dengue,29,6,34909
W06,Ward_6,8.770144099055445,76.88083649205541,2019,10,Dengue,2,0,34909
W06,Ward_6,8.770144099055445,76.88083649205541,2019,11,Dengue,7,1,34909
W06,Ward_6,8.770144099055445,76.88083649205541,2019,12,Dengue,2,0,34909
W06,Ward_6,8.770144099055445,76.88083649205541,2020,1,Dengue,11,2,34909
W06,Ward_6,8.770144099055445,76.88083649205541,2020,2,Dengue,11,1,34909
W06,Ward_6,8.770144099055445,76.88083649205541,2020,3,Dengue,10,1,34909
W06,Ward_6,8.770144099055445,76.88083649205541,2020,4,Dengue,4,0,34909
W06,Ward_6,8.770144099055445,76.88083649205541,2020,5,Dengue,7,0,34909
W06,Ward_6,8.770144099055445,76.88083649205541,2020,6,Dengue,26,2,34909
W06,Ward_6,8.770144099055445,76.88083649205541,2020,7,Dengue,20,2,34909
W06,Ward_6,8.770144099055445,76.88083649205541,2020,8,Dengue,23,4,34909
W06,Ward_6,8.770144099055445,76.88083649205541,2020,9,Dengue,26,6,34909
W06,Ward_6,8.770144099055445,76.88083649205541,2020,10,Dengue,4,0,34909
W06,Ward_6,8.770144099055445,76.88083649205541,2020,11,Dengue,8,1,34909
W06,Ward_6,8.770144099055445,76.88083649205541,2020,12,Dengue,13,2,34909
W06,Ward_6,8.770144099055445,76.88083649205541,2021,1,Dengue,2,0,34909
W06,Ward_6,8.770144099055445,76.88083649205541,2021,2,Dengue,5,0,34909
W06,Ward_6,8.770144099055445,76.88083649205541,2021,3,Dengue,4,0,34909
W06,Ward_6,8.770144099055445,76.88083649205541,2021,4,Dengue,7,1,34909
W06,Ward_6,8.770144099055445,76.88083649205541,2021,5,Dengue,8,1,34909
W06,Ward_6,8.770144099055445,76.88083649205541,2021,6,Dengue,19,3,34909
W06,Ward_6,8.770144099055445,76.88083649205541,2021,7,Dengue,22,4,34909
W06,Ward_6,8.770144099055445,76.88083649205541,2021,8,Dengue,11,2,34909
W06,Ward_6,8.770144099055445,76.88083649205541,2021,9,Dengue,23,4,34909
W06,Ward_6,8.770144099055445,76.88083649205541,2021,10,Dengue,10,2,34909
W06,Ward_6,8.770144099055445,76.88083649205541,2021,11,Dengue,13,2,34909
W06,Ward_6,8.770144099055445,76.88083649205541,2021,12,Dengue,5,0,34909
W06,Ward_6,8.770144099055445,76.88083649205541,2022,1,Dengue,4,0,34909
W06,Ward_6,8.770144099055445,76.88083649205541,2022,2,Dengue,7,1,34909
W06,Ward_6,8.770144099055445,76.88083649205541,2022,3,Dengue,5,0,34909
W06,Ward_6,8.770144099055445,76.88083649205541,2022,4,Dengue,4,0,34909
W06,Ward_6,8.770144099055445,76.88083649205541,2022,5,Dengue,1,0,34909
W06,Ward_6,8.770144099055445,76.88083649205541,2022,6,Dengue,25,5,34909
W06,Ward_6,8.770144099055445,76.88083649205541,2022,7,Dengue,28,6,34909
W06,Ward_6,8.770144099055445,76.88083649205541,2022,8,Dengue,25,3,34909
W06,Ward_6,8.770144099055445,76.88083649205541,2022,9,Dengue,26,4,34909
W06,Ward_6,8.770144099055445,76.88083649205541,2022,10,Dengue,8,0,34909
W06,Ward_6,8.770144099055445,76.88083649205541,2022,11,Dengue,8,1,34909
W06,Ward_6,8.770144099055445,76.88083649205541,2022,12,Dengue,11,1,34909
W06,Ward_6,8.770144099055445,76.88083649205541,2023,1,Dengue,4,0,34909
W06,Ward_6,8.770144099055445,76.88083649205541,2023,2,Dengue,8,1,34909
W06,Ward_6,8.770144099055445,76.88083649205541,2023,3,Dengue,10,1,34909
W06,Ward_6,8.770144099055445,76.88083649205541,2023,4,Dengue,5,0,34909
W06,Ward_6,8.770144099055445,76.88083649205541,2023,5,Dengue,14,3,34909
W06,Ward_6,8.770144099055445,76.88083649205541,2023,6,Dengue,25,5,34909
W06,Ward_6,8.770144099055445,76.88083649205541,2023,7,Dengue,25,4,34909
W06,Ward_6,8.770144099055445,76.88083649205541,2023,8,Dengue,38,6,34909
W06,Ward_6,8.770144099055445,76.88083649205541,2023,9,Dengue,29,5,34909
W06,Ward_6,8.770144099055445,76.88083649205541,2023,10,Dengue,5,0,34909
W06,Ward_6,8.770144099055445,76.88083649205541,2023,11,Dengue,4,0,34909
W06,Ward_6,8.770144099055445,76.88083649205541,2023,12,Dengue,1,0,34909
W07,Ward_7,8.700087693396236,76.86633069876441,2018,1,Dengue,1,0,15024
W07,Ward_7,8.700087693396236,76.86633069876441,2018,2,Dengue,9,1,15024
W07,Ward_7,8.700087693396236,76.86633069876441,2018,3,Dengue,2,0,15024
W07,Ward_7,8.700087693396236,76.86633069876441,2018,4,Dengue,2,0,15024
W07,Ward_7,8.700087693396236,76.86633069876441,2018,5,Dengue,6,0,15024
W07,Ward_7,8.700087693396236,76.86633069876441,2018,6,Dengue,28,3,15024
W07,Ward_7,8.700087693396236,76.86633069876441,2018,7,Dengue,30,4,15024
W07,Ward_7,8.700087693396236,76.86633069876441,2018,8,Dengue,17,1,15024
W07,Ward_7,8.700087693396236,76.86633069876441,2018,9,Dengue,25,4,15024
W07,Ward_7,8.700087693396236,76.86633069876441,2018,10,Dengue,2,0,15024
W07,Ward_7,8.700087693396236,76.86633069876441,2018,11,Dengue,10,1,15024
W07,Ward_7,8.700087693396236,76.86633069876441,2018,12,Dengue,5,1,15024
W07,Ward_7,8.700087693396236,76.86633069876441,2019,1,Dengue,8,1,15024
W07,Ward_7,8.700087693396236,76.86633069876441,2019,2,Dengue,5,1,15024
W07,Ward_7,8.700087693396236,76.86633069876441,2019,3,Dengue,6,1,15024
W07,Ward_7,8.700087693396236,76.86633069876441,2019,4,Dengue,9,2,15024
W07,Ward_7,8.700087693396236,76.86633069876441,2019,5,Dengue,2,0,15024
W07,Ward_7,8.700087693396236,76.86633069876441,2019,6,Dengue,26,3,15024
W07,Ward_7,8.700087693396236,76.86633069876441,2019,7,Dengue,32,4,15024
W07,Ward_7,8.700087693396236,76.86633069876441,2019,8,Dengue,16,3,15024
W07,Ward_7,8.700087693396236,76.86633069876441,2019,9,Dengue,20,3,15024
W07,Ward_7,8.700087693396236,76.86633069876441,2019,10,Dengue,8,1,15024
W07,Ward_7,8.700087693396236,76.86633069876441,2019,11,Dengue,1,0,15024
W07,Ward_7,8.700087693396236,76.86633069876441,2019,12,Dengue,9,1,15024
W07,Ward_7,8.700087693396236,76.86633069876441,2020,1,Dengue,5,1,15024
W07,Ward_7,8.700087693396236,76.86633069876441,2020,2,Dengue,6,0,15024
W07,Ward_7,8.700087693396236,76.86633069876441,2020,3,Dengue,8,1,15024
W07,Ward_7,8.700087693396236,76.86633069876441,2020,4,Dengue,6,1,15024
W07,Ward_7,8.700087693396236,76.86633069876441,2020,5,Dengue,5,1,15024
W07,Ward_7,8.700087693396236,76.86633069876441,2020,6,Dengue,22,2,15024
W07,Ward_7,8.700087693396236,76.86633069876441,2020,7,Dengue,25,3,15024
W07,Ward_7,8.700087693396236,76.86633069876441,2020,8,Dengue,21,3,15024
W07,Ward_7,8.700087693396236,76.86633069876441,2020,9,Dengue,21,4,15024
W07,Ward_7,8.700087693396236,76.86633069876441,2020,10,Dengue,10,2,15024
W07,Ward_7,8.700087693396236,76.86633069876441,2020,11,Dengue,4,0,15024
W07,Ward_7,8.700087693396236,76.86633069876441,2020,12,Dengue,8,1,15024
W07,Ward_7,8.700087693396236,76.86633069876441,2021,1,Dengue,8,1,15024
W07,Ward_7,8.700087693396236,76.86633069876441,2021,2,Dengue,10,1,15024
W07,Ward_7,8.700087693396236,76.86633069876441,2021,3,Dengue,6,1,15024
W07,Ward_7,8.700087693396236,76.86633069876441,2021,4,Dengue,5,0,15024
W07,Ward_7,8.700087693396236,76.86633069876441,2021,5,Dengue,12,2,15024
W07,Ward_7,8.700087693396236,76.86633069876441,2021,6,Dengue,25,4,15024
W07,Ward_7,8.700087693396236,76.86633069876441,2021,7,Dengue,32,3,15024
W07,Ward_7,8.700087693396236,76.86633069876441,2021,8,Dengue,22,2,15024
W07,Ward_7,8.700087693396236,76.86633069876441,2021,9,Dengue,26,4,15024
W07,Ward_7,8.700087693396236,76.86633069876441,2021,10,Dengue,8,0,15024
W07,Ward_7,8.700087693396236,76.86633069876441,2021,11,Dengue,4,0,15024
W07,Ward_7,8.700087693396236,76.86633069876441,2021,12,Dengue,10,2,15024
W07,Ward_7,8.700087693396236,76.86633069876441,2022,1,Dengue,12,2,15024
W07,Ward_7,8.700087693396236,76.86633069876441,2022,2,Dengue,5,0,15024
W07,Ward_7,8.700087693396236,76.86633069876441,2022,3,Dengue,1,0,15024
W07,Ward_7,8.700087693396236,76.86633069876441,2022,4,Dengue,9,0,15024
W07,Ward_7,8.700087693396236,76.86633069876441,2022,5,Dengue,4,0,15024
W07,Ward_7,8.700087693396236,76.86633069876441,2022,6,Dengue,21,3,15024
W07,Ward_7,8.700087693396236,76.86633069876441,2022,7,Dengue,28,6,15024
W07,Ward_7,8.700087693396236,76.86633069876441,2022,8,Dengue,17,2,15024
W07,Ward_7,8.700087693396236,76.86633069876441,2022,9,Dengue,22,4,15024
W07,Ward_7,8.700087693396236,76.86633069876441,2022,10,Dengue,6,1,15024
W07,Ward_7,8.700087693396236,76.86633069876441,2022,11,Dengue,8,1,15024
W07,Ward_7,8.700087693396236,76.86633069876441,2022,12,Dengue,4,0,15024
W07,Ward_7,8.700087693396236,76.86633069876441,2023,1,Dengue,5,1,15024
W07,Ward_7,8.700087693396236,76.86633069876441,2023,2,Dengue,6,0,15024
W07,Ward_7,8.700087693396236,76.86633069876441,2023,3,Dengue,6,0,15024
W07,Ward_7,8.700087693396236,76.86633069876441,2023,4,Dengue,4,0,15024
W07,Ward_7,8.700087693396236,76.86633069876441,2023,5,Dengue,4,0,15024
W07,Ward_7,8.700087693396236,76.86633069876441,2023,6,Dengue,26,5,15024
W07,Ward_7,8.700087693396236,76.86633069876441,2023,7,Dengue,25,5,15024
W07,Ward_7,8.700087693396236,76.86633069876441,2023,8,Dengue,20,2,15024
W07,Ward_7,8.700087693396236,76.86633069876441,2023,9,Dengue,22,4,15024
W07,Ward_7,8.700087693396236,76.86633069876441,2023,10,Dengue,6,0,15024
W07,Ward_7,8.700087693396236,76.86633069876441,2023,11,Dengue,9,1,15024
W07,Ward_7,8.700087693396236,76.86633069876441,2023,12,Dengue,6,0,15024
W08,Ward_8,8.439587001608905,77.10824440016542,2018,1,Dengue,4,0,16914
W08,Ward_8,8.439587001608905,77.10824440016542,2018,2,Dengue,2,0,16914
W08,Ward_8,8.439587001608905,77.10824440016542,2018,3,Dengue,5,0,16914
W08,Ward_8,8.439587001608905,77.10824440016542,2018,4,Dengue,7,1,16914
W08,Ward_8,8.439587001608905,77.10824440016542,2018,5,Dengue,5,0,16914
W08,Ward_8,8.439587001608905,77.10824440016542,2018,6,Dengue,25,4,16914
W08,Ward_8,8.439587001608905,77.10824440016542,2018,7,Dengue,25,3,16914
W08,Ward_8,8.439587001608905,77.10824440016542,2018,8,Dengue,25,6,16914
W08,Ward_8,8.439587001608905,77.10824440016542,2018,9,Dengue,30,5,16914
W08,Ward_8,8.439587001608905,77.10824440016542,2018,10,Dengue,5,1,16914
W08,Ward_8,8.439587001608905,77.10824440016542,2018,11,Dengue,7,0,16914
W08,Ward_8,8.439587001608905,77.10824440016542,2018,12,Dengue,8,1,16914
W08,Ward_8,8.439587001608905,77.10824440016542,2019,1,Dengue,5,0,16914
W08,Ward_8,8.439587001608905,77.10824440016542,2019,2,Dengue,12,2,16914
W08,Ward_8,8.439587001608905,77.10824440016542,2019,3,Dengue,2,0,16914
W08,Ward_8,8.439587001608905,77.10824440016542,2019,4,Dengue,5,0,16914
W08,Ward_8,8.439587001608905,77.10824440016542,2019,5,Dengue,4,0,16914
W08,Ward_8,8.439587001608905,77.10824440016542,2019,6,Dengue,29,5,16914
W08,Ward_8,8.439587001608905,77.10824440016542,2019,7,Dengue,28,5,16914
W08,Ward_8,8.439587001608905,77.10824440016542,2019,8,Dengue,14,2,16914
W08,Ward_8,8.439587001608905,77.10824440016542,2019,9,Dengue,23,4,16914
W08,Ward_8,8.439587001608905,77.10824440016542,2019,10,Dengue,11,1,16914
W08,Ward_8,8.439587001608905,77.10824440016542,2019,11,Dengue,4,0,16914
W08,Ward_8,8.439587001608905,77.10824440016542,2019,12,Dengue,1,0,16914
W08,Ward_8,8.439587001608905,77.10824440016542,2020,1,Dengue,5,1,16914
W08,Ward_8,8.439587001608905,77.10824440016542,2020,2,Dengue,9,1,16914
W08,Ward_8,8.439587001608905,77.10824440016542,2020,3,Dengue,9,1,16914
W08,Ward_8,8.439587001608905,77.10824440016542,2020,4,Dengue,9,0,16914
W08,Ward_8,8.439587001608905,77.10824440016542,2020,5,Dengue,4,0,16914
W08,Ward_8,8.439587001608905,77.10824440016542,2020,6,Dengue,35,5,16914
W08,Ward_8,8.439587001608905,77.10824440016542,2020,7,Dengue,19,3,16914
W08,Ward_8,8.439587001608905,77.10824440016542,2020,8,Dengue,22,5,16914
W08,Ward_8,8.439587001608905,77.10824440016542,2020,9,Dengue,22,3,16914
W08,Ward_8,8.439587001608905,77.10824440016542,2020,10,Dengue,9,1,16914
W08,Ward_8,8.439587001608905,77.10824440016542,2020,11,Dengue,7,1,16914
W08,Ward_8,8.439587001608905,77.10824440016542,2020,12,Dengue,9,1,16914
W08,Ward_8,8.439587001608905,77.10824440016542,2021,1,Dengue,8,0,16914
W08,Ward_8,8.439587001608905,77.10824440016542,2021,2,Dengue,4,0,16914
W08,Ward_8,8.439587001608905,77.10824440016542,2021,3,Dengue,12,1,16914
W08,Ward_8,8.439587001608905,77.10824440016542,2021,4,Dengue,7,1,16914
W08,Ward_8,8.439587001608905,77.10824440016542,2021,5,Dengue,9,1,16914
W08,Ward_8,8.439587001608905,77.10824440016542,2021,6,Dengue,35,7,16914
W08,Ward_8,8.439587001608905,77.10824440016542,2021,7,Dengue,22,4,16914
W08,Ward_8,8.439587001608905,77.10824440016542,2021,8,Dengue,33,5,16914
W08,Ward_8,8.439587001608905,77.10824440016542,2021,9,Dengue,23,3,16914
W08,Ward_8,8.439587001608905,77.10824440016542,2021,10,Dengue,11,2,16914
W08,Ward_8,8.439587001608905,77.10824440016542,2021,11,Dengue,8,1,16914
W08,Ward_8,8.439587001608905,77.10824440016542,2021,12,Dengue,4,0,16914
W08,Ward_8,8.439587001608905,77.10824440016542,2022,1,Dengue,8,1,16914
W08,Ward_8,8.439587001608905,77.10824440016542,2022,2,Dengue,8,1,16914
W08,Ward_8,8.439587001608905,77.10824440016542,2022,3,Dengue,7,1,16914
W08,Ward_8,8.439587001608905,77.10824440016542,2022,4,Dengue,12,1,16914
W08,Ward_8,8.439587001608905,77.10824440016542,2022,5,Dengue,12,1,16914
W08,Ward_8,8.439587001608905,77.10824440016542,2022,6,Dengue,21,3,16914
W08,Ward_8,8.439587001608905,77.10824440016542,2022,7,Dengue,30,5,16914
W08,Ward_8,8.439587001608905,77.10824440016542,2022,8,Dengue,28,3,16914
W08,Ward_8,8.439587001608905,77.10824440016542,2022,9,Dengue,19,3,16914
W08,Ward_8,8.439587001608905,77.10824440016542,2022,10,Dengue,11,2,16914
W08,Ward_8,8.439587001608905,77.10824440016542,2022,11,Dengue,2,0,16914
W08,Ward_8,8.439587001608905,77.10824440016542,2022,12,Dengue,5,0,16914
W08,Ward_8,8.439587001608905,77.10824440016542,2023,1,Dengue,8,0,16914
W08,Ward_8,8.439587001608905,77.10824440016542,2023,2,Dengue,4,0,16914
W08,Ward_8,8.439587001608905,77.10824440016542,2023,3,Dengue,4,0,16914
W08,Ward_8,8.439587001608905,77.10824440016542,2023,4,Dengue,7,0,16914
W08,Ward_8,8.439587001608905,77.10824440016542,2023,5,Dengue,11,1,16914
W08,Ward_8,8.439587001608905,77.10824440016542,2023,6,Dengue,26,4,16914
W08,Ward_8,8.439587001608905,77.10824440016542,2023,7,Dengue,29,5,16914
W08,Ward_8,8.439587001608905,77.10824440016542,2023,8,Dengue,26,4,16914
W08,Ward_8,8.439587001608905,77.10824440016542,2023,9,Dengue,23,4,16914
W08,Ward_8,8.439587001608905,77.10824440016542,2023,10,Dengue,8,1,16914
W08,Ward_8,8.439587001608905,77.10824440016542,2023,11,Dengue,12,1,16914
W08,Ward_8,8.439587001608905,77.10824440016542,2023,12,Dengue,12,2,16914
W09,Ward_9,8.50325399138666,77.08522580845849,2018,1,Dengue,12,2,39476
W09,Ward_9,8.50325399138666,77.08522580845849,2018,2,Dengue,7,0,39476
W09,Ward_9,8.50325399138666,77.08522580845849,2018,3,Dengue,1,0,39476
W09,Ward_9,8.50325399138666,77.08522580845849,2018,4,Dengue,5,1,39476
W09,Ward_9,8.50325399138666,77.08522580845849,2018,5,Dengue,3,0,39476
W09,Ward_9,8.50325399138666,77.08522580845849,2018,6,Dengue,23,2,39476
W09,Ward_9,8.50325399138666,77.08522580845849,2018,7,Dengue,21,4,39476
W09,Ward_9,8.50325399138666,77.08522580845849,2018,8,Dengue,18,3,39476
W09,Ward_9,8.50325399138666,77.08522580845849,2018,9,Dengue,22,3,39476
W09,Ward_9,8.50325399138666,77.08522580845849,2018,10,Dengue,10,2,39476
W09,Ward_9,8.50325399138666,77.08522580845849,2018,11,Dengue,4,0,39476
W09,Ward_9,8.50325399138666,77.08522580845849,2018,12,Dengue,4,0,39476
W09,Ward_9,8.50325399138666,77.08522580845849,2019,1,Dengue,4,0,39476
W09,Ward_9,8.50325399138666,77.08522580845849,2019,2,Dengue,11,2,39476
W09,Ward_9,8.50325399138666,77.08522580845849,2019,3,Dengue,3,0,39476
W09,Ward_9,8.50325399138666,77.08522580845849,2019,4,Dengue,10,2,39476
W09,Ward_9,8.50325399138666,77.08522580845849,2019,5,Dengue,2,0,39476
W09,Ward_9,8.50325399138666,77.08522580845849,2019,6,Dengue,21,5,39476
W09,Ward_9,8.50325399138666,77.08522580845849,2019,7,Dengue,24,3,39476
W09,Ward_9,8.50325399138666,77.08522580845849,2019,8,Dengue,19,3,39476
W09,Ward_9,8.50325399138666,77.08522580845849,2019,9,Dengue,27,4,39476
W09,Ward_9,8.50325399138666,77.08522580845849,2019,10,Dengue,4,0,39476
W09,Ward_9,8.50325399138666,77.08522580845849,2019,11,Dengue,4,0,39476
W09,Ward_9,8.50325399138666,77.08522580845849,2019,12,Dengue,1,0,39476
W09,Ward_9,8.50325399138666,77.08522580845849,2020,1,Dengue,2,0,39476
W09,Ward_9,8.50325399138666,77.08522580845849,2020,2,Dengue,4,0,39476
W09,Ward_9,8.50325399138666,77.08522580845849,2020,3,Dengue,4,0,39476
W09,Ward_9,8.50325399138666,77.08522580845849,2020,4,Dengue,6,0,39476
W09,Ward_9,8.50325399138666,77.08522580845849,2020,5,Dengue,6,0,39476
W09,Ward_9,8.50325399138666,77.08522580845849,2020,6,Dengue,15,2,39476
W09,Ward_9,8.50325399138666,77.08522580845849,2020,7,Dengue,15,1,39476
W09,Ward_9,8.50325399138666,77.08522580845849,2020,8,Dengue,21,5,39476
W09,Ward_9,8.50325399138666,77.08522580845849,2020,9,Dengue,20,3,39476
W09,Ward_9,8.50325399138666,77.08522580845849,2020,10,Dengue,4,0,39476
W09,Ward_9,8.50325399138666,77.08522580845849,2020,11,Dengue,13,1,39476
W09,Ward_9,8.50325399138666,77.08522580845849,2020,12,Dengue,5,1,39476
W09,Ward_9,8.50325399138666,77.08522580845849,2021,1,Dengue,9,1,39476
W09,Ward_9,8.50325399138666,77.08522580845849,2021,2,Dengue,3,0,39476
W09,Ward_9,8.50325399138666,77.08522580845849,2021,3,Dengue,6,0,39476
W09,Ward_9,8.50325399138666,77.08522580845849,2021,4,Dengue,4,0,39476
W09,Ward_9,8.50325399138666,77.08522580845849,2021,5,Dengue,6,1,39476
W09,Ward_9,8.50325399138666,77.08522580845849,2021,6,Dengue,23,4,39476
W09,Ward_9,8.50325399138666,77.08522580845849,2021,7,Dengue,20,4,39476
W09,Ward_9,8.50325399138666,77.08522580845849,2021,8,Dengue,18,3,39476
W09,Ward_9,8.50325399138666,77.08522580845849,2021,9,Dengue,22,2,39476
W09,Ward_9,8.50325399138666,77.08522580845849,2021,10,Dengue,5,0,39476
W09,Ward_9,8.50325399138666,77.08522580845849,2021,11,Dengue,9,1,39476
W09,Ward_9,8.50325399138666,77.08522580845849,2021,12,Dengue,6,1,39476
W09,Ward_9,8.50325399138666,77.08522580845849,2022,1,Dengue,7,1,39476
W09,Ward_9,8.50325399138666,77.08522580845849,2022,2,Dengue,3,0,39476
W09,Ward_9,8.50325399138666,77.08522580845849,2022,3,Dengue,2,0,39476
W09,Ward_9,8.50325399138666,77.08522580845849,2022,4,Dengue,6,0,39476
W09,Ward_9,8.50325399138666,77.08522580845849,2022,5,Dengue,7,0,39476
W09,Ward_9,8.50325399138666,77.08522580845849,2022,6,Dengue,14,3,39476
W09,Ward_9,8.50325399138666,77.08522580845849,2022,7,Dengue,29,3,39476
W09,Ward_9,8.50325399138666,77.08522580845849,2022,8,Dengue,14,2,39476
W09,Ward_9,8.50325399138666,77.08522580845849,2022,9,Dengue,16,2,39476
W09,Ward_9,8.50325399138666,77.08522580845849,2022,10,Dengue,2,0,39476
W09,Ward_9,8.50325399138666,77.08522580845849,2022,11,Dengue,5,1,39476
W09,Ward_9,8.50325399138666,77.08522580845849,2022,12,Dengue,9,1,39476
W09,Ward_9,8.50325399138666,77.08522580845849,2023,1,Dengue,7,1,39476
W09,Ward_9,8.50325399138666,77.08522580845849,2023,2,Dengue,5,0,39476
W09,Ward_9,8.50325399138666,77.08522580845849,2023,3,Dengue,2,0,39476
W09,Ward_9,8.50325399138666,77.08522580845849,2023,4,Dengue,2,0,39476
W09,Ward_9,8.50325399138666,77.08522580845849,2023,5,Dengue,5,0,39476
W09,Ward_9,8.50325399138666,77.08522580845849,2023,6,Dengue,24,2,39476
W09,Ward_9,8.50325399138666,77.08522580845849,2023,7,Dengue,18,3,39476
W09,Ward_9,8.50325399138666,77.08522580845849,2023,8,Dengue,24,4,39476
W09,Ward_9,8.50325399138666,77.08522580845849,2023,9,Dengue,26,6,39476
W09,Ward_9,8.50325399138666,77.08522580845849,2023,10,Dengue,6,1,39476
W09,Ward_9,8.50325399138666,77.08522580845849,2023,11,Dengue,2,0,39476
W09,Ward_9,8.50325399138666,77.08522580845849,2023,12,Dengue,5,1,39476
W10,Ward_10,8.564179302201472,77.05932459893495,2018,1,Dengue,7,0,20454
W10,Ward_10,8.564179302201472,77.05932459893495,2018,2,Dengue,10,1,20454
W10,Ward_10,8.564179302201472,77.05932459893495,2018,3,Dengue,8,1,20454
W10,Ward_10,8.564179302201472,77.05932459893495,2018,4,Dengue,8,1,20454
W10,Ward_10,8.564179302201472,77.05932459893495,2018,5,Dengue,5,0,20454
W10,Ward_10,8.564179302201472,77.05932459893495,2018,6,Dengue,27,6,20454
W10,Ward_10,8.564179302201472,77.05932459893495,2018,7,Dengue,31,4,20454
W10,Ward_10,8.564179302201472,77.05932459893495,2018,8,Dengue,21,3,20454
W10,Ward_10,8.564179302201472,77.05932459893495,2018,9,Dengue,24,4,20454
W10,Ward_10,8.564179302201472,77.05932459893495,2018,10,Dengue,2,0,20454
W10,Ward_10,8.564179302201472,77.05932459893495,2018,11,Dengue,4,0,20454
W10,Ward_10,8.564179302201472,77.05932459893495,2018,12,Dengue,13,2,20454
W10,Ward_10,8.564179302201472,77.05932459893495,2019,1,Dengue,10,2,20454
W10,Ward_10,8.564179302201472,77.05932459893495,2019,2,Dengue,11,1,20454
W10,Ward_10,8.564179302201472,77.05932459893495,2019,3,Dengue,4,0,20454
W10,Ward_10,8.564179302201472,77.05932459893495,2019,4,Dengue,14,3,20454
W10,Ward_10,8.564179302201472,77.05932459893495,2019,5,Dengue,5,1,20454
W10,Ward_10,8.564179302201472,77.05932459893495,2019,6,Dengue,18,2,20454
W10,Ward_10,8.564179302201472,77.05932459893495,2019,7,Dengue,21,3,20454
W10,Ward_10,8.564179302201472,77.05932459893495,2019,8,Dengue,18,2,20454
W10,Ward_10,8.564179302201472,77.05932459893495,2019,9,Dengue,15,1,20454
W10,Ward_10,8.564179302201472,77.05932459893495,2019,10,Dengue,2,0,20454
W10,Ward_10,8.564179302201472,77.05932459893495,2019,11,Dengue,1,0,20454
W10,Ward_10,8.564179302201472,77.05932459893495,2019,12,Dengue,8,0,20454
W10,Ward_10,8.564179302201472,77.05932459893495,2020,1,Dengue,2,0,20454
W10,Ward_10,8.564179302201472,77.05932459893495,2020,2,Dengue,2,0,20454
W10,Ward_10,8.564179302201472,77.05932459893495,2020,3,Dengue,8,1,20454
W10,Ward_10,8.564179302201472,77.05932459893495,2020,4,Dengue,4,0,20454
W10,Ward_10,8.564179302201472,77.05932459893495,2020,5,Dengue,7,1,20454
W10,Ward_10,8.564179302201472,77.05932459893495,2020,6,Dengue,23,2,20454
W10,Ward_10,8.564179302201472,77.05932459893495,2020,7,Dengue,20,2,20454
W10,Ward_10,8.564179302201472,77.05932459893495,2020,8,Dengue,26,3,20454
W10,Ward_10,8.564179302201472,77.05932459893495,2020,9,Dengue,24,2,20454
W10,Ward_10,8.564179302201472,77.05932459893495,2020,10,Dengue,7,1,20454
W10,Ward_10,8.564179302201472,77.05932459893495,2020,11,Dengue,4,0,20454
W10,Ward_10,8.564179302201472,77.05932459893495,2020,12,Dengue,8,1,20454
W10,Ward_10,8.564179302201472,77.05932459893495,2021,1,Dengue,10,2,20454
W10,Ward_10,8.564179302201472,77.05932459893495,2021,2,Dengue,4,0,20454
W10,Ward_10,8.564179302201472,77.05932459893495,2021,3,Dengue,11,2,20454
W10,Ward_10,8.564179302201472,77.05932459893495,2021,4,Dengue,7,1,20454
W10,Ward_10,8.564179302201472,77.05932459893495,2021,5,Dengue,5,1,20454
W10,Ward_10,8.564179302201472,77.05932459893495,2021,6,Dengue,20,2,20454
W10,Ward_10,8.564179302201472,77.05932459893495,2021,7,Dengue,33,3,20454
W10,Ward_10,8.564179302201472,77.05932459893495,2021,8,Dengue,33,6,20454
W10,Ward_10,8.564179302201472,77.05932459893495,2021,9,Dengue,27,5,20454
W10,Ward_10,8.564179302201472,77.05932459893495,2021,10,Dengue,8,1,20454
W10,Ward_10,8.564179302201472,77.05932459893495,2021,11,Dengue,4,0,20454
W10,Ward_10,8.564179302201472,77.05932459893495,2021,12,Dengue,5,1,20454
W10,Ward_10,8.564179302201472,77.05932459893495,2022,1,Dengue,2,0,20454
W10,Ward_10,8.564179302201472,77.05932459893495,2022,2,Dengue,2,0,20454
W10,Ward_10,8.564179302201472,77.05932459893495,2022,3,Dengue,7,1,20454
W10,Ward_10,8.564179302201472,77.05932459893495,2022,4,Dengue,5,0,20454
W10,Ward_10,8.564179302201472,77.05932459893495,2022,5,Dengue,7,1,20454
W10,Ward_10,8.564179302201472,77.05932459893495,2022,6,Dengue,31,6,20454
W10,Ward_10,8.564179302201472,77.05932459893495,2022,7,Dengue,39,3,20454
W10,Ward_10,8.564179302201472,77.05932459893495,2022,8,Dengue,21,4,20454
W10,Ward_10,8.564179302201472,77.05932459893495,2022,9,Dengue,29,2,20454
W10,Ward_10,8.564179302201472,77.05932459893495,2022,10,Dengue,7,0,20454
W10,Ward_10,8.564179302201472,77.05932459893495,2022,11,Dengue,10,1,20454
W10,Ward_10,8.564179302201472,77.05932459893495,2022,12,Dengue,4,0,20454
W10,Ward_10,8.564179302201472,77.05932459893495,2023,1,Dengue,8,1,20454
W10,Ward_10,8.564179302201472,77.05932459893495,2023,2,Dengue,4,0,20454
W10,Ward_10,8.564179302201472,77.05932459893495,2023,3,Dengue,11,1,20454
W10,Ward_10,8.564179302201472,77.05932459893495,2023,4,Dengue,7,0,20454
W10,Ward_10,8.564179302201472,77.05932459893495,2023,5,Dengue,13,1,20454
W10,Ward_10,8.564179302201472,77.05932459893495,2023,6,Dengue,24,5,20454
W10,Ward_10,8.564179302201472,77.05932459893495,2023,7,Dengue,20,4,20454
W10,Ward_10,8.564179302201472,77.05932459893495,2023,8,Dengue,17,3,20454
W10,Ward_10,8.564179302201472,77.05932459893495,2023,9,Dengue,26,2,20454
W10,Ward_10,8.564179302201472,77.05932459893495,2023,10,Dengue,5,1,20454
W10,Ward_10,8.564179302201472,77.05932459893495,2023,11,Dengue,4,0,20454
W10,Ward_10,8.564179302201472,77.05932459893495,2023,12,Dengue,11,2,20454
W11,Ward_11,8.78185794771097,76.78677728823511,2018,1,Dengue,17,3,23106
W11,Ward_11,8.78185794771097,76.78677728823511,2018,2,Dengue,9,1,23106
W11,Ward_11,8.78185794771097,76.78677728823511,2018,3,Dengue,3,0,23106
W11,Ward_11,8.78185794771097,76.78677728823511,2018,4,Dengue,6,1,23106
W11,Ward_11,8.78185794771097,76.78677728823511,2018,5,Dengue,9,1,23106
W11,Ward_11,8.78185794771097,76.78677728823511,2018,6,Dengue,21,3,23106
W11,Ward_11,8.78185794771097,76.78677728823511,2018,7,Dengue,19,2,23106
W11,Ward_11,8.78185794771097,76.78677728823511,2018,8,Dengue,21,2,23106
W11,Ward_11,8.78185794771097,76.78677728823511,2018,9,Dengue,30,3,23106
W11,Ward_11,8.78185794771097,76.78677728823511,2018,10,Dengue,3,0,23106
W11,Ward_11,8.78185794771097,76.78677728823511,2018,11,Dengue,8,1,23106
W11,Ward_11,8.78185794771097,76.78677728823511,2018,12,Dengue,12,1,23106
W11,Ward_11,8.78185794771097,76.78677728823511,2019,1,Dengue,8,1,23106
W11,Ward_11,8.78185794771097,76.78677728823511,2019,2,Dengue,11,2,23106
W11,Ward_11,8.78185794771097,76.78677728823511,2019,3,Dengue,3,0,23106
W11,Ward_11,8.78185794771097,76.78677728823511,2019,4,Dengue,4,0,23106
W11,Ward_11,8.78185794771097,76.78677728823511,2019,5,Dengue,4,0,23106
W11,Ward_11,8.78185794771097,76.78677728823511,2019,6,Dengue,19,3,23106
W11,Ward_11,8.78185794771097,76.78677728823511,2019,7,Dengue,37,6,23106
W11,Ward_11,8.78185794771097,76.78677728823511,2019,8,Dengue,22,3,23106
W11,Ward_11,8.78185794771097,76.78677728823511,2019,9,Dengue,16,3,23106
W11,Ward_11,8.78185794771097,76.78677728823511,2019,10,Dengue,3,0,23106
W11,Ward_11,8.78185794771097,76.78677728823511,2019,11,Dengue,4,0,23106
W11,Ward_11,8.78185794771097,76.78677728823511,2019,12,Dengue,6,1,23106
W11,Ward_11,8.78185794771097,76.78677728823511,2020,1,Dengue,4,0,23106
W11,Ward_11,8.78185794771097,76.78677728823511,2020,2,Dengue,12,2,23106
W11,Ward_11,8.78185794771097,76.78677728823511,2020,3,Dengue,1,0,23106
W11,Ward_11,8.78185794771097,76.78677728823511,2020,4,Dengue,6,1,23106
W11,Ward_11,8.78185794771097,76.78677728823511,2020,5,Dengue,12,2,23106
W11,Ward_11,8.78185794771097,76.78677728823511,2020,6,Dengue,33,4,23106
W11,Ward_11,8.78185794771097,76.78677728823511,2020,7,Dengue,33,7,23106
W11,Ward_11,8.78185794771097,76.78677728823511,2020,8,Dengue,17,3,23106
W11,Ward_11,8.78185794771097,76.78677728823511,2020,9,Dengue,21,3,23106
W11,Ward_11,8.78185794771097,76.78677728823511,2020,10,Dengue,6,1,23106
W11,Ward_11,8.78185794771097,76.78677728823511,2020,11,Dengue,6,1,23106
W11,Ward_11,8.78185794771097,76.78677728823511,2020,12,Dengue,3,0,23106
W11,Ward_11,8.78185794771097,76.78677728823511,2021,1,Dengue,8,1,23106
W11,Ward_11,8.78185794771097,76.78677728823511,2021,2,Dengue,14,1,23106
W11,Ward_11,8.78185794771097,76.78677728823511,2021,3,Dengue,8,1,23106
W11,Ward_11,8.78185794771097,76.78677728823511,2021,4,Dengue,11,2,23106
W11,Ward_11,8.78185794771097,76.78677728823511,2021,5,Dengue,4,0,23106
W11,Ward_11,8.78185794771097,76.78677728823511,2021,6,Dengue,27,4,23106
W11,Ward_11,8.78185794771097,76.78677728823511,2021,7,Dengue,25,5,23106
W11,Ward_11,8.78185794771097,76.78677728823511,2021,8,Dengue,33,7,23106
W11,Ward_11,8.78185794771097,76.78677728823511,2021,9,Dengue,25,4,23106
W11,Ward_11,8.78185794771097,76.78677728823511,2021,10,Dengue,4,0,23106
W11,Ward_11,8.78185794771097,76.78677728823511,2021,11,Dengue,3,0,23106
W11,Ward_11,8.78185794771097,76.78677728823511,2021,12,Dengue,8,1,23106
W11,Ward_11,8.78185794771097,76.78677728823511,2022,1,Dengue,6,0,23106
W11,Ward_11,8.78185794771097,76.78677728823511,2022,2,Dengue,6,0,23106
W11,Ward_11,8.78185794771097,76.78677728823511,2022,3,Dengue,3,0,23106
W11,Ward_11,8.78185794771097,76.78677728823511,2022,4,Dengue,6,0,23106
W11,Ward_11,8.78185794771097,76.78677728823511,2022,5,Dengue,8,1,23106
W11,Ward_11,8.78185794771097,76.78677728823511,2022,6,Dengue,24,3,23106
W11,Ward_11,8.78185794771097,76.78677728823511,2022,7,Dengue,21,4,23106
W11,Ward_11,8.78185794771097,76.78677728823511,2022,8,Dengue,25,4,23106
W11,Ward_11,8.78185794771097,76.78677728823511,2022,9,Dengue,30,6,23106
W11,Ward_11,8.78185794771097,76.78677728823511,2022,10,Dengue,8,1,23106
W11,Ward_11,8.78185794771097,76.78677728823511,2022,11,Dengue,8,1,23106
W11,Ward_11,8.78185794771097,76.78677728823511,2022,12,Dengue,9,1,23106
W11,Ward_11,8.78185794771097,76.78677728823511,2023,1,Dengue,4,0,23106
W11,Ward_11,8.78185794771097,76.78677728823511,2023,2,Dengue,1,0,23106
W11,Ward_11,8.78185794771097,76.78677728823511,2023,3,Dengue,1,0,23106
W11,Ward_11,8.78185794771097,76.78677728823511,2023,4,Dengue,4,0,23106
W11,Ward_11,8.78185794771097,76.78677728823511,2023,5,Dengue,8,1,23106
W11,Ward_11,8.78185794771097,76.78677728823511,2023,6,Dengue,21,3,23106
W11,Ward_11,8.78185794771097,76.78677728823511,2023,7,Dengue,14,3,23106
W11,Ward_11,8.78185794771097,76.78677728823511,2023,8,Dengue,27,5,23106
W11,Ward_11,8.78185794771097,76.78677728823511,2023,9,Dengue,25,3,23106
W11,Ward_11,8.78185794771097,76.78677728823511,2023,10,Dengue,4,0,23106
W11,Ward_11,8.78185794771097,76.78677728823511,2023,11,Dengue,14,3,23106
W11,Ward_11,8.78185794771097,76.78677728823511,2023,12,Dengue,8,1,23106
W12,Ward_12,8.403173549919305,77.13765875818262,2018,1,Dengue,11,1,33604
W12,Ward_12,8.403173549919305,77.13765875818262,2018,2,Dengue,5,1,33604
W12,Ward_12,8.403173549919305,77.13765875818262,2018,3,Dengue,10,2,33604
W12,Ward_12,8.403173549919305,77.13765875818262,2018,4,Dengue,7,1,33604
W12,Ward_12,8.403173549919305,77.13765875818262,2018,5,Dengue,8,1,33604
W12,Ward_12,8.403173549919305,77.13765875818262,2018,6,Dengue,25,4,33604
W12,Ward_12,8.403173549919305,77.13765875818262,2018,7,Dengue,30,6,33604
W12,Ward_12,8.403173549919305,77.13765875818262,2018,8,Dengue,28,4,33604
W12,Ward_12,8.403173549919305,77.13765875818262,2018,9,Dengue,17,3,33604
W12,Ward_12,8.403173549919305,77.13765875818262,2018,10,Dengue,5,0,33604
W12,Ward_12,8.403173549919305,77.13765875818262,2018,11,Dengue,7,1,33604
W12,Ward_12,8.403173549919305,77.13765875818262,2018,12,Dengue,10,1,33604
W12,Ward_12,8.403173549919305,77.13765875818262,2019,1,Dengue,4,0,33604
W12,Ward_12,8.403173549919305,77.13765875818262,2019,2,Dengue,10,1,33604
W12,Ward_12,8.403173549919305,77.13765875818262,2019,3,Dengue,11,1,33604
W12,Ward_12,8.403173549919305,77.13765875818262,2019,4,Dengue,4,0,33604
W12,Ward_12,8.403173549919305,77.13765875818262,2019,5,Dengue,5,1,33604
W12,Ward_12,8.403173549919305,77.13765875818262,2019,6,Dengue,37,4,33604
W12,Ward_12,8.403173549919305,77.13765875818262,2019,7,Dengue,25,3,33604
W12,Ward_12,8.403173549919305,77.13765875818262,2019,8,Dengue,27,3,33604
W12,Ward_12,8.403173549919305,77.13765875818262,2019,9,Dengue,20,2,33604
W12,Ward_12,8.403173549919305,77.13765875818262,2019,10,Dengue,4,0,33604
W12,Ward_12,8.403173549919305,77.13765875818262,2019,11,Dengue,5,1,33604
W12,Ward_12,8.403173549919305,77.13765875818262,2019,12,Dengue,12,2,33604
W12,Ward_12,8.403173549919305,77.13765875818262,2020,1,Dengue,1,0,33604
W12,Ward_12,8.403173549919305,77.13765875818262,2020,2,Dengue,5,0,33604
W12,Ward_12,8.403173549919305,77.13765875818262,2020,3,Dengue,2,0,33604
W12,Ward_12,8.403173549919305,77.13765875818262,2020,4,Dengue,10,1,33604
W12,Ward_12,8.403173549919305,77.13765875818262,2020,5,Dengue,4,0,33604
W12,Ward_12,8.403173549919305,77.13765875818262,2020,6,Dengue,18,2,33604
W12,Ward_12,8.403173549919305,77.13765875818262,2020,7,Dengue,28,3,33604
W12,Ward_12,8.403173549919305,77.13765875818262,2020,8,Dengue,35,7,33604
W12,Ward_12,8.403173549919305,77.13765875818262,2020,9,Dengue,25,6,33604
W12,Ward_12,8.403173549919305,77.13765875818262,2020,10,Dengue,5,0,33604
W12,Ward_12,8.403173549919305,77.13765875818262,2020,11,Dengue,11,1,33604
W12,Ward_12,8.403173549919305,77.13765875818262,2020,12,Dengue,5,0,33604
W12,Ward_12,8.403173549919305,77.13765875818262,2021,1,Dengue,7,1,33604
W12,Ward_12,8.403173549919305,77.13765875818262,2021,2,Dengue,2,0,33604
W12,Ward_12,8.403173549919305,77.13765875818262,2021,3,Dengue,4,0,33604
W12,Ward_12,8.403173549919305,77.13765875818262,2021,4,Dengue,7,1,33604
W12,Ward_12,8.403173549919305,77.13765875818262,2021,5,Dengue,4,0,33604
W12,Ward_12,8.403173549919305,77.13765875818262,2021,6,Dengue,28,3,33604
W12,Ward_12,8.403173549919305,77.13765875818262,2021,7,Dengue,22,4,33604
W12,Ward_12,8.403173549919305,77.13765875818262,2021,8,Dengue,22,4,33604
W12,Ward_12,8.403173549919305,77.13765875818262,2021,9,Dengue,31,3,33604
W12,Ward_12,8.403173549919305,77.13765875818262,2021,10,Dengue,5,1,33604
W12,Ward_12,8.403173549919305,77.13765875818262,2021,11,Dengue,7,0,33604
W12,Ward_12,8.403173549919305,77.13765875818262,2021,12,Dengue,4,0,33604
W12,Ward_12,8.403173549919305,77.13765875818262,2022,1,Dengue,4,0,33604
W12,Ward_12,8.403173549919305,77.13765875818262,2022,2,Dengue,2,0,33604
W12,Ward_12,8.403173549919305,77.13765875818262,2022,3,Dengue,1,0,33604
W12,Ward_12,8.403173549919305,77.13765875818262,2022,4,Dengue,4,0,33604
W12,Ward_12,8.403173549919305,77.13765875818262,2022,5,Dengue,8,0,33604
W12,Ward_12,8.403173549919305,77.13765875818262,2022,6,Dengue,35,5,33604
W12,Ward_12,8.403173549919305,77.13765875818262,2022,7,Dengue,30,7,33604
W12,Ward_12,8.403173549919305,77.13765875818262,2022,8,Dengue,30,6,33604
W12,Ward_12,8.403173549919305,77.13765875818262,2022,9,Dengue,11,1,33604
W12,Ward_12,8.403173549919305,77.13765875818262,2022,10,Dengue,10,1,33604
W12,Ward_12,8.403173549919305,77.13765875818262,2022,11,Dengue,15,3,33604
W12,Ward_12,8.403173549919305,77.13765875818262,2022,12,Dengue,5,0,33604
W12,Ward_12,8.403173549919305,77.13765875818262,2023,1,Dengue,8,1,33604
W12,Ward_12,8.403173549919305,77.13765875818262,2023,2,Dengue,12,2,33604
W12,Ward_12,8.403173549919305,77.13765875818262,2023,3,Dengue,4,0,33604
W12,Ward_12,8.403173549919305,77.13765875818262,2023,4,Dengue,4,0,33604
W12,Ward_12,8.403173549919305,77.13765875818262,2023,5,Dengue,11,2,33604
W12,Ward_12,8.403173549919305,77.13765875818262,2023,6,Dengue,17,3,33604
W12,Ward_12,8.403173549919305,77.13765875818262,2023,7,Dengue,27,4,33604
W12,Ward_12,8.403173549919305,77.13765875818262,2023,8,Dengue,32,7,33604
W12,Ward_12,8.403173549919305,77.13765875818262,2023,9,Dengue,15,3,33604
W12,Ward_12,8.403173549919305,77.13765875818262,2023,10,Dengue,5,0,33604
W12,Ward_12,8.403173549919305,77.13765875818262,2023,11,Dengue,2,0,33604
W12,Ward_12,8.403173549919305,77.13765875818262,2023,12,Dengue,12,2,33604
W13,Ward_13,8.432526299153343,77.01667489922357,2018,1,Dengue,4,0,28968
W13,Ward_13,8.432526299153343,77.01667489922357,2018,2,Dengue,5,1,28968
W13,Ward_13,8.432526299153343,77.01667489922357,2018,3,Dengue,4,0,28968
W13,Ward_13,8.432526299153343,77.01667489922357,2018,4,Dengue,6,1,28968
W13,Ward_13,8.432526299153343,77.01667489922357,2018,5,Dengue,8,1,28968
W13,Ward_13,8.432526299153343,77.01667489922357,2018,6,Dengue,22,4,28968
W13,Ward_13,8.432526299153343,77.01667489922357,2018,7,Dengue,22,2,28968
W13,Ward_13,8.432526299153343,77.01667489922357,2018,8,Dengue,13,2,28968
W13,Ward_13,8.432526299153343,77.01667489922357,2018,9,Dengue,22,3,28968
W13,Ward_13,8.432526299153343,77.01667489922357,2018,10,Dengue,8,1,28968
W13,Ward_13,8.432526299153343,77.01667489922357,2018,11,Dengue,11,2,28968
W13,Ward_13,8.432526299153343,77.01667489922357,2018,12,Dengue,5,1,28968
W13,Ward_13,8.432526299153343,77.01667489922357,2019,1,Dengue,8,1,28968
W13,Ward_13,8.432526299153343,77.01667489922357,2019,2,Dengue,9,1,28968
W13,Ward_13,8.432526299153343,77.01667489922357,2019,3,Dengue,2,0,28968
W13,Ward_13,8.432526299153343,77.01667489922357,2019,4,Dengue,4,0,28968
W13,Ward_13,8.432526299153343,77.01667489922357,2019,5,Dengue,4,0,28968
W13,Ward_13,8.432526299153343,77.01667489922357,2019,6,Dengue,25,5,28968
W13,Ward_13,8.432526299153343,77.01667489922357,2019,7,Dengue,31,3,28968
W13,Ward_13,8.432526299153343,77.01667489922357,2019,8,Dengue,29,3,28968
W13,Ward_13,8.432526299153343,77.01667489922357,2019,9,Dengue,25,5,28968
W13,Ward_13,8.432526299153343,77.01667489922357,2019,10,Dengue,8,1,28968
W13,Ward_13,8.432526299153343,77.01667489922357,2019,11,Dengue,8,1,28968
W13,Ward_13,8.432526299153343,77.01667489922357,2019,12,Dengue,11,1,28968
W13,Ward_13,8.432526299153343,77.01667489922357,2020,1,Dengue,2,0,28968
W13,Ward_13,8.432526299153343,77.01667489922357,2020,2,Dengue,6,1,28968
W13,Ward_13,8.432526299153343,77.01667489922357,2020,3,Dengue,6,1,28968
W13,Ward_13,8.432526299153343,77.01667489922357,2020,4,Dengue,5,0,28968
W13,Ward_13,8.432526299153343,77.01667489922357,2020,5,Dengue,5,0,28968
W13,Ward_13,8.432526299153343,77.01667489922357,2020,6,Dengue,23,4,28968
W13,Ward_13,8.432526299153343,77.01667489922357,2020,7,Dengue,27,5,28968
W13,Ward_13,8.432526299153343,77.01667489922357,2020,8,Dengue,25,3,28968
W13,Ward_13,8.432526299153343,77.01667489922357,2020,9,Dengue,26,3,28968
W13,Ward_13,8.432526299153343,77.01667489922357,2020,10,Dengue,5,0,28968
W13,Ward_13,8.432526299153343,77.01667489922357,2020,11,Dengue,8,1,28968
W13,Ward_13,8.432526299153343,77.01667489922357,2020,12,Dengue,5,1,28968
W13,Ward_13,8.432526299153343,77.01667489922357,2021,1,Dengue,6,1,28968
W13,Ward_13,8.432526299153343,77.01667489922357,2021,2,Dengue,9,1,28968
W13,Ward_13,8.432526299153343,77.01667489922357,2021,3,Dengue,6,1,28968
W13,Ward_13,8.432526299153343,77.01667489922357,2021,4,Dengue,4,0,28968
W13,Ward_13,8.432526299153343,77.01667489922357,2021,5,Dengue,8,1,28968
W13,Ward_13,8.432526299153343,77.01667489922357,2021,6,Dengue,19,2,28968
W13,Ward_13,8.432526299153343,77.01667489922357,2021,7,Dengue,22,2,28968
W13,Ward_13,8.432526299153343,77.01667489922357,2021,8,Dengue,23,2,28968
W13,Ward_13,8.432526299153343,77.01667489922357,2021,9,Dengue,23,3,28968
W13,Ward_13,8.432526299153343,77.01667489922357,2021,10,Dengue,8,0,28968
W13,Ward_13,8.432526299153343,77.01667489922357,2021,11,Dengue,1,0,28968
W13,Ward_13,8.432526299153343,77.01667489922357,2021,12,Dengue,6,1,28968
W13,Ward_13,8.432526299153343,77.01667489922357,2022,1,Dengue,11,2,28968
W13,Ward_13,8.432526299153343,77.01667489922357,2022,2,Dengue,4,0,28968
W13,Ward_13,8.432526299153343,77.01667489922357,2022,3,Dengue,12,1,28968
W13,Ward_13,8.432526299153343,77.01667489922357,2022,4,Dengue,4,0,28968
W13,Ward_13,8.432526299153343,77.01667489922357,2022,5,Dengue,9,1,28968
W13,Ward_13,8.432526299153343,77.01667489922357,2022,6,Dengue,27,3,28968
W13,Ward_13,8.432526299153343,77.01667489922357,2022,7,Dengue,15,1,28968
W13,Ward_13,8.432526299153343,77.01667489922357,2022,8,Dengue,12,1,28968
W13,Ward_13,8.432526299153343,77.01667489922357,2022,9,Dengue,20,4,28968
W13,Ward_13,8.432526299153343,77.01667489922357,2022,10,Dengue,4,0,28968
W13,Ward_13,8.432526299153343,77.01667489922357,2022,11,Dengue,2,0,28968
W13,Ward_13,8.432526299153343,77.01667489922357,2022,12,Dengue,8,0,28968
W13,Ward_13,8.432526299153343,77.01667489922357,2023,1,Dengue,5,1,28968
W13,Ward_13,8.432526299153343,77.01667489922357,2023,2,Dengue,9,1,28968
W13,Ward_13,8.432526299153343,77.01667489922357,2023,3,Dengue,8,1,28968
W13,Ward_13,8.432526299153343,77.01667489922357,2023,4,Dengue,5,0,28968
W13,Ward_13,8.432526299153343,77.01667489922357,2023,5,Dengue,4,0,28968
W13,Ward_13,8.432526299153343,77.01667489922357,2023,6,Dengue,29,6,28968
W13,Ward_13,8.432526299153343,77.01667489922357,2023,7,Dengue,25,4,28968
W13,Ward_13,8.432526299153343,77.01667489922357,2023,8,Dengue,27,4,28968
W13,Ward_13,8.432526299153343,77.01667489922357,2023,9,Dengue,22,2,28968
W13,Ward_13,8.432526299153343,77.01667489922357,2023,10,Dengue,9,2,28968
W13,Ward_13,8.432526299153343,77.01667489922357,2023,11,Dengue,2,0,28968
W13,Ward_13,8.432526299153343,77.01667489922357,2023,12,Dengue,4,0,28968
W14,Ward_14,8.61946600155543,76.89872839903106,2018,1,Dengue,6,0,20171
W14,Ward_14,8.61946600155543,76.89872839903106,2018,2,Dengue,1,0,20171
W14,Ward_14,8.61946600155543,76.89872839903106,2018,3,Dengue,5,1,20171
W14,Ward_14,8.61946600155543,76.89872839903106,2018,4,Dengue,0,0,20171
W14,Ward_14,8.61946600155543,76.89872839903106,2018,5,Dengue,8,1,20171
W14,Ward_14,8.61946600155543,76.89872839903106,2018,6,Dengue,18,2,20171
W14,Ward_14,8.61946600155543,76.89872839903106,2018,7,Dengue,20,2,20171
W14,Ward_14,8.61946600155543,76.89872839903106,2018,8,Dengue,17,3,20171
W14,Ward_14,8.61946600155543,76.89872839903106,2018,9,Dengue,23,4,20171
W14,Ward_14,8.61946600155543,76.89872839903106,2018,10,Dengue,1,0,20171
W14,Ward_14,8.61946600155543,76.89872839903106,2018,11,Dengue,3,0,20171
W14,Ward_14,8.61946600155543,76.89872839903106,2018,12,Dengue,4,0,20171
W14,Ward_14,8.61946600155543,76.89872839903106,2019,1,Dengue,6,0,20171
W14,Ward_14,8.61946600155543,76.89872839903106,2019,2,Dengue,2,0,20171
W14,Ward_14,8.61946600155543,76.89872839903106,2019,3,Dengue,3,0,20171
W14,Ward_14,8.61946600155543,76.89872839903106,2019,4,Dengue,7,0,20171
W14,Ward_14,8.61946600155543,76.89872839903106,2019,5,Dengue,1,0,20171
W14,Ward_14,8.61946600155543,76.89872839903106,2019,6,Dengue,18,3,20171
W14,Ward_14,8.61946600155543,76.89872839903106,2019,7,Dengue,11,1,20171
W14,Ward_14,8.61946600155543,76.89872839903106,2019,8,Dengue,19,4,20171
W14,Ward_14,8.61946600155543,76.89872839903106,2019,9,Dengue,14,3,20171
W14,Ward_14,8.61946600155543,76.89872839903106,2019,10,Dengue,5,1,20171
W14,Ward_14,8.61946600155543,76.89872839903106,2019,11,Dengue,6,0,20171
W14,Ward_14,8.61946600155543,76.89872839903106,2019,12,Dengue,3,0,20171
W14,Ward_14,8.61946600155543,76.89872839903106,2020,1,Dengue,3,0,20171
W14,Ward_14,8.61946600155543,76.89872839903106,2020,2,Dengue,5,0,20171
W14,Ward_14,8.61946600155543,76.89872839903106,2020,3,Dengue,1,0,20171
W14,Ward_14,8.61946600155543,76.89872839903106,2020,4,Dengue,6,0,20171
W14,Ward_14,8.61946600155543,76.89872839903106,2020,5,Dengue,4,0,20171
W14,Ward_14,8.61946600155543,76.89872839903106,2020,6,Dengue,21,2,20171
W14,Ward_14,8.61946600155543,76.89872839903106,2020,7,Dengue,22,3,20171
W14,Ward_14,8.61946600155543,76.89872839903106,2020,8,Dengue,18,3,20171
W14,Ward_14,8.61946600155543,76.89872839903106,2020,9,Dengue,18,2,20171
W14,Ward_14,8.61946600155543,76.89872839903106,2020,10,Dengue,1,0,20171
W14,Ward_14,8.61946600155543,76.89872839903106,2020,11,Dengue,0,0,20171
W14,Ward_14,8.61946600155543,76.89872839903106,2020,12,Dengue,4,0,20171
W14,Ward_14,8.61946600155543,76.89872839903106,2021,1,Dengue,5,0,20171
W14,Ward_14,8.61946600155543,76.89872839903106,2021,2,Dengue,5,0,20171
W14,Ward_14,8.61946600155543,76.89872839903106,2021,3,Dengue,6,1,20171
W14,Ward_14,8.61946600155543,76.89872839903106,2021,4,Dengue,2,0,20171
W14,Ward_14,8.61946600155543,76.89872839903106,2021,5,Dengue,4,0,20171
W14,Ward_14,8.61946600155543,76.89872839903106,2021,6,Dengue,20,4,20171
W14,Ward_14,8.61946600155543,76.89872839903106,2021,7,Dengue,12,1,20171
W14,Ward_14,8.61946600155543,76.89872839903106,2021,8,Dengue,12,2,20171
W14,Ward_14,8.61946600155543,76.89872839903106,2021,9,Dengue,20,3,20171
W14,Ward_14,8.61946600155543,76.89872839903106,2021,10,Dengue,5,1,20171
W14,Ward_14,8.61946600155543,76.89872839903106,2021,11,Dengue,4,0,20171
W14,Ward_14,8.61946600155543,76.89872839903106,2021,12,Dengue,4,0,20171
W14,Ward_14,8.61946600155543,76.89872839903106,2022,1,Dengue,1,0,20171
W14,Ward_14,8.61946600155543,76.89872839903106,2022,2,Dengue,2,0,20171
W14,Ward_14,8.61946600155543,76.89872839903106,2022,3,Dengue,7,0,20171
W14,Ward_14,8.61946600155543,76.89872839903106,2022,4,Dengue,5,1,20171
W14,Ward_14,8.61946600155543,76.89872839903106,2022,5,Dengue,7,1,20171
W14,Ward_14,8.61946600155543,76.89872839903106,2022,6,Dengue,19,3,20171
W14,Ward_14,8.61946600155543,76.89872839903106,2022,7,Dengue,14,3,20171
W14,Ward_14,8.61946600155543,76.89872839903106,2022,8,Dengue,26,6,20171
W14,Ward_14,8.61946600155543,76.89872839903106,2022,9,Dengue,20,2,20171
W14,Ward_14,8.61946600155543,76.89872839903106,2022,10,Dengue,5,0,20171
W14,Ward_14,8.61946600155543,76.89872839903106,2022,11,Dengue,4,0,20171
W14,Ward_14,8.61946600155543,76.89872839903106,2022,12,Dengue,0,0,20171
W14,Ward_14,8.61946600155543,76.89872839903106,2023,1,Dengue,7,1,20171
W14,Ward_14,8.61946600155543,76.89872839903106,2023,2,Dengue,3,0,20171
W14,Ward_14,8.61946600155543,76.89872839903106,2023,3,Dengue,3,0,20171
W14,Ward_14,8.61946600155543,76.89872839903106,2023,4,Dengue,5,0,20171
W14,Ward_14,8.61946600155543,76.89872839903106,2023,5,Dengue,6,0,20171
W14,Ward_14,8.61946600155543,76.89872839903106,2023,6,Dengue,15,1,20171
W14,Ward_14,8.61946600155543,76.89872839903106,2023,7,Dengue,15,3,20171
W14,Ward_14,8.61946600155543,76.89872839903106,2023,8,Dengue,17,2,20171
W14,Ward_14,8.61946600155543,76.89872839903106,2023,9,Dengue,21,4,20171
W14,Ward_14,8.61946600155543,76.89872839903106,2023,10,Dengue,4,0,20171
W14,Ward_14,8.61946600155543,76.89872839903106,2023,11,Dengue,4,0,20171
W14,Ward_14,8.61946600155543,76.89872839903106,2023,12,Dengue,5,0,20171
W15,Ward_15,8.633504800104193,77.01109369954658,2018,1,Dengue,6,1,17073
W15,Ward_15,8.633504800104193,77.01109369954658,2018,2,Dengue,4,0,17073
W15,Ward_15,8.633504800104193,77.01109369954658,2018,3,Dengue,4,0,17073
W15,Ward_15,8.633504800104193,77.01109369954658,2018,4,Dengue,5,0,17073
W15,Ward_15,8.633504800104193,77.01109369954658,2018,5,Dengue,2,0,17073
W15,Ward_15,8.633504800104193,77.01109369954658,2018,6,Dengue,24,2,17073
W15,Ward_15,8.633504800104193,77.01109369954658,2018,7,Dengue,16,3,17073
W15,Ward_15,8.633504800104193,77.01109369954658,2018,8,Dengue,19,4,17073
W15,Ward_15,8.633504800104193,77.01109369954658,2018,9,Dengue,19,4,17073
W15,Ward_15,8.633504800104193,77.01109369954658,2018,10,Dengue,3,0,17073
W15,Ward_15,8.633504800104193,77.01109369954658,2018,11,Dengue,5,1,17073
W15,Ward_15,8.633504800104193,77.01109369954658,2018,12,Dengue,8,1,17073
W15,Ward_15,8.633504800104193,77.01109369954658,2019,1,Dengue,1,0,17073
W15,Ward_15,8.633504800104193,77.01109369954658,2019,2,Dengue,2,0,17073
W15,Ward_15,8.633504800104193,77.01109369954658,2019,3,Dengue,6,0,17073
W15,Ward_15,8.633504800104193,77.01109369954658,2019,4,Dengue,5,1,17073
W15,Ward_15,8.633504800104193,77.01109369954658,2019,5,Dengue,5,0,17073
W15,Ward_15,8.633504800104193,77.01109369954658,2019,6,Dengue,23,2,17073
W15,Ward_15,8.633504800104193,77.01109369954658,2019,7,Dengue,26,4,17073
W15,Ward_15,8.633504800104193,77.01109369954658,2019,8,Dengue,8,1,17073
W15,Ward_15,8.633504800104193,77.01109369954658,2019,9,Dengue,23,3,17073
W15,Ward_15,8.633504800104193,77.01109369954658,2019,10,Dengue,6,1,17073
W15,Ward_15,8.633504800104193,77.01109369954658,2019,11,Dengue,8,1,17073
W15,Ward_15,8.633504800104193,77.01109369954658,2019,12,Dengue,1,0,17073
W15,Ward_15,8.633504800104193,77.01109369954658,2020,1,Dengue,9,1,17073
W15,Ward_15,8.633504800104193,77.01109369954658,2020,2,Dengue,5,0,17073
W15,Ward_15,8.633504800104193,77.01109369954658,2020,3,Dengue,3,0,17073
W15,Ward_15,8.633504800104193,77.01109369954658,2020,4,Dengue,9,1,17073
W15,Ward_15,8.633504800104193,77.01109369954658,2020,5,Dengue,0,0,17073
W15,Ward_15,8.633504800104193,77.01109369954658,2020,6,Dengue,29,3,17073
W15,Ward_15,8.633504800104193,77.01109369954658,2020,7,Dengue,19,1,17073
W15,Ward_15,8.633504800104193,77.01109369954658,2020,8,Dengue,12,1,17073
W15,Ward_15,8.633504800104193,77.01109369954658,2020,9,Dengue,18,1,17073
W15,Ward_15,8.633504800104193,77.01109369954658,2020,10,Dengue,4,0,17073
W15,Ward_15,8.633504800104193,77.01109369954658,2020,11,Dengue,3,0,17073
W15,Ward_15,8.633504800104193,77.01109369954658,2020,12,Dengue,6,1,17073
W15,Ward_15,8.633504800104193,77.01109369954658,2021,1,Dengue,11,2,17073
W15,Ward_15,8.633504800104193,77.01109369954658,2021,2,Dengue,5,0,17073
W15,Ward_15,8.633504800104193,77.01109369954658,2021,3,Dengue,4,0,17073
W15,Ward_15,8.633504800104193,77.01109369954658,2021,4,Dengue,4,0,17073
W15,Ward_15,8.633504800104193,77.01109369954658,2021,5,Dengue,9,2,17073
W15,Ward_15,8.633504800104193,77.01109369954658,2021,6,Dengue,19,2,17073
W15,Ward_15,8.633504800104193,77.01109369954658,2021,7,Dengue,17,2,17073
W15,Ward_15,8.633504800104193,77.01109369954658,2021,8,Dengue,13,2,17073
W15,Ward_15,8.633504800104193,77.01109369954658,2021,9,Dengue,24,2,17073
W15,Ward_15,8.633504800104193,77.01109369954658,2021,10,Dengue,4,0,17073
W15,Ward_15,8.633504800104193,77.01109369954658,2021,11,Dengue,3,0,17073
W15,Ward_15,8.633504800104193,77.01109369954658,2021,12,Dengue,6,1,17073
W15,Ward_15,8.633504800104193,77.01109369954658,2022,1,Dengue,5,1,17073
W15,Ward_15,8.633504800104193,77.01109369954658,2022,2,Dengue,6,0,17073
W15,Ward_15,8.633504800104193,77.01109369954658,2022,3,Dengue,5,0,17073
W15,Ward_15,8.633504800104193,77.01109369954658,2022,4,Dengue,8,1,17073
W15,Ward_15,8.633504800104193,77.01109369954658,2022,5,Dengue,3,0,17073
W15,Ward_15,8.633504800104193,77.01109369954658,2022,6,Dengue,23,3,17073
W15,Ward_15,8.633504800104193,77.01109369954658,2022,7,Dengue,17,2,17073
W15,Ward_15,8.633504800104193,77.01109369954658,2022,8,Dengue,27,6,17073
W15,Ward_15,8.633504800104193,77.01109369954658,2022,9,Dengue,22,4,17073
W15,Ward_15,8.633504800104193,77.01109369954658,2022,10,Dengue,4,0,17073
W15,Ward_15,8.633504800104193,77.01109369954658,2022,11,Dengue,3,0,17073
W15,Ward_15,8.633504800104193,77.01109369954658,2022,12,Dengue,2,0,17073
W15,Ward_15,8.633504800104193,77.01109369954658,2023,1,Dengue,5,1,17073
W15,Ward_15,8.633504800104193,77.01109369954658,2023,2,Dengue,10,1,17073
W15,Ward_15,8.633504800104193,77.01109369954658,2023,3,Dengue,5,1,17073
W15,Ward_15,8.633504800104193,77.01109369954658,2023,4,Dengue,4,0,17073
W15,Ward_15,8.633504800104193,77.01109369954658,2023,5,Dengue,4,0,17073
W15,Ward_15,8.633504800104193,77.01109369954658,2023,6,Dengue,20,4,17073
W15,Ward_15,8.633504800104193,77.01109369954658,2023,7,Dengue,15,2,17073
W15,Ward_15,8.633504800104193,77.01109369954658,2023,8,Dengue,19,2,17073
W15,Ward_15,8.633504800104193,77.01109369954658,2023,9,Dengue,16,2,17073
W15,Ward_15,8.633504800104193,77.01109369954658,2023,10,Dengue,3,0,17073
W15,Ward_15,8.633504800104193,77.01109369954658,2023,11,Dengue,4,0,17073
W15,Ward_15,8.633504800104193,77.01109369954658,2023,12,Dengue,6,0,17073
W16,Ward_16,8.72004264588261,76.89800493352554,2018,1,Dengue,7,1,28777
W16,Ward_16,8.72004264588261,76.89800493352554,2018,2,Dengue,6,0,28777
W16,Ward_16,8.72004264588261,76.89800493352554,2018,3,Dengue,10,2,28777
W16,Ward_16,8.72004264588261,76.89800493352554,2018,4,Dengue,9,2,28777
W16,Ward_16,8.72004264588261,76.89800493352554,2018,5,Dengue,6,1,28777
W16,Ward_16,8.72004264588261,76.89800493352554,2018,6,Dengue,25,5,28777
W16,Ward_16,8.72004264588261,76.89800493352554,2018,7,Dengue,24,3,28777
W16,Ward_16,8.72004264588261,76.89800493352554,2018,8,Dengue,24,5,28777
W16,Ward_16,8.72004264588261,76.89800493352554,2018,9,Dengue,24,4,28777
W16,Ward_16,8.72004264588261,76.89800493352554,2018,10,Dengue,9,1,28777
W16,Ward_16,8.72004264588261,76.89800493352554,2018,11,Dengue,6,1,28777
W16,Ward_16,8.72004264588261,76.89800493352554,2018,12,Dengue,4,0,28777
W16,Ward_16,8.72004264588261,76.89800493352554,2019,1,Dengue,7,1,28777
W16,Ward_16,8.72004264588261,76.89800493352554,2019,2,Dengue,9,1,28777
W16,Ward_16,8.72004264588261,76.89800493352554,2019,3,Dengue,4,0,28777
W16,Ward_16,8.72004264588261,76.89800493352554,2019,4,Dengue,7,1,28777
W16,Ward_16,8.72004264588261,76.89800493352554,2019,5,Dengue,4,0,28777
W16,Ward_16,8.72004264588261,76.89800493352554,2019,6,Dengue,25,3,28777
W16,Ward_16,8.72004264588261,76.89800493352554,2019,7,Dengue,19,4,28777
W16,Ward_16,8.72004264588261,76.89800493352554,2019,8,Dengue,30,7,28777
W16,Ward_16,8.72004264588261,76.89800493352554,2019,9,Dengue,37,3,28777
W16,Ward_16,8.72004264588261,76.89800493352554,2019,10,Dengue,9,1,28777
W16,Ward_16,8.72004264588261,76.89800493352554,2019,11,Dengue,9,1,28777
W16,Ward_16,8.72004264588261,76.89800493352554,2019,12,Dengue,12,2,28777
W16,Ward_16,8.72004264588261,76.89800493352554,2020,1,Dengue,6,0,28777
W16,Ward_16,8.72004264588261,76.89800493352554,2020,2,Dengue,7,0,28777
W16,Ward_16,8.72004264588261,76.89800493352554,2020,3,Dengue,10,1,28777
W16,Ward_16,8.72004264588261,76.89800493352554,2020,4,Dengue,9,2,28777
W16,Ward_16,8.72004264588261,76.89800493352554,2020,5,Dengue,9,1,28777
W16,Ward_16,8.72004264588261,76.89800493352554,2020,6,Dengue,22,4,28777
W16,Ward_16,8.72004264588261,76.89800493352554,2020,7,Dengue,27,4,28777
W16,Ward_16,8.72004264588261,76.89800493352554,2020,8,Dengue,25,5,28777
W16,Ward_16,8.72004264588261,76.89800493352554,2020,9,Dengue,21,3,28777
W16,Ward_16,8.72004264588261,76.89800493352554,2020,10,Dengue,3,0,28777
W16,Ward_16,8.72004264588261,76.89800493352554,2020,11,Dengue,6,0,28777
W16,Ward_16,8.72004264588261,76.89800493352554,2020,12,Dengue,15,1,28777
W16,Ward_16,8.72004264588261,76.89800493352554,2021,1,Dengue,4,0,28777
W16,Ward_16,8.72004264588261,76.89800493352554,2021,2,Dengue,10,1,28777
W16,Ward_16,8.72004264588261,76.89800493352554,2021,3,Dengue,4,0,28777
W16,Ward_16,8.72004264588261,76.89800493352554,2021,4,Dengue,4,0,28777
W16,Ward_16,8.72004264588261,76.89800493352554,2021,5,Dengue,9,1,28777
W16,Ward_16,8.72004264588261,76.89800493352554,2021,6,Dengue,27,6,28777
W16,Ward_16,8.72004264588261,76.89800493352554,2021,7,Dengue,19,2,28777
W16,Ward_16,8.72004264588261,76.89800493352554,2021,8,Dengue,33,3,28777
W16,Ward_16,8.72004264588261,76.89800493352554,2021,9,Dengue,34,7,28777
W16,Ward_16,8.72004264588261,76.89800493352554,2021,10,Dengue,4,0,28777
W16,Ward_16,8.72004264588261,76.89800493352554,2021,11,Dengue,9,2,28777
W16,Ward_16,8.72004264588261,76.89800493352554,2021,12,Dengue,4,0,28777
W16,Ward_16,8.72004264588261,76.89800493352554,2022,1,Dengue,6,0,28777
W16,Ward_16,8.72004264588261,76.89800493352554,2022,2,Dengue,9,1,28777
W16,Ward_16,8.72004264588261,76.89800493352554,2022,3,Dengue,4,0,28777
W16,Ward_16,8.72004264588261,76.89800493352554,2022,4,Dengue,6,0,28777
W16,Ward_16,8.72004264588261,76.89800493352554,2022,5,Dengue,7,1,28777
W16,Ward_16,8.72004264588261,76.89800493352554,2022,6,Dengue,31,6,28777
W16,Ward_16,8.72004264588261,76.89800493352554,2022,7,Dengue,25,2,28777
W16,Ward_16,8.72004264588261,76.89800493352554,2022,8,Dengue,21,3,28777
W16,Ward_16,8.72004264588261,76.89800493352554,2022,9,Dengue,22,5,28777
W16,Ward_16,8.72004264588261,76.89800493352554,2022,10,Dengue,4,0,28777
W16,Ward_16,8.72004264588261,76.89800493352554,2022,11,Dengue,9,1,28777
W16,Ward_16,8.72004264588261,76.89800493352554,2022,12,Dengue,9,1,28777
W16,Ward_16,8.72004264588261,76.89800493352554,2023,1,Dengue,7,1,28777
W16,Ward_16,8.72004264588261,76.89800493352554,2023,2,Dengue,12,1,28777
W16,Ward_16,8.72004264588261,76.89800493352554,2023,3,Dengue,9,1,28777
W16,Ward_16,8.72004264588261,76.89800493352554,2023,4,Dengue,15,3,28777
W16,Ward_16,8.72004264588261,76.89800493352554,2023,5,Dengue,4,0,28777
W16,Ward_16,8.72004264588261,76.89800493352554,2023,6,Dengue,24,3,28777
W16,Ward_16,8.72004264588261,76.89800493352554,2023,7,Dengue,28,4,28777
W16,Ward_16,8.72004264588261,76.89800493352554,2023,8,Dengue,31,6,28777
W16,Ward_16,8.72004264588261,76.89800493352554,2023,9,Dengue,19,2,28777
W16,Ward_16,8.72004264588261,76.89800493352554,2023,10,Dengue,4,0,28777
W16,Ward_16,8.72004264588261,76.89800493352554,2023,11,Dengue,9,1,28777
W16,Ward_16,8.72004264588261,76.89800493352554,2023,12,Dengue,3,0,28777
W17,Ward_17,8.449679398493734,77.19573870004841,2018,1,Dengue,6,1,34370
W17,Ward_17,8.449679398493734,77.19573870004841,2018,2,Dengue,1,0,34370
W17,Ward_17,8.449679398493734,77.19573870004841,2018,3,Dengue,4,0,34370
W17,Ward_17,8.449679398493734,77.19573870004841,2018,4,Dengue,3,0,34370
W17,Ward_17,8.449679398493734,77.19573870004841,2018,5,Dengue,4,0,34370
W17,Ward_17,8.449679398493734,77.19573870004841,2018,6,Dengue,19,3,34370
W17,Ward_17,8.449679398493734,77.19573870004841,2018,7,Dengue,20,3,34370
W17,Ward_17,8.449679398493734,77.19573870004841,2018,8,Dengue,21,2,34370
W17,Ward_17,8.449679398493734,77.19573870004841,2018,9,Dengue,12,2,34370
W17,Ward_17,8.449679398493734,77.19573870004841,2018,10,Dengue,4,0,34370
W17,Ward_17,8.449679398493734,77.19573870004841,2018,11,Dengue,8,1,34370
W17,Ward_17,8.449679398493734,77.19573870004841,2018,12,Dengue,4,0,34370
W17,Ward_17,8.449679398493734,77.19573870004841,2019,1,Dengue,4,0,34370
W17,Ward_17,8.449679398493734,77.19573870004841,2019,2,Dengue,3,0,34370
W17,Ward_17,8.449679398493734,77.19573870004841,2019,3,Dengue,1,0,34370
W17,Ward_17,8.449679398493734,77.19573870004841,2019,4,Dengue,4,0,34370
W17,Ward_17,8.449679398493734,77.19573870004841,2019,5,Dengue,5,0,34370
W17,Ward_17,8.449679398493734,77.19573870004841,2019,6,Dengue,18,2,34370
W17,Ward_17,8.449679398493734,77.19573870004841,2019,7,Dengue,12,2,34370
W17,Ward_17,8.449679398493734,77.19573870004841,2019,8,Dengue,18,3,34370
W17,Ward_17,8.449679398493734,77.19573870004841,2019,9,Dengue,17,1,34370
W17,Ward_17,8.449679398493734,77.19573870004841,2019,10,Dengue,3,0,34370
W17,Ward_17,8.449679398493734,77.19573870004841,2019,11,Dengue,7,1,34370
W17,Ward_17,8.449679398493734,77.19573870004841,2019,12,Dengue,4,0,34370
W17,Ward_17,8.449679398493734,77.19573870004841,2020,1,Dengue,3,0,34370
W17,Ward_17,8.449679398493734,77.19573870004841,2020,2,Dengue,7,1,34370
W17,Ward_17,8.449679398493734,77.19573870004841,2020,3,Dengue,4,0,34370
W17,Ward_17,8.449679398493734,77.19573870004841,2020,4,Dengue,6,1,34370
W17,Ward_17,8.449679398493734,77.19573870004841,2020,5,Dengue,2,0,34370
W17,Ward_17,8.449679398493734,77.19573870004841,2020,6,Dengue,19,2,34370
W17,Ward_17,8.449679398493734,77.19573870004841,2020,7,Dengue,14,1,34370
W17,Ward_17,8.449679398493734,77.19573870004841,2020,8,Dengue,16,1,34370
W17,Ward_17,8.449679398493734,77.19573870004841,2020,9,Dengue,16,1,34370
W17,Ward_17,8.449679398493734,77.19573870004841,2020,10,Dengue,5,1,34370
W17,Ward_17,8.449679398493734,77.19573870004841,2020,11,Dengue,2,0,34370
W17,Ward_17,8.449679398493734,77.19573870004841,2020,12,Dengue,7,1,34370
W17,Ward_17,8.449679398493734,77.19573870004841,2021,1,Dengue,2,0,34370
W17,Ward_17,8.449679398493734,77.19573870004841,2021,2,Dengue,4,0,34370
W17,Ward_17,8.449679398493734,77.19573870004841,2021,3,Dengue,6,1,34370
W17,Ward_17,8.449679398493734,77.19573870004841,2021,4,Dengue,3,0,34370
W17,Ward_17,8.449679398493734,77.19573870004841,2021,5,Dengue,3,0,34370
W17,Ward_17,8.449679398493734,77.19573870004841,2021,6,Dengue,16,1,34370
W17,Ward_17,8.449679398493734,77.19573870004841,2021,7,Dengue,14,1,34370
W17,Ward_17,8.449679398493734,77.19573870004841,2021,8,Dengue,20,4,34370
W17,Ward_17,8.449679398493734,77.19573870004841,2021,9,Dengue,10,2,34370
W17,Ward_17,8.449679398493734,77.19573870004841,2021,10,Dengue,4,0,34370
W17,Ward_17,8.449679398493734,77.19573870004841,2021,11,Dengue,7,1,34370
W17,Ward_17,8.449679398493734,77.19573870004841,2021,12,Dengue,4,0,34370
W17,Ward_17,8.449679398493734,77.19573870004841,2022,1,Dengue,6,1,34370
W17,Ward_17,8.449679398493734,77.19573870004841,2022,2,Dengue,6,1,34370
W17,Ward_17,8.449679398493734,77.19573870004841,2022,3,Dengue,6,0,34370
W17,Ward_17,8.449679398493734,77.19573870004841,2022,4,Dengue,3,0,34370
W17,Ward_17,8.449679398493734,77.19573870004841,2022,5,Dengue,2,0,34370
W17,Ward_17,8.449679398493734,77.19573870004841,2022,6,Dengue,13,1,34370
W17,Ward_17,8.449679398493734,77.19573870004841,2022,7,Dengue,21,3,34370
W17,Ward_17,8.449679398493734,77.19573870004841,2022,8,Dengue,17,1,34370
W17,Ward_17,8.449679398493734,77.19573870004841,2022,9,Dengue,20,3,34370
W17,Ward_17,8.449679398493734,77.19573870004841,2022,10,Dengue,7,0,34370
W17,Ward_17,8.449679398493734,77.19573870004841,2022,11,Dengue,4,0,34370
W17,Ward_17,8.449679398493734,77.19573870004841,2022,12,Dengue,5,0,34370
W17,Ward_17,8.449679398493734,77.19573870004841,2023,1,Dengue,1,0,34370
W17,Ward_17,8.449679398493734,77.19573870004841,2023,2,Dengue,4,0,34370
W17,Ward_17,8.449679398493734,77.19573870004841,2023,3,Dengue,1,0,34370
W17,Ward_17,8.449679398493734,77.19573870004841,2023,4,Dengue,4,0,34370
W17,Ward_17,8.449679398493734,77.19573870004841,2023,5,Dengue,3,0,34370
W17,Ward_17,8.449679398493734,77.19573870004841,2023,6,Dengue,16,1,34370
W17,Ward_17,8.449679398493734,77.19573870004841,2023,7,Dengue,19,2,34370
W17,Ward_17,8.449679398493734,77.19573870004841,2023,8,Dengue,14,3,34370
W17,Ward_17,8.449679398493734,77.19573870004841,2023,9,Dengue,18,4,34370
W17,Ward_17,8.449679398493734,77.19573870004841,2023,10,Dengue,5,0,34370
W17,Ward_17,8.449679398493734,77.19573870004841,2023,11,Dengue,4,0,34370
W17,Ward_17,8.449679398493734,77.19573870004841,2023,12,Dengue,1,0,34370
W18,Ward_18,8.7257408979779,76.75385140039043,2018,1,Dengue,7,0,31150
W18,Ward_18,8.7257408979779,76.75385140039043,2018,2,Dengue,7,1,31150
W18,Ward_18,8.7257408979779,76.75385140039043,2018,3,Dengue,9,1,31150
W18,Ward_18,8.7257408979779,76.75385140039043,2018,4,Dengue,10,1,31150
W18,Ward_18,8.7257408979779,76.75385140039043,2018,5,Dengue,12,1,31150
W18,Ward_18,8.7257408979779,76.75385140039043,2018,6,Dengue,31,6,31150
W18,Ward_18,8.7257408979779,76.75385140039043,2018,7,Dengue,26,3,31150
W18,Ward_18,8.7257408979779,76.75385140039043,2018,8,Dengue,28,4,31150
W18,Ward_18,8.7257408979779,76.75385140039043,2018,9,Dengue,32,5,31150
W18,Ward_18,8.7257408979779,76.75385140039043,2018,10,Dengue,9,1,31150
W18,Ward_18,8.7257408979779,76.75385140039043,2018,11,Dengue,10,1,31150
W18,Ward_18,8.7257408979779,76.75385140039043,2018,12,Dengue,10,1,31150
W18,Ward_18,8.7257408979779,76.75385140039043,2019,1,Dengue,6,0,31150
W18,Ward_18,8.7257408979779,76.75385140039043,2019,2,Dengue,6,1,31150
W18,Ward_18,8.7257408979779,76.75385140039043,2019,3,Dengue,12,1,31150
W18,Ward_18,8.7257408979779,76.75385140039043,2019,4,Dengue,9,1,31150
W18,Ward_18,8.7257408979779,76.75385140039043,2019,5,Dengue,4,0,31150
W18,Ward_18,8.7257408979779,76.75385140039043,2019,6,Dengue,26,6,31150
W18,Ward_18,8.7257408979779,76.75385140039043,2019,7,Dengue,18,2,31150
W18,Ward_18,8.7257408979779,76.75385140039043,2019,8,Dengue,36,7,31150
W18,Ward_18,8.7257408979779,76.75385140039043,2019,9,Dengue,23,3,31150
W18,Ward_18,8.7257408979779,76.75385140039043,2019,10,Dengue,3,0,31150
W18,Ward_18,8.7257408979779,76.75385140039043,2019,11,Dengue,6,1,31150
W18,Ward_18,8.7257408979779,76.75385140039043,2019,12,Dengue,3,0,31150
W18,Ward_18,8.7257408979779,76.75385140039043,2020,1,Dengue,6,0,31150
W18,Ward_18,8.7257408979779,76.75385140039043,2020,2,Dengue,7,0,31150
W18,Ward_18,8.7257408979779,76.75385140039043,2020,3,Dengue,6,0,31150
W18,Ward_18,8.7257408979779,76.75385140039043,2020,4,Dengue,6,1,31150
W18,Ward_18,8.7257408979779,76.75385140039043,2020,5,Dengue,6,1,31150
W18,Ward_18,8.7257408979779,76.75385140039043,2020,6,Dengue,18,2,31150
W18,Ward_18,8.7257408979779,76.75385140039043,2020,7,Dengue,37,8,31150
W18,Ward_18,8.7257408979779,76.75385140039043,2020,8,Dengue,36,7,31150
W18,Ward_18,8.7257408979779,76.75385140039043,2020,9,Dengue,28,4,31150
W18,Ward_18,8.7257408979779,76.75385140039043,2020,10,Dengue,3,0,31150
W18,Ward_18,8.7257408979779,76.75385140039043,2020,11,Dengue,9,1,31150
W18,Ward_18,8.7257408979779,76.75385140039043,2020,12,Dengue,6,1,31150
W18,Ward_18,8.7257408979779,76.75385140039043,2021,1,Dengue,6,0,31150
W18,Ward_18,8.7257408979779,76.75385140039043,2021,2,Dengue,10,1,31150
W18,Ward_18,8.7257408979779,76.75385140039043,2021,3,Dengue,6,1,31150
W18,Ward_18,8.7257408979779,76.75385140039043,2021,4,Dengue,12,2,31150
W18,Ward_18,8.7257408979779,76.75385140039043,2021,5,Dengue,10,1,31150
W18,Ward_18,8.7257408979779,76.75385140039043,2021,6,Dengue,17,2,31150
W18,Ward_18,8.7257408979779,76.75385140039043,2021,7,Dengue,17,2,31150
W18,Ward_18,8.7257408979779,76.75385140039043,2021,8,Dengue,29,4,31150
W18,Ward_18,8.7257408979779,76.75385140039043,2021,9,Dengue,29,4,31150
W18,Ward_18,8.7257408979779,76.75385140039043,2021,10,Dengue,7,1,31150
W18,Ward_18,8.7257408979779,76.75385140039043,2021,11,Dengue,4,0,31150
W18,Ward_18,8.7257408979779,76.75385140039043,2021,12,Dengue,6,0,31150
W18,Ward_18,8.7257408979779,76.75385140039043,2022,1,Dengue,7,1,31150
W18,Ward_18,8.7257408979779,76.75385140039043,2022,2,Dengue,9,1,31150
W18,Ward_18,8.7257408979779,76.75385140039043,2022,3,Dengue,9,1,31150
W18,Ward_18,8.7257408979779,76.75385140039043,2022,4,Dengue,7,0,31150
W18,Ward_18,8.7257408979779,76.75385140039043,2022,5,Dengue,3,0,31150
W18,Ward_18,8.7257408979779,76.75385140039043,2022,6,Dengue,23,4,31150
W18,Ward_18,8.7257408979779,76.75385140039043,2022,7,Dengue,15,2,31150
W18,Ward_18,8.7257408979779,76.75385140039043,2022,8,Dengue,25,4,31150
W18,Ward_18,8.7257408979779,76.75385140039043,2022,9,Dengue,23,2,31150
W18,Ward_18,8.7257408979779,76.75385140039043,2022,10,Dengue,12,1,31150
W18,Ward_18,8.7257408979779,76.75385140039043,2022,11,Dengue,10,1,31150
W18,Ward_18,8.7257408979779,76.75385140039043,2022,12,Dengue,6,0,31150
W18,Ward_18,8.7257408979779,76.75385140039043,2023,1,Dengue,3,0,31150
W18,Ward_18,8.7257408979779,76.75385140039043,2023,2,Dengue,6,0,31150
W18,Ward_18,8.7257408979779,76.75385140039043,2023,3,Dengue,9,1,31150
W18,Ward_18,8.7257408979779,76.75385140039043,2023,4,Dengue,4,0,31150
W18,Ward_18,8.7257408979779,76.75385140039043,2023,5,Dengue,7,1,31150
W18,Ward_18,8.7257408979779,76.75385140039043,2023,6,Dengue,42,6,31150
W18,Ward_18,8.7257408979779,76.75385140039043,2023,7,Dengue,29,4,31150
W18,Ward_18,8.7257408979779,76.75385140039043,2023,8,Dengue,21,2,31150
W18,Ward_18,8.7257408979779,76.75385140039043,2023,9,Dengue,25,4,31150
W18,Ward_18,8.7257408979779,76.75385140039043,2023,10,Dengue,10,1,31150
W18,Ward_18,8.7257408979779,76.75385140039043,2023,11,Dengue,10,1,31150
W18,Ward_18,8.7257408979779,76.75385140039043,2023,12,Dengue,4,0,31150
W19,Ward_19,8.390044399754823,77.16181749916764,2018,1,Dengue,7,1,19184
W19,Ward_19,8.390044399754823,77.16181749916764,2018,2,Dengue,8,1,19184
W19,Ward_19,8.390044399754823,77.16181749916764,2018,3,Dengue,2,0,19184
W19,Ward_19,8.390044399754823,77.16181749916764,2018,4,Dengue,0,0,19184
W19,Ward_19,8.390044399754823,77.16181749916764,2018,5,Dengue,4,0,19184
W19,Ward_19,8.390044399754823,77.16181749916764,2018,6,Dengue,17,2,19184
W19,Ward_19,8.390044399754823,77.16181749916764,2018,7,Dengue,20,2,19184
W19,Ward_19,8.390044399754823,77.16181749916764,2018,8,Dengue,13,2,19184
W19,Ward_19,8.390044399754823,77.16181749916764,2018,9,Dengue,23,5,19184
W19,Ward_19,8.390044399754823,77.16181749916764,2018,10,Dengue,0,0,19184
W19,Ward_19,8.390044399754823,77.16181749916764,2018,11,Dengue,4,0,19184
W19,Ward_19,8.390044399754823,77.16181749916764,2018,12,Dengue,3,0,19184
W19,Ward_19,8.390044399754823,77.16181749916764,2019,1,Dengue,6,1,19184
W19,Ward_19,8.390044399754823,77.16181749916764,2019,2,Dengue,7,1,19184
W19,Ward_19,8.390044399754823,77.16181749916764,2019,3,Dengue,3,0,19184
W19,Ward_19,8.390044399754823,77.16181749916764,2019,4,Dengue,1,0,19184
W19,Ward_19,8.390044399754823,77.16181749916764,2019,5,Dengue,2,0,19184
W19,Ward_19,8.390044399754823,77.16181749916764,2019,6,Dengue,17,2,19184
W19,Ward_19,8.390044399754823,77.16181749916764,2019,7,Dengue,18,2,19184
W19,Ward_19,8.390044399754823,77.16181749916764,2019,8,Dengue,20,4,19184
W19,Ward_19,8.390044399754823,77.16181749916764,2019,9,Dengue,19,3,19184
W19,Ward_19,8.390044399754823,77.16181749916764,2019,10,Dengue,3,0,19184
W19,Ward_19,8.390044399754823,77.16181749916764,2019,11,Dengue,9,2,19184
W19,Ward_19,8.390044399754823,77.16181749916764,2019,12,Dengue,0,0,19184
W19,Ward_19,8.390044399754823,77.16181749916764,2020,1,Dengue,5,0,19184
W19,Ward_19,8.390044399754823,77.16181749916764,2020,2,Dengue,5,0,19184
W19,Ward_19,8.390044399754823,77.16181749916764,2020,3,Dengue,6,0,19184
W19,Ward_19,8.390044399754823,77.16181749916764,2020,4,Dengue,3,0,19184
W19,Ward_19,8.390044399754823,77.16181749916764,2020,5,Dengue,3,0,19184
W19,Ward_19,8.390044399754823,77.16181749916764,2020,6,Dengue,24,2,19184
W19,Ward_19,8.390044399754823,77.16181749916764,2020,7,Dengue,16,2,19184
W19,Ward_19,8.390044399754823,77.16181749916764,2020,8,Dengue,17,1,19184
W19,Ward_19,8.390044399754823,77.16181749916764,2020,9,Dengue,21,4,19184
W19,Ward_19,8.390044399754823,77.16181749916764,2020,10,Dengue,3,0,19184
W19,Ward_19,8.390044399754823,77.16181749916764,2020,11,Dengue,5,0,19184
W19,Ward_19,8.390044399754823,77.16181749916764,2020,12,Dengue,2,0,19184
W19,Ward_19,8.390044399754823,77.16181749916764,2021,1,Dengue,5,0,19184
W19,Ward_19,8.390044399754823,77.16181749916764,2021,2,Dengue,4,0,19184
W19,Ward_19,8.390044399754823,77.16181749916764,2021,3,Dengue,4,0,19184
W19,Ward_19,8.390044399754823,77.16181749916764,2021,4,Dengue,3,0,19184
W19,Ward_19,8.390044399754823,77.16181749916764,2021,5,Dengue,1,0,19184
W19,Ward_19,8.390044399754823,77.16181749916764,2021,6,Dengue,24,4,19184
W19,Ward_19,8.390044399754823,77.16181749916764,2021,7,Dengue,18,2,19184
W19,Ward_19,8.390044399754823,77.16181749916764,2021,8,Dengue,19,1,19184
W19,Ward_19,8.390044399754823,77.16181749916764,2021,9,Dengue,25,3,19184
W19,Ward_19,8.390044399754823,77.16181749916764,2021,10,Dengue,1,0,19184
W19,Ward_19,8.390044399754823,77.16181749916764,2021,11,Dengue,1,0,19184
W19,Ward_19,8.390044399754823,77.16181749916764,2021,12,Dengue,1,0,19184
W19,Ward_19,8.390044399754823,77.16181749916764,2022,1,Dengue,0,0,19184
W19,Ward_19,8.390044399754823,77.16181749916764,2022,2,Dengue,5,0,19184
W19,Ward_19,8.390044399754823,77.16181749916764,2022,3,Dengue,6,0,19184
W19,Ward_19,8.390044399754823,77.16181749916764,2022,4,Dengue,3,0,19184
W19,Ward_19,8.390044399754823,77.16181749916764,2022,5,Dengue,4,0,19184
W19,Ward_19,8.390044399754823,77.16181749916764,2022,6,Dengue,21,4,19184
W19,Ward_19,8.390044399754823,77.16181749916764,2022,7,Dengue,17,1,19184
W19,Ward_19,8.390044399754823,77.16181749916764,2022,8,Dengue,14,3,19184
W19,Ward_19,8.390044399754823,77.16181749916764,2022,9,Dengue,14,2,19184
W19,Ward_19,8.390044399754823,77.16181749916764,2022,10,Dengue,2,0,19184
W19,Ward_19,8.390044399754823,77.16181749916764,2022,11,Dengue,0,0,19184
W19,Ward_19,8.390044399754823,77.16181749916764,2022,12,Dengue,4,0,19184
W19,Ward_19,8.390044399754823,77.16181749916764,2023,1,Dengue,4,0,19184
W19,Ward_19,8.390044399754823,77.16181749916764,2023,2,Dengue,1,0,19184
W19,Ward_19,8.390044399754823,77.16181749916764,2023,3,Dengue,4,0,19184
W19,Ward_19,8.390044399754823,77.16181749916764,2023,4,Dengue,4,0,19184
W19,Ward_19,8.390044399754823,77.16181749916764,2023,5,Dengue,5,1,19184
W19,Ward_19,8.390044399754823,77.16181749916764,2023,6,Dengue,16,3,19184
W19,Ward_19,8.390044399754823,77.16181749916764,2023,7,Dengue,16,1,19184
W19,Ward_19,8.390044399754823,77.16181749916764,2023,8,Dengue,19,2,19184
W19,Ward_19,8.390044399754823,77.16181749916764,2023,9,Dengue,16,3,19184
W19,Ward_19,8.390044399754823,77.16181749916764,2023,10,Dengue,2,0,19184
W19,Ward_19,8.390044399754823,77.16181749916764,2023,11,Dengue,6,0,19184
W19,Ward_19,8.390044399754823,77.16181749916764,2023,12,Dengue,6,0,19184
W20,Ward_20,8.673436763501801,76.75817974225045,2018,1,Dengue,7,1,38212
W20,Ward_20,8.673436763501801,76.75817974225045,2018,2,Dengue,5,1,38212
W20,Ward_20,8.673436763501801,76.75817974225045,2018,3,Dengue,5,0,38212
W20,Ward_20,8.673436763501801,76.75817974225045,2018,4,Dengue,6,1,38212
W20,Ward_20,8.673436763501801,76.75817974225045,2018,5,Dengue,7,0,38212
W20,Ward_20,8.673436763501801,76.75817974225045,2018,6,Dengue,26,4,38212
W20,Ward_20,8.673436763501801,76.75817974225045,2018,7,Dengue,22,4,38212
W20,Ward_20,8.673436763501801,76.75817974225045,2018,8,Dengue,26,3,38212
W20,Ward_20,8.673436763501801,76.75817974225045,2018,9,Dengue,19,2,38212
W20,Ward_20,8.673436763501801,76.75817974225045,2018,10,Dengue,5,1,38212
W20,Ward_20,8.673436763501801,76.75817974225045,2018,11,Dengue,6,1,38212
W20,Ward_20,8.673436763501801,76.75817974225045,2018,12,Dengue,5,1,38212
W20,Ward_20,8.673436763501801,76.75817974225045,2019,1,Dengue,11,1,38212
W20,Ward_20,8.673436763501801,76.75817974225045,2019,2,Dengue,7,0,38212
W20,Ward_20,8.673436763501801,76.75817974225045,2019,3,Dengue,5,1,38212
W20,Ward_20,8.673436763501801,76.75817974225045,2019,4,Dengue,5,0,38212
W20,Ward_20,8.673436763501801,76.75817974225045,2019,5,Dengue,3,0,38212
W20,Ward_20,8.673436763501801,76.75817974225045,2019,6,Dengue,26,4,38212
W20,Ward_20,8.673436763501801,76.75817974225045,2019,7,Dengue,21,3,38212
W20,Ward_20,8.673436763501801,76.75817974225045,2019,8,Dengue,25,3,38212
W20,Ward_20,8.673436763501801,76.75817974225045,2019,9,Dengue,35,8,38212
W20,Ward_20,8.673436763501801,76.75817974225045,2019,10,Dengue,2,0,38212
W20,Ward_20,8.673436763501801,76.75817974225045,2019,11,Dengue,9,1,38212
W20,Ward_20,8.673436763501801,76.75817974225045,2019,12,Dengue,5,0,38212
W20,Ward_20,8.673436763501801,76.75817974225045,2020,1,Dengue,9,1,38212
W20,Ward_20,8.673436763501801,76.75817974225045,2020,2,Dengue,6,1,38212
W20,Ward_20,8.673436763501801,76.75817974225045,2020,3,Dengue,7,1,38212
W20,Ward_20,8.673436763501801,76.75817974225045,2020,4,Dengue,9,1,38212
W20,Ward_20,8.673436763501801,76.75817974225045,2020,5,Dengue,3,0,38212
W20,Ward_20,8.673436763501801,76.75817974225045,2020,6,Dengue,15,2,38212
W20,Ward_20,8.673436763501801,76.75817974225045,2020,7,Dengue,18,3,38212
W20,Ward_20,8.673436763501801,76.75817974225045,2020,8,Dengue,26,4,38212
W20,Ward_20,8.673436763501801,76.75817974225045,2020,9,Dengue,38,5,38212
W20,Ward_20,8.673436763501801,76.75817974225045,2020,10,Dengue,6,0,38212
W20,Ward_20,8.673436763501801,76.75817974225045,2020,11,Dengue,6,1,38212
W20,Ward_20,8.673436763501801,76.75817974225045,2020,12,Dengue,9,1,38212
W20,Ward_20,8.673436763501801,76.75817974225045,2021,1,Dengue,3,0,38212
W20,Ward_20,8.673436763501801,76.75817974225045,2021,2,Dengue,7,1,38212
W20,Ward_20,8.673436763501801,76.75817974225045,2021,3,Dengue,3,0,38212
W20,Ward_20,8.673436763501801,76.75817974225045,2021,4,Dengue,3,0,38212
W20,Ward_20,8.673436763501801,76.75817974225045,2021,5,Dengue,7,0,38212
W20,Ward_20,8.673436763501801,76.75817974225045,2021,6,Dengue,21,4,38212
W20,Ward_20,8.673436763501801,76.75817974225045,2021,7,Dengue,19,2,38212
W20,Ward_20,8.673436763501801,76.75817974225045,2021,8,Dengue,18,4,38212
W20,Ward_20,8.673436763501801,76.75817974225045,2021,9,Dengue,21,2,38212
W20,Ward_20,8.673436763501801,76.75817974225045,2021,10,Dengue,2,0,38212
W20,Ward_20,8.673436763501801,76.75817974225045,2021,11,Dengue,2,0,38212
W20,Ward_20,8.673436763501801,76.75817974225045,2021,12,Dengue,7,0,38212
W20,Ward_20,8.673436763501801,76.75817974225045,2022,1,Dengue,5,0,38212
W20,Ward_20,8.673436763501801,76.75817974225045,2022,2,Dengue,7,1,38212
W20,Ward_20,8.673436763501801,76.75817974225045,2022,3,Dengue,7,1,38212
W20,Ward_20,8.673436763501801,76.75817974225045,2022,4,Dengue,10,1,38212
W20,Ward_20,8.673436763501801,76.75817974225045,2022,5,Dengue,7,0,38212
W20,Ward_20,8.673436763501801,76.75817974225045,2022,6,Dengue,27,6,38212
W20,Ward_20,8.673436763501801,76.75817974225045,2022,7,Dengue,21,4,38212
W20,Ward_20,8.673436763501801,76.75817974225045,2022,8,Dengue,21,2,38212
W20,Ward_20,8.673436763501801,76.75817974225045,2022,9,Dengue,25,5,38212
W20,Ward_20,8.673436763501801,76.75817974225045,2022,10,Dengue,3,0,38212
W20,Ward_20,8.673436763501801,76.75817974225045,2022,11,Dengue,7,0,38212
W20,Ward_20,8.673436763501801,76.75817974225045,2022,12,Dengue,5,1,38212
W20,Ward_20,8.673436763501801,76.75817974225045,2023,1,Dengue,6,0,38212
W20,Ward_20,8.673436763501801,76.75817974225045,2023,2,Dengue,2,0,38212
W20,Ward_20,8.673436763501801,76.75817974225045,2023,3,Dengue,5,0,38212
W20,Ward_20,8.673436763501801,76.75817974225045,2023,4,Dengue,3,0,38212
W20,Ward_20,8.673436763501801,76.75817974225045,2023,5,Dengue,6,0,38212
W20,Ward_20,8.673436763501801,76.75817974225045,2023,6,Dengue,30,6,38212
W20,Ward_20,8.673436763501801,76.75817974225045,2023,7,Dengue,25,4,38212
W20,Ward_20,8.673436763501801,76.75817974225045,2023,8,Dengue,29,6,38212
W20,Ward_20,8.673436763501801,76.75817974225045,2023,9,Dengue,23,5,38212
W20,Ward_20,8.673436763501801,76.75817974225045,2023,10,Dengue,9,1,38212
W20,Ward_20,8.673436763501801,76.75817974225045,2023,11,Dengue,6,0,38212
W20,Ward_20,8.673436763501801,76.75817974225045,2023,12,Dengue,3,0,38212
W21,Ward_21,8.600886549053886,76.87497685148898,2018,1,Dengue,1,0,36976
W21,Ward_21,8.600886549053886,76.87497685148898,2018,2,Dengue,6,1,36976
W21,Ward_21,8.600886549053886,76.87497685148898,2018,3,Dengue,5,0,36976
W21,Ward_21,8.600886549053886,76.87497685148898,2018,4,Dengue,4,0,36976
W21,Ward_21,8.600886549053886,76.87497685148898,2018,5,Dengue,8,1,36976
W21,Ward_21,8.600886549053886,76.87497685148898,2018,6,Dengue,17,3,36976
W21,Ward_21,8.600886549053886,76.87497685148898,2018,7,Dengue,17,3,36976
W21,Ward_21,8.600886549053886,76.87497685148898,2018,8,Dengue,25,5,36976
W21,Ward_21,8.600886549053886,76.87497685148898,2018,9,Dengue,25,2,36976
W21,Ward_21,8.600886549053886,76.87497685148898,2018,10,Dengue,0,0,36976
W21,Ward_21,8.600886549053886,76.87497685148898,2018,11,Dengue,9,1,36976
W21,Ward_21,8.600886549053886,76.87497685148898,2018,12,Dengue,6,1,36976
W21,Ward_21,8.600886549053886,76.87497685148898,2019,1,Dengue,2,0,36976
W21,Ward_21,8.600886549053886,76.87497685148898,2019,2,Dengue,5,0,36976
W21,Ward_21,8.600886549053886,76.87497685148898,2019,3,Dengue,3,0,36976
W21,Ward_21,8.600886549053886,76.87497685148898,2019,4,Dengue,4,0,36976
W21,Ward_21,8.600886549053886,76.87497685148898,2019,5,Dengue,9,1,36976
W21,Ward_21,8.600886549053886,76.87497685148898,2019,6,Dengue,19,4,36976
W21,Ward_21,8.600886549053886,76.87497685148898,2019,7,Dengue,12,2,36976
W21,Ward_21,8.600886549053886,76.87497685148898,2019,8,Dengue,31,3,36976
W21,Ward_21,8.600886549053886,76.87497685148898,2019,9,Dengue,9,2,36976
W21,Ward_21,8.600886549053886,76.87497685148898,2019,10,Dengue,6,0,36976
W21,Ward_21,8.600886549053886,76.87497685148898,2019,11,Dengue,2,0,36976
W21,Ward_21,8.600886549053886,76.87497685148898,2019,12,Dengue,3,0,36976
W21,Ward_21,8.600886549053886,76.87497685148898,2020,1,Dengue,6,0,36976
W21,Ward_21,8.600886549053886,76.87497685148898,2020,2,Dengue,8,1,36976
W21,Ward_21,8.600886549053886,76.87497685148898,2020,3,Dengue,5,0,36976
W21,Ward_21,8.600886549053886,76.87497685148898,2020,4,Dengue,4,0,36976
W21,Ward_21,8.600886549053886,76.87497685148898,2020,5,Dengue,5,0,36976
W21,Ward_21,8.600886549053886,76.87497685148898,2020,6,Dengue,32,5,36976
W21,Ward_21,8.600886549053886,76.87497685148898,2020,7,Dengue,18,2,36976
W21,Ward_21,8.600886549053886,76.87497685148898,2020,8,Dengue,14,3,36976
W21,Ward_21,8.600886549053886,76.87497685148898,2020,9,Dengue,22,4,36976
W21,Ward_21,8.600886549053886,76.87497685148898,2020,10,Dengue,7,1,36976
W21,Ward_21,8.600886549053886,76.87497685148898,2020,11,Dengue,3,0,36976
W21,Ward_21,8.600886549053886,76.87497685148898,2020,12,Dengue,5,1,36976
W21,Ward_21,8.600886549053886,76.87497685148898,2021,1,Dengue,4,0,36976
W21,Ward_21,8.600886549053886,76.87497685148898,2021,2,Dengue,4,0,36976
W21,Ward_21,8.600886549053886,76.87497685148898,2021,3,Dengue,5,0,36976
W21,Ward_21,8.600886549053886,76.87497685148898,2021,4,Dengue,2,0,36976
W21,Ward_21,8.600886549053886,76.87497685148898,2021,5,Dengue,5,1,36976
W21,Ward_21,8.600886549053886,76.87497685148898,2021,6,Dengue,20,2,36976
W21,Ward_21,8.600886549053886,76.87497685148898,2021,7,Dengue,28,4,36976
W21,Ward_21,8.600886549053886,76.87497685148898,2021,8,Dengue,18,3,36976
W21,Ward_21,8.600886549053886,76.87497685148898,2021,9,Dengue,22,5,36976
W21,Ward_21,8.600886549053886,76.87497685148898,2021,10,Dengue,4,0,36976
W21,Ward_21,8.600886549053886,76.87497685148898,2021,11,Dengue,9,2,36976
W21,Ward_21,8.600886549053886,76.87497685148898,2021,12,Dengue,8,1,36976
W21,Ward_21,8.600886549053886,76.87497685148898,2022,1,Dengue,10,1,36976
W21,Ward_21,8.600886549053886,76.87497685148898,2022,2,Dengue,9,1,36976
W21,Ward_21,8.600886549053886,76.87497685148898,2022,3,Dengue,7,1,36976
W21,Ward_21,8.600886549053886,76.87497685148898,2022,4,Dengue,3,0,36976
W21,Ward_21,8.600886549053886,76.87497685148898,2022,5,Dengue,1,0,36976
W21,Ward_21,8.600886549053886,76.87497685148898,2022,6,Dengue,19,1,36976
W21,Ward_21,8.600886549053886,76.87497685148898,2022,7,Dengue,14,2,36976
W21,Ward_21,8.600886549053886,76.87497685148898,2022,8,Dengue,14,3,36976
W21,Ward_21,8.600886549053886,76.87497685148898,2022,9,Dengue,26,5,36976
W21,Ward_21,8.600886549053886,76.87497685148898,2022,10,Dengue,5,1,36976
W21,Ward_21,8.600886549053886,76.87497685148898,2022,11,Dengue,1,0,36976
W21,Ward_21,8.600886549053886,76.87497685148898,2022,12,Dengue,4,0,36976
W21,Ward_21,8.600886549053886,76.87497685148898,2023,1,Dengue,10,2,36976
W21,Ward_21,8.600886549053886,76.87497685148898,2023,2,Dengue,3,0,36976
W21,Ward_21,8.600886549053886,76.87497685148898,2023,3,Dengue,12,1,36976
W21,Ward_21,8.600886549053886,76.87497685148898,2023,4,Dengue,6,0,36976
W21,Ward_21,8.600886549053886,76.87497685148898,2023,5,Dengue,3,0,36976
W21,Ward_21,8.600886549053886,76.87497685148898,2023,6,Dengue,22,5,36976
W21,Ward_21,8.600886549053886,76.87497685148898,2023,7,Dengue,22,2,36976
W21,Ward_21,8.600886549053886,76.87497685148898,2023,8,Dengue,17,2,36976
W21,Ward_21,8.600886549053886,76.87497685148898,2023,9,Dengue,22,4,36976
W21,Ward_21,8.600886549053886,76.87497685148898,2023,10,Dengue,3,0,36976
W21,Ward_21,8.600886549053886,76.87497685148898,2023,11,Dengue,1,0,36976
W21,Ward_21,8.600886549053886,76.87497685148898,2023,12,Dengue,5,1,36976
W22,Ward_22,8.378990055582937,77.06373755972983,2018,1,Dengue,4,0,24476
W22,Ward_22,8.378990055582937,77.06373755972983,2018,2,Dengue,5,0,24476
W22,Ward_22,8.378990055582937,77.06373755972983,2018,3,Dengue,4,0,24476
W22,Ward_22,8.378990055582937,77.06373755972983,2018,4,Dengue,7,0,24476
W22,Ward_22,8.378990055582937,77.06373755972983,2018,5,Dengue,5,0,24476
W22,Ward_22,8.378990055582937,77.06373755972983,2018,6,Dengue,17,1,24476
W22,Ward_22,8.378990055582937,77.06373755972983,2018,7,Dengue,14,2,24476
W22,Ward_22,8.378990055582937,77.06373755972983,2018,8,Dengue,16,2,24476
W22,Ward_22,8.378990055582937,77.06373755972983,2018,9,Dengue,16,2,24476
W22,Ward_22,8.378990055582937,77.06373755972983,2018,10,Dengue,4,0,24476
W22,Ward_22,8.378990055582937,77.06373755972983,2018,11,Dengue,2,0,24476
W22,Ward_22,8.378990055582937,77.06373755972983,2018,12,Dengue,4,0,24476
W22,Ward_22,8.378990055582937,77.06373755972983,2019,1,Dengue,3,0,24476
W22,Ward_22,8.378990055582937,77.06373755972983,2019,2,Dengue,4,0,24476
W22,Ward_22,8.378990055582937,77.06373755972983,2019,3,Dengue,4,0,24476
W22,Ward_22,8.378990055582937,77.06373755972983,2019,4,Dengue,0,0,24476
W22,Ward_22,8.378990055582937,77.06373755972983,2019,5,Dengue,1,0,24476
W22,Ward_22,8.378990055582937,77.06373755972983,2019,6,Dengue,13,2,24476
W22,Ward_22,8.378990055582937,77.06373755972983,2019,7,Dengue,20,4,24476
W22,Ward_22,8.378990055582937,77.06373755972983,2019,8,Dengue,19,2,24476
W22,Ward_22,8.378990055582937,77.06373755972983,2019,9,Dengue,14,3,24476
W22,Ward_22,8.378990055582937,77.06373755972983,2019,10,Dengue,0,0,24476
W22,Ward_22,8.378990055582937,77.06373755972983,2019,11,Dengue,3,0,24476
W22,Ward_22,8.378990055582937,77.06373755972983,2019,12,Dengue,10,1,24476
W22,Ward_22,8.378990055582937,77.06373755972983,2020,1,Dengue,5,0,24476
W22,Ward_22,8.378990055582937,77.06373755972983,2020,2,Dengue,4,0,24476
W22,Ward_22,8.378990055582937,77.06373755972983,2020,3,Dengue,3,0,24476
W22,Ward_22,8.378990055582937,77.06373755972983,2020,4,Dengue,3,0,24476
W22,Ward_22,8.378990055582937,77.06373755972983,2020,5,Dengue,7,1,24476
W22,Ward_22,8.378990055582937,77.06373755972983,2020,6,Dengue,15,2,24476
W22,Ward_22,8.378990055582937,77.06373755972983,2020,7,Dengue,21,4,24476
W22,Ward_22,8.378990055582937,77.06373755972983,2020,8,Dengue,14,2,24476
W22,Ward_22,8.378990055582937,77.06373755972983,2020,9,Dengue,18,3,24476
W22,Ward_22,8.378990055582937,77.06373755972983,2020,10,Dengue,1,0,24476
W22,Ward_22,8.378990055582937,77.06373755972983,2020,11,Dengue,2,0,24476
W22,Ward_22,8.378990055582937,77.06373755972983,2020,12,Dengue,6,1,24476
W22,Ward_22,8.378990055582937,77.06373755972983,2021,1,Dengue,5,0,24476
W22,Ward_22,8.378990055582937,77.06373755972983,2021,2,Dengue,3,0,24476
W22,Ward_22,8.378990055582937,77.06373755972983,2021,3,Dengue,6,1,24476
W22,Ward_22,8.378990055582937,77.06373755972983,2021,4,Dengue,2,0,24476
W22,Ward_22,8.378990055582937,77.06373755972983,2021,5,Dengue,1,0,24476
W22,Ward_22,8.378990055582937,77.06373755972983,2021,6,Dengue,14,2,24476
W22,Ward_22,8.378990055582937,77.06373755972983,2021,7,Dengue,14,2,24476
W22,Ward_22,8.378990055582937,77.06373755972983,2021,8,Dengue,17,4,24476
W22,Ward_22,8.378990055582937,77.06373755972983,2021,9,Dengue,16,3,24476
W22,Ward_22,8.378990055582937,77.06373755972983,2021,10,Dengue,5,0,24476
W22,Ward_22,8.378990055582937,77.06373755972983,2021,11,Dengue,3,0,24476
W22,Ward_22,8.378990055582937,77.06373755972983,2021,12,Dengue,5,0,24476
W22,Ward_22,8.378990055582937,77.06373755972983,2022,1,Dengue,4,0,24476
W22,Ward_22,8.378990055582937,77.06373755972983,2022,2,Dengue,6,0,24476
W22,Ward_22,8.378990055582937,77.06373755972983,2022,3,Dengue,8,1,24476
W22,Ward_22,8.378990055582937,77.06373755972983,2022,4,Dengue,3,0,24476
W22,Ward_22,8.378990055582937,77.06373755972983,2022,5,Dengue,3,0,24476
W22,Ward_22,8.378990055582937,77.06373755972983,2022,6,Dengue,19,4,24476
W22,Ward_22,8.378990055582937,77.06373755972983,2022,7,Dengue,14,3,24476
W22,Ward_22,8.378990055582937,77.06373755972983,2022,8,Dengue,15,3,24476
W22,Ward_22,8.378990055582937,77.06373755972983,2022,9,Dengue,15,1,24476
W22,Ward_22,8.378990055582937,77.06373755972983,2022,10,Dengue,3,0,24476
W22,Ward_22,8.378990055582937,77.06373755972983,2022,11,Dengue,9,1,24476
W22,Ward_22,8.378990055582937,77.06373755972983,2022,12,Dengue,8,1,24476
W22,Ward_22,8.378990055582937,77.06373755972983,2023,1,Dengue,6,1,24476
W22,Ward_22,8.378990055582937,77.06373755972983,2023,2,Dengue,5,0,24476
W22,Ward_22,8.378990055582937,77.06373755972983,2023,3,Dengue,2,0,24476
W22,Ward_22,8.378990055582937,77.06373755972983,2023,4,Dengue,10,1,24476
W22,Ward_22,8.378990055582937,77.06373755972983,2023,5,Dengue,2,0,24476
W22,Ward_22,8.378990055582937,77.06373755972983,2023,6,Dengue,14,1,24476
W22,Ward_22,8.378990055582937,77.06373755972983,2023,7,Dengue,20,2,24476
W22,Ward_22,8.378990055582937,77.06373755972983,2023,8,Dengue,16,1,24476
W22,Ward_22,8.378990055582937,77.06373755972983,2023,9,Dengue,18,3,24476
W22,Ward_22,8.378990055582937,77.06373755972983,2023,10,Dengue,0,0,24476
W22,Ward_22,8.378990055582937,77.06373755972983,2023,11,Dengue,5,1,24476
W22,Ward_22,8.378990055582937,77.06373755972983,2023,12,Dengue,7,1,24476
W23,Ward_23,8.50412115627083,77.19164955453797,2018,1,Dengue,6,1,22549
W23,Ward_23,8.50412115627083,77.19164955453797,2018,2,Dengue,9,1,22549
W23,Ward_23,8.50412115627083,77.19164955453797,2018,3,Dengue,9,1,22549
W23,Ward_23,8.50412115627083,77.19164955453797,2018,4,Dengue,4,0,22549
W23,Ward_23,8.50412115627083,77.19164955453797,2018,5,Dengue,4,0,22549
W23,Ward_23,8.50412115627083,77.19164955453797,2018,6,Dengue,27,3,22549
W23,Ward_23,8.50412115627083,77.19164955453797,2018,7,Dengue,25,3,22549
W23,Ward_23,8.50412115627083,77.19164955453797,2018,8,Dengue,27,4,22549
W23,Ward_23,8.50412115627083,77.19164955453797,2018,9,Dengue,21,4,22549
W23,Ward_23,8.50412115627083,77.19164955453797,2018,10,Dengue,9,1,22549
W23,Ward_23,8.50412115627083,77.19164955453797,2018,11,Dengue,12,1,22549
W23,Ward_23,8.50412115627083,77.19164955453797,2018,12,Dengue,19,3,22549
W23,Ward_23,8.50412115627083,77.19164955453797,2019,1,Dengue,10,1,22549
W23,Ward_23,8.50412115627083,77.19164955453797,2019,2,Dengue,1,0,22549
W23,Ward_23,8.50412115627083,77.19164955453797,2019,3,Dengue,3,0,22549
W23,Ward_23,8.50412115627083,77.19164955453797,2019,4,Dengue,10,2,22549
W23,Ward_23,8.50412115627083,77.19164955453797,2019,5,Dengue,10,2,22549
W23,Ward_23,8.50412115627083,77.19164955453797,2019,6,Dengue,25,6,22549
W23,Ward_23,8.50412115627083,77.19164955453797,2019,7,Dengue,34,8,22549
W23,Ward_23,8.50412115627083,77.19164955453797,2019,8,Dengue,24,5,22549
W23,Ward_23,8.50412115627083,77.19164955453797,2019,9,Dengue,27,4,22549
W23,Ward_23,8.50412115627083,77.19164955453797,2019,10,Dengue,10,1,22549
W23,Ward_23,8.50412115627083,77.19164955453797,2019,11,Dengue,9,1,22549
W23,Ward_23,8.50412115627083,77.19164955453797,2019,12,Dengue,10,1,22549
W23,Ward_23,8.50412115627083,77.19164955453797,2020,1,Dengue,4,0,22549
W23,Ward_23,8.50412115627083,77.19164955453797,2020,2,Dengue,9,1,22549
W23,Ward_23,8.50412115627083,77.19164955453797,2020,3,Dengue,7,0,22549
W23,Ward_23,8.50412115627083,77.19164955453797,2020,4,Dengue,10,1,22549
W23,Ward_23,8.50412115627083,77.19164955453797,2020,5,Dengue,7,1,22549
W23,Ward_23,8.50412115627083,77.19164955453797,2020,6,Dengue,18,2,22549
W23,Ward_23,8.50412115627083,77.19164955453797,2020,7,Dengue,22,4,22549
W23,Ward_23,8.50412115627083,77.19164955453797,2020,8,Dengue,16,1,22549
W23,Ward_23,8.50412115627083,77.19164955453797,2020,9,Dengue,13,3,22549
W23,Ward_23,8.50412115627083,77.19164955453797,2020,10,Dengue,6,0,22549
W23,Ward_23,8.50412115627083,77.19164955453797,2020,11,Dengue,7,1,22549
W23,Ward_23,8.50412115627083,77.19164955453797,2020,12,Dengue,4,0,22549
W23,Ward_23,8.50412115627083,77.19164955453797,2021,1,Dengue,7,1,22549
W23,Ward_23,8.50412115627083,77.19164955453797,2021,2,Dengue,6,1,22549
W23,Ward_23,8.50412115627083,77.19164955453797,2021,3,Dengue,7,1,22549
W23,Ward_23,8.50412115627083,77.19164955453797,2021,4,Dengue,6,1,22549
W23,Ward_23,8.50412115627083,77.19164955453797,2021,5,Dengue,6,0,22549
W23,Ward_23,8.50412115627083,77.19164955453797,2021,6,Dengue,31,4,22549
W23,Ward_23,8.50412115627083,77.19164955453797,2021,7,Dengue,34,7,22549
W23,Ward_23,8.50412115627083,77.19164955453797,2021,8,Dengue,18,2,22549
W23,Ward_23,8.50412115627083,77.19164955453797,2021,9,Dengue,28,4,22549
W23,Ward_23,8.50412115627083,77.19164955453797,2021,10,Dengue,6,0,22549
W23,Ward_23,8.50412115627083,77.19164955453797,2021,11,Dengue,3,0,22549
W23,Ward_23,8.50412115627083,77.19164955453797,2021,12,Dengue,7,1,22549
W23,Ward_23,8.50412115627083,77.19164955453797,2022,1,Dengue,4,0,22549
W23,Ward_23,8.50412115627083,77.19164955453797,2022,2,Dengue,9,0,22549
W23,Ward_23,8.50412115627083,77.19164955453797,2022,3,Dengue,3,0,22549
W23,Ward_23,8.50412115627083,77.19164955453797,2022,4,Dengue,6,1,22549
W23,Ward_23,8.50412115627083,77.19164955453797,2022,5,Dengue,7,0,22549
W23,Ward_23,8.50412115627083,77.19164955453797,2022,6,Dengue,24,5,22549
W23,Ward_23,8.50412115627083,77.19164955453797,2022,7,Dengue,19,3,22549
W23,Ward_23,8.50412115627083,77.19164955453797,2022,8,Dengue,44,5,22549
W23,Ward_23,8.50412115627083,77.19164955453797,2022,9,Dengue,21,4,22549
W23,Ward_23,8.50412115627083,77.19164955453797,2022,10,Dengue,4,0,22549
W23,Ward_23,8.50412115627083,77.19164955453797,2022,11,Dengue,4,0,22549
W23,Ward_23,8.50412115627083,77.19164955453797,2022,12,Dengue,7,1,22549
W23,Ward_23,8.50412115627083,77.19164955453797,2023,1,Dengue,13,2,22549
W23,Ward_23,8.50412115627083,77.19164955453797,2023,2,Dengue,3,0,22549
W23,Ward_23,8.50412115627083,77.19164955453797,2023,3,Dengue,6,1,22549
W23,Ward_23,8.50412115627083,77.19164955453797,2023,4,Dengue,6,1,22549
W23,Ward_23,8.50412115627083,77.19164955453797,2023,5,Dengue,3,0,22549
W23,Ward_23,8.50412115627083,77.19164955453797,2023,6,Dengue,25,4,22549
W23,Ward_23,8.50412115627083,77.19164955453797,2023,7,Dengue,25,4,22549
W23,Ward_23,8.50412115627083,77.19164955453797,2023,8,Dengue,25,5,22549
W23,Ward_23,8.50412115627083,77.19164955453797,2023,9,Dengue,31,7,22549
W23,Ward_23,8.50412115627083,77.19164955453797,2023,10,Dengue,1,0,22549
W23,Ward_23,8.50412115627083,77.19164955453797,2023,11,Dengue,10,1,22549
W23,Ward_23,8.50412115627083,77.19164955453797,2023,12,Dengue,10,1,22549
W24,Ward_24,8.565403300902426,77.01614359903647,2018,1,Dengue,2,0,33201
W24,Ward_24,8.565403300902426,77.01614359903647,2018,2,Dengue,6,0,33201
W24,Ward_24,8.565403300902426,77.01614359903647,2018,3,Dengue,5,0,33201
W24,Ward_24,8.565403300902426,77.01614359903647,2018,4,Dengue,4,0,33201
W24,Ward_24,8.565403300902426,77.01614359903647,2018,5,Dengue,5,1,33201
W24,Ward_24,8.565403300902426,77.01614359903647,2018,6,Dengue,24,3,33201
W24,Ward_24,8.565403300902426,77.01614359903647,2018,7,Dengue,20,2,33201
W24,Ward_24,8.565403300902426,77.01614359903647,2018,8,Dengue,19,3,33201
W24,Ward_24,8.565403300902426,77.01614359903647,2018,9,Dengue,37,7,33201
W24,Ward_24,8.565403300902426,77.01614359903647,2018,10,Dengue,5,0,33201
W24,Ward_24,8.565403300902426,77.01614359903647,2018,11,Dengue,4,0,33201
W24,Ward_24,8.565403300902426,77.01614359903647,2018,12,Dengue,6,1,33201
W24,Ward_24,8.565403300902426,77.01614359903647,2019,1,Dengue,4,0,33201
W24,Ward_24,8.565403300902426,77.01614359903647,2019,2,Dengue,6,0,33201
W24,Ward_24,8.565403300902426,77.01614359903647,2019,3,Dengue,9,1,33201
W24,Ward_24,8.565403300902426,77.01614359903647,2019,4,Dengue,9,0,33201
W24,Ward_24,8.565403300902426,77.01614359903647,2019,5,Dengue,6,0,33201
W24,Ward_24,8.565403300902426,77.01614359903647,2019,6,Dengue,24,3,33201
W24,Ward_24,8.565403300902426,77.01614359903647,2019,7,Dengue,20,4,33201
W24,Ward_24,8.565403300902426,77.01614359903647,2019,8,Dengue,30,6,33201
W24,Ward_24,8.565403300902426,77.01614359903647,2019,9,Dengue,28,6,33201
W24,Ward_24,8.565403300902426,77.01614359903647,2019,10,Dengue,4,0,33201
W24,Ward_24,8.565403300902426,77.01614359903647,2019,11,Dengue,8,1,33201
W24,Ward_24,8.565403300902426,77.01614359903647,2019,12,Dengue,1,0,33201
W24,Ward_24,8.565403300902426,77.01614359903647,2020,1,Dengue,8,1,33201
W24,Ward_24,8.565403300902426,77.01614359903647,2020,2,Dengue,5,0,33201
W24,Ward_24,8.565403300902426,77.01614359903647,2020,3,Dengue,6,1,33201
W24,Ward_24,8.565403300902426,77.01614359903647,2020,4,Dengue,10,1,33201
W24,Ward_24,8.565403300902426,77.01614359903647,2020,5,Dengue,10,2,33201
W24,Ward_24,8.565403300902426,77.01614359903647,2020,6,Dengue,35,7,33201
W24,Ward_24,8.565403300902426,77.01614359903647,2020,7,Dengue,15,2,33201
W24,Ward_24,8.565403300902426,77.01614359903647,2020,8,Dengue,24,3,33201
W24,Ward_24,8.565403300902426,77.01614359903647,2020,9,Dengue,24,5,33201
W24,Ward_24,8.565403300902426,77.01614359903647,2020,10,Dengue,6,1,33201
W24,Ward_24,8.565403300902426,77.01614359903647,2020,11,Dengue,10,2,33201
W24,Ward_24,8.565403300902426,77.01614359903647,2020,12,Dengue,12,2,33201
W24,Ward_24,8.565403300902426,77.01614359903647,2021,1,Dengue,9,2,33201
W24,Ward_24,8.565403300902426,77.01614359903647,2021,2,Dengue,1,0,33201
W24,Ward_24,8.565403300902426,77.01614359903647,2021,3,Dengue,9,1,33201
W24,Ward_24,8.565403300902426,77.01614359903647,2021,4,Dengue,8,1,33201
W24,Ward_24,8.565403300902426,77.01614359903647,2021,5,Dengue,5,0,33201
W24,Ward_24,8.565403300902426,77.01614359903647,2021,6,Dengue,31,7,33201
W24,Ward_24,8.565403300902426,77.01614359903647,2021,7,Dengue,30,3,33201
W24,Ward_24,8.565403300902426,77.01614359903647,2021,8,Dengue,23,5,33201
W24,Ward_24,8.565403300902426,77.01614359903647,2021,9,Dengue,17,3,33201
W24,Ward_24,8.565403300902426,77.01614359903647,2021,10,Dengue,4,0,33201
W24,Ward_24,8.565403300902426,77.01614359903647,2021,11,Dengue,9,1,33201
W24,Ward_24,8.565403300902426,77.01614359903647,2021,12,Dengue,6,1,33201
W24,Ward_24,8.565403300902426,77.01614359903647,2022,1,Dengue,8,0,33201
W24,Ward_24,8.565403300902426,77.01614359903647,2022,2,Dengue,8,1,33201
W24,Ward_24,8.565403300902426,77.01614359903647,2022,3,Dengue,4,0,33201
W24,Ward_24,8.565403300902426,77.01614359903647,2022,4,Dengue,5,0,33201
W24,Ward_24,8.565403300902426,77.01614359903647,2022,5,Dengue,6,1,33201
W24,Ward_24,8.565403300902426,77.01614359903647,2022,6,Dengue,32,3,33201
W24,Ward_24,8.565403300902426,77.01614359903647,2022,7,Dengue,19,2,33201
W24,Ward_24,8.565403300902426,77.01614359903647,2022,8,Dengue,16,3,33201
W24,Ward_24,8.565403300902426,77.01614359903647,2022,9,Dengue,35,3,33201
W24,Ward_24,8.565403300902426,77.01614359903647,2022,10,Dengue,5,0,33201
W24,Ward_24,8.565403300902426,77.01614359903647,2022,11,Dengue,6,0,33201
W24,Ward_24,8.565403300902426,77.01614359903647,2022,12,Dengue,10,1,33201
W24,Ward_24,8.565403300902426,77.01614359903647,2023,1,Dengue,5,1,33201
W24,Ward_24,8.565403300902426,77.01614359903647,2023,2,Dengue,4,0,33201
W24,Ward_24,8.565403300902426,77.01614359903647,2023,3,Dengue,12,1,33201
W24,Ward_24,8.565403300902426,77.01614359903647,2023,4,Dengue,4,0,33201
W24,Ward_24,8.565403300902426,77.01614359903647,2023,5,Dengue,8,1,33201
W24,Ward_24,8.565403300902426,77.01614359903647,2023,6,Dengue,21,4,33201
W24,Ward_24,8.565403300902426,77.01614359903647,2023,7,Dengue,24,2,33201
W24,Ward_24,8.565403300902426,77.01614359903647,2023,8,Dengue,27,5,33201
W24,Ward_24,8.565403300902426,77.01614359903647,2023,9,Dengue,32,7,33201
W24,Ward_24,8.565403300902426,77.01614359903647,2023,10,Dengue,2,0,33201
W24,Ward_24,8.565403300902426,77.01614359903647,2023,11,Dengue,2,0,33201
W24,Ward_24,8.565403300902426,77.01614359903647,2023,12,Dengue,2,0,33201
W25,Ward_25,8.644144829729294,76.79897521710201,2018,1,Dengue,5,1,25750
W25,Ward_25,8.644144829729294,76.79897521710201,2018,2,Dengue,12,1,25750
W25,Ward_25,8.644144829729294,76.79897521710201,2018,3,Dengue,5,0,25750
W25,Ward_25,8.644144829729294,76.79897521710201,2018,4,Dengue,8,1,25750
W25,Ward_25,8.644144829729294,76.79897521710201,2018,5,Dengue,11,2,25750
W25,Ward_25,8.644144829729294,76.79897521710201,2018,6,Dengue,19,2,25750
W25,Ward_25,8.644144829729294,76.79897521710201,2018,7,Dengue,16,3,25750
W25,Ward_25,8.644144829729294,76.79897521710201,2018,8,Dengue,26,6,25750
W25,Ward_25,8.644144829729294,76.79897521710201,2018,9,Dengue,28,4,25750
W25,Ward_25,8.644144829729294,76.79897521710201,2018,10,Dengue,2,0,25750
W25,Ward_25,8.644144829729294,76.79897521710201,2018,11,Dengue,9,1,25750
W25,Ward_25,8.644144829729294,76.79897521710201,2018,12,Dengue,6,1,25750
W25,Ward_25,8.644144829729294,76.79897521710201,2019,1,Dengue,8,0,25750
W25,Ward_25,8.644144829729294,76.79897521710201,2019,2,Dengue,8,1,25750
W25,Ward_25,8.644144829729294,76.79897521710201,2019,3,Dengue,2,0,25750
W25,Ward_25,8.644144829729294,76.79897521710201,2019,4,Dengue,2,0,25750
W25,Ward_25,8.644144829729294,76.79897521710201,2019,5,Dengue,4,0,25750
W25,Ward_25,8.644144829729294,76.79897521710201,2019,6,Dengue,24,5,25750
W25,Ward_25,8.644144829729294,76.79897521710201,2019,7,Dengue,27,3,25750
W25,Ward_25,8.644144829729294,76.79897521710201,2019,8,Dengue,33,3,25750
W25,Ward_25,8.644144829729294,76.79897521710201,2019,9,Dengue,24,4,25750
W25,Ward_25,8.644144829729294,76.79897521710201,2019,10,Dengue,6,0,25750
W25,Ward_25,8.644144829729294,76.79897521710201,2019,11,Dengue,6,1,25750
W25,Ward_25,8.644144829729294,76.79897521710201,2019,12,Dengue,5,0,25750
W25,Ward_25,8.644144829729294,76.79897521710201,2020,1,Dengue,9,1,25750
W25,Ward_25,8.644144829729294,76.79897521710201,2020,2,Dengue,5,0,25750
W25,Ward_25,8.644144829729294,76.79897521710201,2020,3,Dengue,1,0,25750
W25,Ward_25,8.644144829729294,76.79897521710201,2020,4,Dengue,4,0,25750
W25,Ward_25,8.644144829729294,76.79897521710201,2020,5,Dengue,11,2,25750
W25,Ward_25,8.644144829729294,76.79897521710201,2020,6,Dengue,28,5,25750
W25,Ward_25,8.644144829729294,76.79897521710201,2020,7,Dengue,24,5,25750
W25,Ward_25,8.644144829729294,76.79897521710201,2020,8,Dengue,28,3,25750
W25,Ward_25,8.644144829729294,76.79897521710201,2020,9,Dengue,28,3,25750
W25,Ward_25,8.644144829729294,76.79897521710201,2020,10,Dengue,11,1,25750
W25,Ward_25,8.644144829729294,76.79897521710201,2020,11,Dengue,6,0,25750
W25,Ward_25,8.644144829729294,76.79897521710201,2020,12,Dengue,1,0,25750
W25,Ward_25,8.644144829729294,76.79897521710201,2021,1,Dengue,6,0,25750
W25,Ward_25,8.644144829729294,76.79897521710201,2021,2,Dengue,12,1,25750
W25,Ward_25,8.644144829729294,76.79897521710201,2021,3,Dengue,6,1,25750
W25,Ward_25,8.644144829729294,76.79897521710201,2021,4,Dengue,8,1,25750
W25,Ward_25,8.644144829729294,76.79897521710201,2021,5,Dengue,2,0,25750
W25,Ward_25,8.644144829729294,76.79897521710201,2021,6,Dengue,30,7,25750
W25,Ward_25,8.644144829729294,76.79897521710201,2021,7,Dengue,23,4,25750
W25,Ward_25,8.644144829729294,76.79897521710201,2021,8,Dengue,27,5,25750
W25,Ward_25,8.644144829729294,76.79897521710201,2021,9,Dengue,33,5,25750
W25,Ward_25,8.644144829729294,76.79897521710201,2021,10,Dengue,9,1,25750
W25,Ward_25,8.644144829729294,76.79897521710201,2021,11,Dengue,2,0,25750
W25,Ward_25,8.644144829729294,76.79897521710201,2021,12,Dengue,0,0,25750
W25,Ward_25,8.644144829729294,76.79897521710201,2022,1,Dengue,8,1,25750
W25,Ward_25,8.644144829729294,76.79897521710201,2022,2,Dengue,5,0,25750
W25,Ward_25,8.644144829729294,76.79897521710201,2022,3,Dengue,6,0,25750
W25,Ward_25,8.644144829729294,76.79897521710201,2022,4,Dengue,4,0,25750
W25,Ward_25,8.644144829729294,76.79897521710201,2022,5,Dengue,15,1,25750
W25,Ward_25,8.644144829729294,76.79897521710201,2022,6,Dengue,24,3,25750
W25,Ward_25,8.644144829729294,76.79897521710201,2022,7,Dengue,20,3,25750
W25,Ward_25,8.644144829729294,76.79897521710201,2022,8,Dengue,22,4,25750
W25,Ward_25,8.644144829729294,76.79897521710201,2022,9,Dengue,30,6,25750
W25,Ward_25,8.644144829729294,76.79897521710201,2022,10,Dengue,5,0,25750
W25,Ward_25,8.644144829729294,76.79897521710201,2022,11,Dengue,6,0,25750
W25,Ward_25,8.644144829729294,76.79897521710201,2022,12,Dengue,4,0,25750
W25,Ward_25,8.644144829729294,76.79897521710201,2023,1,Dengue,6,0,25750
W25,Ward_25,8.644144829729294,76.79897521710201,2023,2,Dengue,5,0,25750
W25,Ward_25,8.644144829729294,76.79897521710201,2023,3,Dengue,11,2,25750
W25,Ward_25,8.644144829729294,76.79897521710201,2023,4,Dengue,8,1,25750
W25,Ward_25,8.644144829729294,76.79897521710201,2023,5,Dengue,6,1,25750
W25,Ward_25,8.644144829729294,76.79897521710201,2023,6,Dengue,22,4,25750
W25,Ward_25,8.644144829729294,76.79897521710201,2023,7,Dengue,24,4,25750
W25,Ward_25,8.644144829729294,76.79897521710201,2023,8,Dengue,28,4,25750
W25,Ward_25,8.644144829729294,76.79897521710201,2023,9,Dengue,22,4,25750
W25,Ward_25,8.644144829729294,76.79897521710201,2023,10,Dengue,12,1,25750
W25,Ward_25,8.644144829729294,76.79897521710201,2023,11,Dengue,6,0,25750
W25,Ward_25,8.644144829729294,76.79897521710201,2023,12,Dengue,4,0,25750
W26,Ward_26,8.468586232240941,77.13269664843041,2018,1,Dengue,7,1,27210
W26,Ward_26,8.468586232240941,77.13269664843041,2018,2,Dengue,8,1,27210
W26,Ward_26,8.468586232240941,77.13269664843041,2018,3,Dengue,11,1,27210
W26,Ward_26,8.468586232240941,77.13269664843041,2018,4,Dengue,7,0,27210
W26,Ward_26,8.468586232240941,77.13269664843041,2018,5,Dengue,4,0,27210
W26,Ward_26,8.468586232240941,77.13269664843041,2018,6,Dengue,20,2,27210
W26,Ward_26,8.468586232240941,77.13269664843041,2018,7,Dengue,17,2,27210
W26,Ward_26,8.468586232240941,77.13269664843041,2018,8,Dengue,25,3,27210
W26,Ward_26,8.468586232240941,77.13269664843041,2018,9,Dengue,8,0,27210
W26,Ward_26,8.468586232240941,77.13269664843041,2018,10,Dengue,10,1,27210
W26,Ward_26,8.468586232240941,77.13269664843041,2018,11,Dengue,10,2,27210
W26,Ward_26,8.468586232240941,77.13269664843041,2018,12,Dengue,10,2,27210
W26,Ward_26,8.468586232240941,77.13269664843041,2019,1,Dengue,5,0,27210
W26,Ward_26,8.468586232240941,77.13269664843041,2019,2,Dengue,5,0,27210
W26,Ward_26,8.468586232240941,77.13269664843041,2019,3,Dengue,11,1,27210
W26,Ward_26,8.468586232240941,77.13269664843041,2019,4,Dengue,7,1,27210
W26,Ward_26,8.468586232240941,77.13269664843041,2019,5,Dengue,5,0,27210
W26,Ward_26,8.468586232240941,77.13269664843041,2019,6,Dengue,33,7,27210
W26,Ward_26,8.468586232240941,77.13269664843041,2019,7,Dengue,27,6,27210
W26,Ward_26,8.468586232240941,77.13269664843041,2019,8,Dengue,21,4,27210
W26,Ward_26,8.468586232240941,77.13269664843041,2019,9,Dengue,35,7,27210
W26,Ward_26,8.468586232240941,77.13269664843041,2019,10,Dengue,8,1,27210
W26,Ward_26,8.468586232240941,77.13269664843041,2019,11,Dengue,7,1,27210
W26,Ward_26,8.468586232240941,77.13269664843041,2019,12,Dengue,7,0,27210
W26,Ward_26,8.468586232240941,77.13269664843041,2020,1,Dengue,14,2,27210
W26,Ward_26,8.468586232240941,77.13269664843041,2020,2,Dengue,7,1,27210
W26,Ward_26,8.468586232240941,77.13269664843041,2020,3,Dengue,11,2,27210
W26,Ward_26,8.468586232240941,77.13269664843041,2020,4,Dengue,10,1,27210
W26,Ward_26,8.468586232240941,77.13269664843041,2020,5,Dengue,7,1,27210
W26,Ward_26,8.468586232240941,77.13269664843041,2020,6,Dengue,27,6,27210
W26,Ward_26,8.468586232240941,77.13269664843041,2020,7,Dengue,24,4,27210
W26,Ward_26,8.468586232240941,77.13269664843041,2020,8,Dengue,27,2,27210
W26,Ward_26,8.468586232240941,77.13269664843041,2020,9,Dengue,34,6,27210
W26,Ward_26,8.468586232240941,77.13269664843041,2020,10,Dengue,1,0,27210
W26,Ward_26,8.468586232240941,77.13269664843041,2020,11,Dengue,5,0,27210
W26,Ward_26,8.468586232240941,77.13269664843041,2020,12,Dengue,4,0,27210
W26,Ward_26,8.468586232240941,77.13269664843041,2021,1,Dengue,8,1,27210
W26,Ward_26,8.468586232240941,77.13269664843041,2021,2,Dengue,5,1,27210
W26,Ward_26,8.468586232240941,77.13269664843041,2021,3,Dengue,10,1,27210
W26,Ward_26,8.468586232240941,77.13269664843041,2021,4,Dengue,5,0,27210
W26,Ward_26,8.468586232240941,77.13269664843041,2021,5,Dengue,10,1,27210
W26,Ward_26,8.468586232240941,77.13269664843041,2021,6,Dengue,20,2,27210
W26,Ward_26,8.468586232240941,77.13269664843041,2021,7,Dengue,28,4,27210
W26,Ward_26,8.468586232240941,77.13269664843041,2021,8,Dengue,34,5,27210
W26,Ward_26,8.468586232240941,77.13269664843041,2021,9,Dengue,22,2,27210
W26,Ward_26,8.468586232240941,77.13269664843041,2021,10,Dengue,10,1,27210
W26,Ward_26,8.468586232240941,77.13269664843041,2021,11,Dengue,4,0,27210
W26,Ward_26,8.468586232240941,77.13269664843041,2021,12,Dengue,8,1,27210
W26,Ward_26,8.468586232240941,77.13269664843041,2022,1,Dengue,7,1,27210
W26,Ward_26,8.468586232240941,77.13269664843041,2022,2,Dengue,4,0,27210
W26,Ward_26,8.468586232240941,77.13269664843041,2022,3,Dengue,10,2,27210
W26,Ward_26,8.468586232240941,77.13269664843041,2022,4,Dengue,4,0,27210
W26,Ward_26,8.468586232240941,77.13269664843041,2022,5,Dengue,11,1,27210
W26,Ward_26,8.468586232240941,77.13269664843041,2022,6,Dengue,22,3,27210
W26,Ward_26,8.468586232240941,77.13269664843041,2022,7,Dengue,31,3,27210
W26,Ward_26,8.468586232240941,77.13269664843041,2022,8,Dengue,22,3,27210
W26,Ward_26,8.468586232240941,77.13269664843041,2022,9,Dengue,31,4,27210
W26,Ward_26,8.468586232240941,77.13269664843041,2022,10,Dengue,5,0,27210
W26,Ward_26,8.468586232240941,77.13269664843041,2022,11,Dengue,10,1,27210
W26,Ward_26,8.468586232240941,77.13269664843041,2022,12,Dengue,7,1,27210
W26,Ward_26,8.468586232240941,77.13269664843041,2023,1,Dengue,4,0,27210
W26,Ward_26,8.468586232240941,77.13269664843041,2023,2,Dengue,5,0,27210
W26,Ward_26,8.468586232240941,77.13269664843041,2023,3,Dengue,14,3,27210
W26,Ward_26,8.468586232240941,77.13269664843041,2023,4,Dengue,7,1,27210
W26,Ward_26,8.468586232240941,77.13269664843041,2023,5,Dengue,8,1,27210
W26,Ward_26,8.468586232240941,77.13269664843041,2023,6,Dengue,22,3,27210
W26,Ward_26,8.468586232240941,77.13269664843041,2023,7,Dengue,25,2,27210
W26,Ward_26,8.468586232240941,77.13269664843041,2023,8,Dengue,28,3,27210
W26,Ward_26,8.468586232240941,77.13269664843041,2023,9,Dengue,35,5,27210
W26,Ward_26,8.468586232240941,77.13269664843041,2023,10,Dengue,5,0,27210
W26,Ward_26,8.468586232240941,77.13269664843041,2023,11,Dengue,5,1,27210
W26,Ward_26,8.468586232240941,77.13269664843041,2023,12,Dengue,2,0,27210
W27,Ward_27,8.578496601658605,77.08522579728367,2018,1,Dengue,7,1,23437
W27,Ward_27,8.578496601658605,77.08522579728367,2018,2,Dengue,7,0,23437
W27,Ward_27,8.578496601658605,77.08522579728367,2018,3,Dengue,7,0,23437
W27,Ward_27,8.578496601658605,77.08522579728367,2018,4,Dengue,4,0,23437
W27,Ward_27,8.578496601658605,77.08522579728367,2018,5,Dengue,5,0,23437
W27,Ward_27,8.578496601658605,77.08522579728367,2018,6,Dengue,17,2,23437
W27,Ward_27,8.578496601658605,77.08522579728367,2018,7,Dengue,35,6,23437
W27,Ward_27,8.578496601658605,77.08522579728367,2018,8,Dengue,27,2,23437
W27,Ward_27,8.578496601658605,77.08522579728367,2018,9,Dengue,16,3,23437
W27,Ward_27,8.578496601658605,77.08522579728367,2018,10,Dengue,10,1,23437
W27,Ward_27,8.578496601658605,77.08522579728367,2018,11,Dengue,11,1,23437
W27,Ward_27,8.578496601658605,77.08522579728367,2018,12,Dengue,4,0,23437
W27,Ward_27,8.578496601658605,77.08522579728367,2019,1,Dengue,2,0,23437
W27,Ward_27,8.578496601658605,77.08522579728367,2019,2,Dengue,7,1,23437
W27,Ward_27,8.578496601658605,77.08522579728367,2019,3,Dengue,7,1,23437
W27,Ward_27,8.578496601658605,77.08522579728367,2019,4,Dengue,11,1,23437
W27,Ward_27,8.578496601658605,77.08522579728367,2019,5,Dengue,5,0,23437
W27,Ward_27,8.578496601658605,77.08522579728367,2019,6,Dengue,28,4,23437
W27,Ward_27,8.578496601658605,77.08522579728367,2019,7,Dengue,27,3,23437
W27,Ward_27,8.578496601658605,77.08522579728367,2019,8,Dengue,28,6,23437
W27,Ward_27,8.578496601658605,77.08522579728367,2019,9,Dengue,10,1,23437
W27,Ward_27,8.578496601658605,77.08522579728367,2019,10,Dengue,4,0,23437
W27,Ward_27,8.578496601658605,77.08522579728367,2019,11,Dengue,2,0,23437
W27,Ward_27,8.578496601658605,77.08522579728367,2019,12,Dengue,2,0,23437
W27,Ward_27,8.578496601658605,77.08522579728367,2020,1,Dengue,5,1,23437
W27,Ward_27,8.578496601658605,77.08522579728367,2020,2,Dengue,7,1,23437
W27,Ward_27,8.578496601658605,77.08522579728367,2020,3,Dengue,5,0,23437
W27,Ward_27,8.578496601658605,77.08522579728367,2020,4,Dengue,3,0,23437
W27,Ward_27,8.578496601658605,77.08522579728367,2020,5,Dengue,3,0,23437
W27,Ward_27,8.578496601658605,77.08522579728367,2020,6,Dengue,22,5,23437
W27,Ward_27,8.578496601658605,77.08522579728367,2020,7,Dengue,34,7,23437
W27,Ward_27,8.578496601658605,77.08522579728367,2020,8,Dengue,24,2,23437
W27,Ward_27,8.578496601658605,77.08522579728367,2020,9,Dengue,15,2,23437
W27,Ward_27,8.578496601658605,77.08522579728367,2020,10,Dengue,4,0,23437
W27,Ward_27,8.578496601658605,77.08522579728367,2020,11,Dengue,9,0,23437
W27,Ward_27,8.578496601658605,77.08522579728367,2020,12,Dengue,2,0,23437
W27,Ward_27,8.578496601658605,77.08522579728367,2021,1,Dengue,4,0,23437
W27,Ward_27,8.578496601658605,77.08522579728367,2021,2,Dengue,8,1,23437
W27,Ward_27,8.578496601658605,77.08522579728367,2021,3,Dengue,5,1,23437
W27,Ward_27,8.578496601658605,77.08522579728367,2021,4,Dengue,13,2,23437
W27,Ward_27,8.578496601658605,77.08522579728367,2021,5,Dengue,3,0,23437
W27,Ward_27,8.578496601658605,77.08522579728367,2021,6,Dengue,13,1,23437
W27,Ward_27,8.578496601658605,77.08522579728367,2021,7,Dengue,15,3,23437
W27,Ward_27,8.578496601658605,77.08522579728367,2021,8,Dengue,26,5,23437
W27,Ward_27,8.578496601658605,77.08522579728367,2021,9,Dengue,20,3,23437
W27,Ward_27,8.578496601658605,77.08522579728367,2021,10,Dengue,2,0,23437
W27,Ward_27,8.578496601658605,77.08522579728367,2021,11,Dengue,3,0,23437
W27,Ward_27,8.578496601658605,77.08522579728367,2021,12,Dengue,3,0,23437
W27,Ward_27,8.578496601658605,77.08522579728367,2022,1,Dengue,5,0,23437
W27,Ward_27,8.578496601658605,77.08522579728367,2022,2,Dengue,3,0,23437
W27,Ward_27,8.578496601658605,77.08522579728367,2022,3,Dengue,5,1,23437
W27,Ward_27,8.578496601658605,77.08522579728367,2022,4,Dengue,5,0,23437
W27,Ward_27,8.578496601658605,77.08522579728367,2022,5,Dengue,10,1,23437
W27,Ward_27,8.578496601658605,77.08522579728367,2022,6,Dengue,17,4,23437
W27,Ward_27,8.578496601658605,77.08522579728367,2022,7,Dengue,27,2,23437
W27,Ward_27,8.578496601658605,77.08522579728367,2022,8,Dengue,10,2,23437
W27,Ward_27,8.578496601658605,77.08522579728367,2022,9,Dengue,17,1,23437
W27,Ward_27,8.578496601658605,77.08522579728367,2022,10,Dengue,5,0,23437
W27,Ward_27,8.578496601658605,77.08522579728367,2022,11,Dengue,5,0,23437
W27,Ward_27,8.578496601658605,77.08522579728367,2022,12,Dengue,3,0,23437
W27,Ward_27,8.578496601658605,77.08522579728367,2023,1,Dengue,7,1,23437
W27,Ward_27,8.578496601658605,77.08522579728367,2023,2,Dengue,4,0,23437
W27,Ward_27,8.578496601658605,77.08522579728367,2023,3,Dengue,4,0,23437
W27,Ward_27,8.578496601658605,77.08522579728367,2023,4,Dengue,4,0,23437
W27,Ward_27,8.578496601658605,77.08522579728367,2023,5,Dengue,10,1,23437
W27,Ward_27,8.578496601658605,77.08522579728367,2023,6,Dengue,26,3,23437
W27,Ward_27,8.578496601658605,77.08522579728367,2023,7,Dengue,23,4,23437
W27,Ward_27,8.578496601658605,77.08522579728367,2023,8,Dengue,16,3,23437
W27,Ward_27,8.578496601658605,77.08522579728367,2023,9,Dengue,21,4,23437
W27,Ward_27,8.578496601658605,77.08522579728367,2023,10,Dengue,5,0,23437
W27,Ward_27,8.578496601658605,77.08522579728367,2023,11,Dengue,3,0,23437
W27,Ward_27,8.578496601658605,77.08522579728367,2023,12,Dengue,7,0,23437
W28,Ward_28,8.764581134134485,76.69594158540535,2018,1,Dengue,7,1,36538
W28,Ward_28,8.764581134134485,76.69594158540535,2018,2,Dengue,5,1,36538
W28,Ward_28,8.764581134134485,76.69594158540535,2018,3,Dengue,6,0,36538
W28,Ward_28,8.764581134134485,76.69594158540535,2018,4,Dengue,7,1,36538
W28,Ward_28,8.764581134134485,76.69594158540535,2018,5,Dengue,6,0,36538
W28,Ward_28,8.764581134134485,76.69594158540535,2018,6,Dengue,25,3,36538
W28,Ward_28,8.764581134134485,76.69594158540535,2018,7,Dengue,27,5,36538
W28,Ward_28,8.764581134134485,76.69594158540535,2018,8,Dengue,22,3,36538
W28,Ward_28,8.764581134134485,76.69594158540535,2018,9,Dengue,18,2,36538
W28,Ward_28,8.764581134134485,76.69594158540535,2018,10,Dengue,13,1,36538
W28,Ward_28,8.764581134134485,76.69594158540535,2018,11,Dengue,7,0,36538
W28,Ward_28,8.764581134134485,76.69594158540535,2018,12,Dengue,3,0,36538
W28,Ward_28,8.764581134134485,76.69594158540535,2019,1,Dengue,10,1,36538
W28,Ward_28,8.764581134134485,76.69594158540535,2019,2,Dengue,9,1,36538
W28,Ward_28,8.764581134134485,76.69594158540535,2019,3,Dengue,2,0,36538
W28,Ward_28,8.764581134134485,76.69594158540535,2019,4,Dengue,10,2,36538
W28,Ward_28,8.764581134134485,76.69594158540535,2019,5,Dengue,3,0,36538
W28,Ward_28,8.764581134134485,76.69594158540535,2019,6,Dengue,18,4,36538
W28,Ward_28,8.764581134134485,76.69594158540535,2019,7,Dengue,22,3,36538
W28,Ward_28,8.764581134134485,76.69594158540535,2019,8,Dengue,23,5,36538
W28,Ward_28,8.764581134134485,76.69594158540535,2019,9,Dengue,29,5,36538
W28,Ward_28,8.764581134134485,76.69594158540535,2019,10,Dengue,7,1,36538
W28,Ward_28,8.764581134134485,76.69594158540535,2019,11,Dengue,2,0,36538
W28,Ward_28,8.764581134134485,76.69594158540535,2019,12,Dengue,7,0,36538
W28,Ward_28,8.764581134134485,76.69594158540535,2020,1,Dengue,3,0,36538
W28,Ward_28,8.764581134134485,76.69594158540535,2020,2,Dengue,5,1,36538
W28,Ward_28,8.764581134134485,76.69594158540535,2020,3,Dengue,7,1,36538
W28,Ward_28,8.764581134134485,76.69594158540535,2020,4,Dengue,6,0,36538
W28,Ward_28,8.764581134134485,76.69594158540535,2020,5,Dengue,10,1,36538
W28,Ward_28,8.764581134134485,76.69594158540535,2020,6,Dengue,26,4,36538
W28,Ward_28,8.764581134134485,76.69594158540535,2020,7,Dengue,17,2,36538
W28,Ward_28,8.764581134134485,76.69594158540535,2020,8,Dengue,30,6,36538
W28,Ward_28,8.764581134134485,76.69594158540535,2020,9,Dengue,26,3,36538
W28,Ward_28,8.764581134134485,76.69594158540535,2020,10,Dengue,5,0,36538
W28,Ward_28,8.764581134134485,76.69594158540535,2020,11,Dengue,9,2,36538
W28,Ward_28,8.764581134134485,76.69594158540535,2020,12,Dengue,10,2,36538
W28,Ward_28,8.764581134134485,76.69594158540535,2021,1,Dengue,9,1,36538
W28,Ward_28,8.764581134134485,76.69594158540535,2021,2,Dengue,10,1,36538
W28,Ward_28,8.764581134134485,76.69594158540535,2021,3,Dengue,5,0,36538
W28,Ward_28,8.764581134134485,76.69594158540535,2021,4,Dengue,5,0,36538
W28,Ward_28,8.764581134134485,76.69594158540535,2021,5,Dengue,7,0,36538
W28,Ward_28,8.764581134134485,76.69594158540535,2021,6,Dengue,31,6,36538
W28,Ward_28,8.764581134134485,76.69594158540535,2021,7,Dengue,26,2,36538
W28,Ward_28,8.764581134134485,76.69594158540535,2021,8,Dengue,29,4,36538
W28,Ward_28,8.764581134134485,76.69594158540535,2021,9,Dengue,31,4,36538
W28,Ward_28,8.764581134134485,76.69594158540535,2021,10,Dengue,6,0,36538
W28,Ward_28,8.764581134134485,76.69594158540535,2021,11,Dengue,9,1,36538
W28,Ward_28,8.764581134134485,76.69594158540535,2021,12,Dengue,5,1,36538
W28,Ward_28,8.764581134134485,76.69594158540535,2022,1,Dengue,3,0,36538
W28,Ward_28,8.764581134134485,76.69594158540535,2022,2,Dengue,2,0,36538
W28,Ward_28,8.764581134134485,76.69594158540535,2022,3,Dengue,5,1,36538
W28,Ward_28,8.764581134134485,76.69594158540535,2022,4,Dengue,10,2,36538
W28,Ward_28,8.764581134134485,76.69594158540535,2022,5,Dengue,6,0,36538
W28,Ward_28,8.764581134134485,76.69594158540535,2022,6,Dengue,21,2,36538
W28,Ward_28,8.764581134134485,76.69594158540535,2022,7,Dengue,19,4,36538
W28,Ward_28,8.764581134134485,76.69594158540535,2022,8,Dengue,26,5,36538
W28,Ward_28,8.764581134134485,76.69594158540535,2022,9,Dengue,21,4,36538
W28,Ward_28,8.764581134134485,76.69594158540535,2022,10,Dengue,2,0,36538
W28,Ward_28,8.764581134134485,76.69594158540535,2022,11,Dengue,3,0,36538
W28,Ward_28,8.764581134134485,76.69594158540535,2022,12,Dengue,5,0,36538
W28,Ward_28,8.764581134134485,76.69594158540535,2023,1,Dengue,5,0,36538
W28,Ward_28,8.764581134134485,76.69594158540535,2023,2,Dengue,7,1,36538
W28,Ward_28,8.764581134134485,76.69594158540535,2023,3,Dengue,5,0,36538
W28,Ward_28,8.764581134134485,76.69594158540535,2023,4,Dengue,9,1,36538
W28,Ward_28,8.764581134134485,76.69594158540535,2023,5,Dengue,5,1,36538
W28,Ward_28,8.764581134134485,76.69594158540535,2023,6,Dengue,19,2,36538
W28,Ward_28,8.764581134134485,76.69594158540535,2023,7,Dengue,30,5,36538
W28,Ward_28,8.764581134134485,76.69594158540535,2023,8,Dengue,25,3,36538
W28,Ward_28,8.764581134134485,76.69594158540535,2023,9,Dengue,27,3,36538
W28,Ward_28,8.764581134134485,76.69594158540535,2023,10,Dengue,7,1,36538
W28,Ward_28,8.764581134134485,76.69594158540535,2023,11,Dengue,9,0,36538
W28,Ward_28,8.764581134134485,76.69594158540535,2023,12,Dengue,2,0,36538
W29,Ward_29,8.784352104746196,76.7220132461228,2018,1,Dengue,8,0,19908
W29,Ward_29,8.784352104746196,76.7220132461228,2018,2,Dengue,13,1,19908
W29,Ward_29,8.784352104746196,76.7220132461228,2018,3,Dengue,3,0,19908
W29,Ward_29,8.784352104746196,76.7220132461228,2018,4,Dengue,5,1,19908
W29,Ward_29,8.784352104746196,76.7220132461228,2018,5,Dengue,9,1,19908
W29,Ward_29,8.784352104746196,76.7220132461228,2018,6,Dengue,11,2,19908
W29,Ward_29,8.784352104746196,76.7220132461228,2018,7,Dengue,26,3,19908
W29,Ward_29,8.784352104746196,76.7220132461228,2018,8,Dengue,22,2,19908
W29,Ward_29,8.784352104746196,76.7220132461228,2018,9,Dengue,24,5,19908
W29,Ward_29,8.784352104746196,76.7220132461228,2018,10,Dengue,7,1,19908
W29,Ward_29,8.784352104746196,76.7220132461228,2018,11,Dengue,5,1,19908
W29,Ward_29,8.784352104746196,76.7220132461228,2018,12,Dengue,4,0,19908
W29,Ward_29,8.784352104746196,76.7220132461228,2019,1,Dengue,9,1,19908
W29,Ward_29,8.784352104746196,76.7220132461228,2019,2,Dengue,5,1,19908
W29,Ward_29,8.784352104746196,76.7220132461228,2019,3,Dengue,11,2,19908
W29,Ward_29,8.784352104746196,76.7220132461228,2019,4,Dengue,13,2,19908
W29,Ward_29,8.784352104746196,76.7220132461228,2019,5,Dengue,2,0,19908
W29,Ward_29,8.784352104746196,76.7220132461228,2019,6,Dengue,17,2,19908
W29,Ward_29,8.784352104746196,76.7220132461228,2019,7,Dengue,24,4,19908
W29,Ward_29,8.784352104746196,76.7220132461228,2019,8,Dengue,20,3,19908
W29,Ward_29,8.784352104746196,76.7220132461228,2019,9,Dengue,19,2,19908
W29,Ward_29,8.784352104746196,76.7220132461228,2019,10,Dengue,9,1,19908
W29,Ward_29,8.784352104746196,76.7220132461228,2019,11,Dengue,5,0,19908
W29,Ward_29,8.784352104746196,76.7220132461228,2019,12,Dengue,5,0,19908
W29,Ward_29,8.784352104746196,76.7220132461228,2020,1,Dengue,5,0,19908
W29,Ward_29,8.784352104746196,76.7220132461228,2020,2,Dengue,10,1,19908
W29,Ward_29,8.784352104746196,76.7220132461228,2020,3,Dengue,8,1,19908
W29,Ward_29,8.784352104746196,76.7220132461228,2020,4,Dengue,2,0,19908
W29,Ward_29,8.784352104746196,76.7220132461228,2020,5,Dengue,3,0,19908
W29,Ward_29,8.784352104746196,76.7220132461228,2020,6,Dengue,19,3,19908
W29,Ward_29,8.784352104746196,76.7220132461228,2020,7,Dengue,19,2,19908
W29,Ward_29,8.784352104746196,76.7220132461228,2020,8,Dengue,14,3,19908
W29,Ward_29,8.784352104746196,76.7220132461228,2020,9,Dengue,26,4,19908
W29,Ward_29,8.784352104746196,76.7220132461228,2020,10,Dengue,8,1,19908
W29,Ward_29,8.784352104746196,76.7220132461228,2020,11,Dengue,4,0,19908
W29,Ward_29,8.784352104746196,76.7220132461228,2020,12,Dengue,7,0,19908
W29,Ward_29,8.784352104746196,76.7220132461228,2021,1,Dengue,4,0,19908
W29,Ward_29,8.784352104746196,76.7220132461228,2021,2,Dengue,8,0,19908
W29,Ward_29,8.784352104746196,76.7220132461228,2021,3,Dengue,4,0,19908
W29,Ward_29,8.784352104746196,76.7220132461228,2021,4,Dengue,5,1,19908
W29,Ward_29,8.784352104746196,76.7220132461228,2021,5,Dengue,9,1,19908
W29,Ward_29,8.784352104746196,76.7220132461228,2021,6,Dengue,24,5,19908
W29,Ward_29,8.784352104746196,76.7220132461228,2021,7,Dengue,16,2,19908
W29,Ward_29,8.784352104746196,76.7220132461228,2021,8,Dengue,16,3,19908
W29,Ward_29,8.784352104746196,76.7220132461228,2021,9,Dengue,20,2,19908
W29,Ward_29,8.784352104746196,76.7220132461228,2021,10,Dengue,7,1,19908
W29,Ward_29,8.784352104746196,76.7220132461228,2021,11,Dengue,7,1,19908
W29,Ward_29,8.784352104746196,76.7220132461228,2021,12,Dengue,2,0,19908
W29,Ward_29,8.784352104746196,76.7220132461228,2022,1,Dengue,3,0,19908
W29,Ward_29,8.784352104746196,76.7220132461228,2022,2,Dengue,4,0,19908
W29,Ward_29,8.784352104746196,76.7220132461228,2022,3,Dengue,4,0,19908
W29,Ward_29,8.784352104746196,76.7220132461228,2022,4,Dengue,4,0,19908
W29,Ward_29,8.784352104746196,76.7220132461228,2022,5,Dengue,9,1,19908
W29,Ward_29,8.784352104746196,76.7220132461228,2022,6,Dengue,28,4,19908
W29,Ward_29,8.784352104746196,76.7220132461228,2022,7,Dengue,14,1,19908
W29,Ward_29,8.784352104746196,76.7220132461228,2022,8,Dengue,20,2,19908
W29,Ward_29,8.784352104746196,76.7220132461228,2022,9,Dengue,27,6,19908
W29,Ward_29,8.784352104746196,76.7220132461228,2022,10,Dengue,13,2,19908
W29,Ward_29,8.784352104746196,76.7220132461228,2022,11,Dengue,3,0,19908
W29,Ward_29,8.784352104746196,76.7220132461228,2022,12,Dengue,5,1,19908
W29,Ward_29,8.784352104746196,76.7220132461228,2023,1,Dengue,3,0,19908
W29,Ward_29,8.784352104746196,76.7220132461228,2023,2,Dengue,4,0,19908
W29,Ward_29,8.784352104746196,76.7220132461228,2023,3,Dengue,8,1,19908
W29,Ward_29,8.784352104746196,76.7220132461228,2023,4,Dengue,7,1,19908
W29,Ward_29,8.784352104746196,76.7220132461228,2023,5,Dengue,4,0,19908
W29,Ward_29,8.784352104746196,76.7220132461228,2023,6,Dengue,17,1,19908
W29,Ward_29,8.784352104746196,76.7220132461228,2023,7,Dengue,19,4,19908
W29,Ward_29,8.784352104746196,76.7220132461228,2023,8,Dengue,15,2,19908
W29,Ward_29,8.784352104746196,76.7220132461228,2023,9,Dengue,21,3,19908
W29,Ward_29,8.784352104746196,76.7220132461228,2023,10,Dengue,9,2,19908
W29,Ward_29,8.784352104746196,76.7220132461228,2023,11,Dengue,2,0,19908
W29,Ward_29,8.784352104746196,76.7220132461228,2023,12,Dengue,17,2,19908
W30,Ward_30,8.596246242858768,77.05356580930973,2018,1,Dengue,9,1,24145
W30,Ward_30,8.596246242858768,77.05356580930973,2018,2,Dengue,4,0,24145
W30,Ward_30,8.596246242858768,77.05356580930973,2018,3,Dengue,4,0,24145
W30,Ward_30,8.596246242858768,77.05356580930973,2018,4,Dengue,11,2,24145
W30,Ward_30,8.596246242858768,77.05356580930973,2018,5,Dengue,1,0,24145
W30,Ward_30,8.596246242858768,77.05356580930973,2018,6,Dengue,41,4,24145
W30,Ward_30,8.596246242858768,77.05356580930973,2018,7,Dengue,9,1,24145
W30,Ward_30,8.596246242858768,77.05356580930973,2018,8,Dengue,28,5,24145
W30,Ward_30,8.596246242858768,77.05356580930973,2018,9,Dengue,23,4,24145
W30,Ward_30,8.596246242858768,77.05356580930973,2018,10,Dengue,11,1,24145
W30,Ward_30,8.596246242858768,77.05356580930973,2018,11,Dengue,4,0,24145
W30,Ward_30,8.596246242858768,77.05356580930973,2018,12,Dengue,11,2,24145
W30,Ward_30,8.596246242858768,77.05356580930973,2019,1,Dengue,7,0,24145
W30,Ward_30,8.596246242858768,77.05356580930973,2019,2,Dengue,1,0,24145
W30,Ward_30,8.596246242858768,77.05356580930973,2019,3,Dengue,9,1,24145
W30,Ward_30,8.596246242858768,77.05356580930973,2019,4,Dengue,12,2,24145
W30,Ward_30,8.596246242858768,77.05356580930973,2019,5,Dengue,9,1,24145
W30,Ward_30,8.596246242858768,77.05356580930973,2019,6,Dengue,20,2,24145
W30,Ward_30,8.596246242858768,77.05356580930973,2019,7,Dengue,22,5,24145
W30,Ward_30,8.596246242858768,77.05356580930973,2019,8,Dengue,25,3,24145
W30,Ward_30,8.596246242858768,77.05356580930973,2019,9,Dengue,28,3,24145
W30,Ward_30,8.596246242858768,77.05356580930973,2019,10,Dengue,9,1,24145
W30,Ward_30,8.596246242858768,77.05356580930973,2019,11,Dengue,6,0,24145
W30,Ward_30,8.596246242858768,77.05356580930973,2019,12,Dengue,7,1,24145
W30,Ward_30,8.596246242858768,77.05356580930973,2020,1,Dengue,4,0,24145
W30,Ward_30,8.596246242858768,77.05356580930973,2020,2,Dengue,6,0,24145
W30,Ward_30,8.596246242858768,77.05356580930973,2020,3,Dengue,6,1,24145
W30,Ward_30,8.596246242858768,77.05356580930973,2020,4,Dengue,11,2,24145
W30,Ward_30,8.596246242858768,77.05356580930973,2020,5,Dengue,15,2,24145
W30,Ward_30,8.596246242858768,77.05356580930973,2020,6,Dengue,22,3,24145
W30,Ward_30,8.596246242858768,77.05356580930973,2020,7,Dengue,27,6,24145
W30,Ward_30,8.596246242858768,77.05356580930973,2020,8,Dengue,15,1,24145
W30,Ward_30,8.596246242858768,77.05356580930973,2020,9,Dengue,20,2,24145
W30,Ward_30,8.596246242858768,77.05356580930973,2020,10,Dengue,9,1,24145
W30,Ward_30,8.596246242858768,77.05356580930973,2020,11,Dengue,9,2,24145
W30,Ward_30,8.596246242858768,77.05356580930973,2020,12,Dengue,7,0,24145
W30,Ward_30,8.596246242858768,77.05356580930973,2021,1,Dengue,7,1,24145
W30,Ward_30,8.596246242858768,77.05356580930973,2021,2,Dengue,7,1,24145
W30,Ward_30,8.596246242858768,77.05356580930973,2021,3,Dengue,4,0,24145
W30,Ward_30,8.596246242858768,77.05356580930973,2021,4,Dengue,9,1,24145
W30,Ward_30,8.596246242858768,77.05356580930973,2021,5,Dengue,7,1,24145
W30,Ward_30,8.596246242858768,77.05356580930973,2021,6,Dengue,31,4,24145
W30,Ward_30,8.596246242858768,77.05356580930973,2021,7,Dengue,25,2,24145
W30,Ward_30,8.596246242858768,77.05356580930973,2021,8,Dengue,22,4,24145
W30,Ward_30,8.596246242858768,77.05356580930973,2021,9,Dengue,22,2,24145
W30,Ward_30,8.596246242858768,77.05356580930973,2021,10,Dengue,7,0,24145
W30,Ward_30,8.596246242858768,77.05356580930973,2021,11,Dengue,9,1,24145
W30,Ward_30,8.596246242858768,77.05356580930973,2021,12,Dengue,14,2,24145
W30,Ward_30,8.596246242858768,77.05356580930973,2022,1,Dengue,9,2,24145
W30,Ward_30,8.596246242858768,77.05356580930973,2022,2,Dengue,3,0,24145
W30,Ward_30,8.596246242858768,77.05356580930973,2022,3,Dengue,1,0,24145
W30,Ward_30,8.596246242858768,77.05356580930973,2022,4,Dengue,4,0,24145
W30,Ward_30,8.596246242858768,77.05356580930973,2022,5,Dengue,7,0,24145
W30,Ward_30,8.596246242858768,77.05356580930973,2022,6,Dengue,27,3,24145
W30,Ward_30,8.596246242858768,77.05356580930973,2022,7,Dengue,23,4,24145
W30,Ward_30,8.596246242858768,77.05356580930973,2022,8,Dengue,31,7,24145
W30,Ward_30,8.596246242858768,77.05356580930973,2022,9,Dengue,28,4,24145
W30,Ward_30,8.596246242858768,77.05356580930973,2022,10,Dengue,14,3,24145
W30,Ward_30,8.596246242858768,77.05356580930973,2022,11,Dengue,7,1,24145
W30,Ward_30,8.596246242858768,77.05356580930973,2022,12,Dengue,4,0,24145
W30,Ward_30,8.596246242858768,77.05356580930973,2023,1,Dengue,4,0,24145
W30,Ward_30,8.596246242858768,77.05356580930973,2023,2,Dengue,9,2,24145
W30,Ward_30,8.596246242858768,77.05356580930973,2023,3,Dengue,7,0,24145
W30,Ward_30,8.596246242858768,77.05356580930973,2023,4,Dengue,9,1,24145
W30,Ward_30,8.596246242858768,77.05356580930973,2023,5,Dengue,11,1,24145
W30,Ward_30,8.596246242858768,77.05356580930973,2023,6,Dengue,23,4,24145
W30,Ward_30,8.596246242858768,77.05356580930973,2023,7,Dengue,17,2,24145
W30,Ward_30,8.596246242858768,77.05356580930973,2023,8,Dengue,31,7,24145
W30,Ward_30,8.596246242858768,77.05356580930973,2023,9,Dengue,41,6,24145
W30,Ward_30,8.596246242858768,77.05356580930973,2023,10,Dengue,9,0,24145
W30,Ward_30,8.596246242858768,77.05356580930973,2023,11,Dengue,11,2,24145
W30,Ward_30,8.596246242858768,77.05356580930973,2023,12,Dengue,7,1,24145
W31,Ward_31,8.48201249955088,77.13269690144658,2018,1,Dengue,0,0,36663
W31,Ward_31,8.48201249955088,77.13269690144658,2018,2,Dengue,7,1,36663
W31,Ward_31,8.48201249955088,77.13269690144658,2018,3,Dengue,3,0,36663
W31,Ward_31,8.48201249955088,77.13269690144658,2018,4,Dengue,5,0,36663
W31,Ward_31,8.48201249955088,77.13269690144658,2018,5,Dengue,3,0,36663
W31,Ward_31,8.48201249955088,77.13269690144658,2018,6,Dengue,15,1,36663
W31,Ward_31,8.48201249955088,77.13269690144658,2018,7,Dengue,17,4,36663
W31,Ward_31,8.48201249955088,77.13269690144658,2018,8,Dengue,15,1,36663
W31,Ward_31,8.48201249955088,77.13269690144658,2018,9,Dengue,12,1,36663
W31,Ward_31,8.48201249955088,77.13269690144658,2018,10,Dengue,3,0,36663
W31,Ward_31,8.48201249955088,77.13269690144658,2018,11,Dengue,4,0,36663
W31,Ward_31,8.48201249955088,77.13269690144658,2018,12,Dengue,4,0,36663
W31,Ward_31,8.48201249955088,77.13269690144658,2019,1,Dengue,3,0,36663
W31,Ward_31,8.48201249955088,77.13269690144658,2019,2,Dengue,3,0,36663
W31,Ward_31,8.48201249955088,77.13269690144658,2019,3,Dengue,6,0,36663
W31,Ward_31,8.48201249955088,77.13269690144658,2019,4,Dengue,2,0,36663
W31,Ward_31,8.48201249955088,77.13269690144658,2019,5,Dengue,2,0,36663
W31,Ward_31,8.48201249955088,77.13269690144658,2019,6,Dengue,18,3,36663
W31,Ward_31,8.48201249955088,77.13269690144658,2019,7,Dengue,16,3,36663
W31,Ward_31,8.48201249955088,77.13269690144658,2019,8,Dengue,15,3,36663
W31,Ward_31,8.48201249955088,77.13269690144658,2019,9,Dengue,12,1,36663
W31,Ward_31,8.48201249955088,77.13269690144658,2019,10,Dengue,3,0,36663
W31,Ward_31,8.48201249955088,77.13269690144658,2019,11,Dengue,4,0,36663
W31,Ward_31,8.48201249955088,77.13269690144658,2019,12,Dengue,2,0,36663
W31,Ward_31,8.48201249955088,77.13269690144658,2020,1,Dengue,0,0,36663
W31,Ward_31,8.48201249955088,77.13269690144658,2020,2,Dengue,5,0,36663
W31,Ward_31,8.48201249955088,77.13269690144658,2020,3,Dengue,4,0,36663
W31,Ward_31,8.48201249955088,77.13269690144658,2020,4,Dengue,5,0,36663
W31,Ward_31,8.48201249955088,77.13269690144658,2020,5,Dengue,5,1,36663
W31,Ward_31,8.48201249955088,77.13269690144658,2020,6,Dengue,13,2,36663
W31,Ward_31,8.48201249955088,77.13269690144658,2020,7,Dengue,15,2,36663
W31,Ward_31,8.48201249955088,77.13269690144658,2020,8,Dengue,13,2,36663
W31,Ward_31,8.48201249955088,77.13269690144658,2020,9,Dengue,15,3,36663
W31,Ward_31,8.48201249955088,77.13269690144658,2020,10,Dengue,3,0,36663
W31,Ward_31,8.48201249955088,77.13269690144658,2020,11,Dengue,7,1,36663
W31,Ward_31,8.48201249955088,77.13269690144658,2020,12,Dengue,4,0,36663
W31,Ward_31,8.48201249955088,77.13269690144658,2021,1,Dengue,6,1,36663
W31,Ward_31,8.48201249955088,77.13269690144658,2021,2,Dengue,4,0,36663
W31,Ward_31,8.48201249955088,77.13269690144658,2021,3,Dengue,5,0,36663
W31,Ward_31,8.48201249955088,77.13269690144658,2021,4,Dengue,4,0,36663
W31,Ward_31,8.48201249955088,77.13269690144658,2021,5,Dengue,2,0,36663
W31,Ward_31,8.48201249955088,77.13269690144658,2021,6,Dengue,15,2,36663
W31,Ward_31,8.48201249955088,77.13269690144658,2021,7,Dengue,20,3,36663
W31,Ward_31,8.48201249955088,77.13269690144658,2021,8,Dengue,13,2,36663
W31,Ward_31,8.48201249955088,77.13269690144658,2021,9,Dengue,12,2,36663
W31,Ward_31,8.48201249955088,77.13269690144658,2021,10,Dengue,5,0,36663
W31,Ward_31,8.48201249955088,77.13269690144658,2021,11,Dengue,8,0,36663
W31,Ward_31,8.48201249955088,77.13269690144658,2021,12,Dengue,5,0,36663
W31,Ward_31,8.48201249955088,77.13269690144658,2022,1,Dengue,4,0,36663
W31,Ward_31,8.48201249955088,77.13269690144658,2022,2,Dengue,4,0,36663
W31,Ward_31,8.48201249955088,77.13269690144658,2022,3,Dengue,1,0,36663
W31,Ward_31,8.48201249955088,77.13269690144658,2022,4,Dengue,1,0,36663
W31,Ward_31,8.48201249955088,77.13269690144658,2022,5,Dengue,3,0,36663
W31,Ward_31,8.48201249955088,77.13269690144658,2022,6,Dengue,16,3,36663
W31,Ward_31,8.48201249955088,77.13269690144658,2022,7,Dengue,10,2,36663
W31,Ward_31,8.48201249955088,77.13269690144658,2022,8,Dengue,10,1,36663
W31,Ward_31,8.48201249955088,77.13269690144658,2022,9,Dengue,10,1,36663
W31,Ward_31,8.48201249955088,77.13269690144658,2022,10,Dengue,3,0,36663
W31,Ward_31,8.48201249955088,77.13269690144658,2022,11,Dengue,5,0,36663
W31,Ward_31,8.48201249955088,77.13269690144658,2022,12,Dengue,5,1,36663
W31,Ward_31,8.48201249955088,77.13269690144658,2023,1,Dengue,5,0,36663
W31,Ward_31,8.48201249955088,77.13269690144658,2023,2,Dengue,6,0,36663
W31,Ward_31,8.48201249955088,77.13269690144658,2023,3,Dengue,4,0,36663
W31,Ward_31,8.48201249955088,77.13269690144658,2023,4,Dengue,4,0,36663
W31,Ward_31,8.48201249955088,77.13269690144658,2023,5,Dengue,5,1,36663
W31,Ward_31,8.48201249955088,77.13269690144658,2023,6,Dengue,10,1,36663
W31,Ward_31,8.48201249955088,77.13269690144658,2023,7,Dengue,20,2,36663
W31,Ward_31,8.48201249955088,77.13269690144658,2023,8,Dengue,10,2,36663
W31,Ward_31,8.48201249955088,77.13269690144658,2023,9,Dengue,13,2,36663
W31,Ward_31,8.48201249955088,77.13269690144658,2023,10,Dengue,4,0,36663
W31,Ward_31,8.48201249955088,77.13269690144658,2023,11,Dengue,2,0,36663
W31,Ward_31,8.48201249955088,77.13269690144658,2023,12,Dengue,4,0,36663
W32,Ward_32,8.7399098902047,76.77404751544967,2018,1,Dengue,6,0,37343
W32,Ward_32,8.7399098902047,76.77404751544967,2018,2,Dengue,8,1,37343
W32,Ward_32,8.7399098902047,76.77404751544967,2018,3,Dengue,6,0,37343
W32,Ward_32,8.7399098902047,76.77404751544967,2018,4,Dengue,4,0,37343
W32,Ward_32,8.7399098902047,76.77404751544967,2018,5,Dengue,9,1,37343
W32,Ward_32,8.7399098902047,76.77404751544967,2018,6,Dengue,17,3,37343
W32,Ward_32,8.7399098902047,76.77404751544967,2018,7,Dengue,28,5,37343
W32,Ward_32,8.7399098902047,76.77404751544967,2018,8,Dengue,44,8,37343
W32,Ward_32,8.7399098902047,76.77404751544967,2018,9,Dengue,12,2,37343
W32,Ward_32,8.7399098902047,76.77404751544967,2018,10,Dengue,1,0,37343
W32,Ward_32,8.7399098902047,76.77404751544967,2018,11,Dengue,8,1,37343
W32,Ward_32,8.7399098902047,76.77404751544967,2018,12,Dengue,4,0,37343
W32,Ward_32,8.7399098902047,76.77404751544967,2019,1,Dengue,6,0,37343
W32,Ward_32,8.7399098902047,76.77404751544967,2019,2,Dengue,9,0,37343
W32,Ward_32,8.7399098902047,76.77404751544967,2019,3,Dengue,3,0,37343
W32,Ward_32,8.7399098902047,76.77404751544967,2019,4,Dengue,6,1,37343
W32,Ward_32,8.7399098902047,76.77404751544967,2019,5,Dengue,3,0,37343
W32,Ward_32,8.7399098902047,76.77404751544967,2019,6,Dengue,22,4,37343
W32,Ward_32,8.7399098902047,76.77404751544967,2019,7,Dengue,28,4,37343
W32,Ward_32,8.7399098902047,76.77404751544967,2019,8,Dengue,36,7,37343
W32,Ward_32,8.7399098902047,76.77404751544967,2019,9,Dengue,33,4,37343
W32,Ward_32,8.7399098902047,76.77404751544967,2019,10,Dengue,3,0,37343
W32,Ward_32,8.7399098902047,76.77404751544967,2019,11,Dengue,12,1,37343
W32,Ward_32,8.7399098902047,76.77404751544967,2019,12,Dengue,11,1,37343
W32,Ward_32,8.7399098902047,76.77404751544967,2020,1,Dengue,14,1,37343
W32,Ward_32,8.7399098902047,76.77404751544967,2020,2,Dengue,4,0,37343
W32,Ward_32,8.7399098902047,76.77404751544967,2020,3,Dengue,12,2,37343
W32,Ward_32,8.7399098902047,76.77404751544967,2020,4,Dengue,3,0,37343
W32,Ward_32,8.7399098902047,76.77404751544967,2020,5,Dengue,6,1,37343
W32,Ward_32,8.7399098902047,76.77404751544967,2020,6,Dengue,22,2,37343
W32,Ward_32,8.7399098902047,76.77404751544967,2020,7,Dengue,33,6,37343
W32,Ward_32,8.7399098902047,76.77404751544967,2020,8,Dengue,25,4,37343
W32,Ward_32,8.7399098902047,76.77404751544967,2020,9,Dengue,28,4,37343
W32,Ward_32,8.7399098902047,76.77404751544967,2020,10,Dengue,4,0,37343
W32,Ward_32,8.7399098902047,76.77404751544967,2020,11,Dengue,3,0,37343
W32,Ward_32,8.7399098902047,76.77404751544967,2020,12,Dengue,8,1,37343
W32,Ward_32,8.7399098902047,76.77404751544967,2021,1,Dengue,8,1,37343
W32,Ward_32,8.7399098902047,76.77404751544967,2021,2,Dengue,9,1,37343
W32,Ward_32,8.7399098902047,76.77404751544967,2021,3,Dengue,9,1,37343
W32,Ward_32,8.7399098902047,76.77404751544967,2021,4,Dengue,3,0,37343
W32,Ward_32,8.7399098902047,76.77404751544967,2021,5,Dengue,6,1,37343
W32,Ward_32,8.7399098902047,76.77404751544967,2021,6,Dengue,22,4,37343
W32,Ward_32,8.7399098902047,76.77404751544967,2021,7,Dengue,30,5,37343
W32,Ward_32,8.7399098902047,76.77404751544967,2021,8,Dengue,28,4,37343
W32,Ward_32,8.7399098902047,76.77404751544967,2021,9,Dengue,20,3,37343
W32,Ward_32,8.7399098902047,76.77404751544967,2021,10,Dengue,6,1,37343
W32,Ward_32,8.7399098902047,76.77404751544967,2021,11,Dengue,6,1,37343
W32,Ward_32,8.7399098902047,76.77404751544967,2021,12,Dengue,6,1,37343
W32,Ward_32,8.7399098902047,76.77404751544967,2022,1,Dengue,12,1,37343
W32,Ward_32,8.7399098902047,76.77404751544967,2022,2,Dengue,9,2,37343
W32,Ward_32,8.7399098902047,76.77404751544967,2022,3,Dengue,4,0,37343
W32,Ward_32,8.7399098902047,76.77404751544967,2022,4,Dengue,6,0,37343
W32,Ward_32,8.7399098902047,76.77404751544967,2022,5,Dengue,6,1,37343
W32,Ward_32,8.7399098902047,76.77404751544967,2022,6,Dengue,35,7,37343
W32,Ward_32,8.7399098902047,76.77404751544967,2022,7,Dengue,24,4,37343
W32,Ward_32,8.7399098902047,76.77404751544967,2022,8,Dengue,27,6,37343
W32,Ward_32,8.7399098902047,76.77404751544967,2022,9,Dengue,35,4,37343
W32,Ward_32,8.7399098902047,76.77404751544967,2022,10,Dengue,8,1,37343
W32,Ward_32,8.7399098902047,76.77404751544967,2022,11,Dengue,3,0,37343
W32,Ward_32,8.7399098902047,76.77404751544967,2022,12,Dengue,4,0,37343
W32,Ward_32,8.7399098902047,76.77404751544967,2023,1,Dengue,1,0,37343
W32,Ward_32,8.7399098902047,76.77404751544967,2023,2,Dengue,9,1,37343
W32,Ward_32,8.7399098902047,76.77404751544967,2023,3,Dengue,4,0,37343
W32,Ward_32,8.7399098902047,76.77404751544967,2023,4,Dengue,11,2,37343
W32,Ward_32,8.7399098902047,76.77404751544967,2023,5,Dengue,11,2,37343
W32,Ward_32,8.7399098902047,76.77404751544967,2023,6,Dengue,24,3,37343
W32,Ward_32,8.7399098902047,76.77404751544967,2023,7,Dengue,46,9,37343
W32,Ward_32,8.7399098902047,76.77404751544967,2023,8,Dengue,36,5,37343
W32,Ward_32,8.7399098902047,76.77404751544967,2023,9,Dengue,33,7,37343
W32,Ward_32,8.7399098902047,76.77404751544967,2023,10,Dengue,11,1,37343
W32,Ward_32,8.7399098902047,76.77404751544967,2023,11,Dengue,3,0,37343
W32,Ward_32,8.7399098902047,76.77404751544967,2023,12,Dengue,9,1,37343
W33,Ward_33,8.683302654024233,76.77103586838962,2018,1,Dengue,5,0,28967
W33,Ward_33,8.683302654024233,76.77103586838962,2018,2,Dengue,3,0,28967
W33,Ward_33,8.683302654024233,76.77103586838962,2018,3,Dengue,3,0,28967
W33,Ward_33,8.683302654024233,76.77103586838962,2018,4,Dengue,5,0,28967
W33,Ward_33,8.683302654024233,76.77103586838962,2018,5,Dengue,5,0,28967
W33,Ward_33,8.683302654024233,76.77103586838962,2018,6,Dengue,16,3,28967
W33,Ward_33,8.683302654024233,76.77103586838962,2018,7,Dengue,17,2,28967
W33,Ward_33,8.683302654024233,76.77103586838962,2018,8,Dengue,19,2,28967
W33,Ward_33,8.683302654024233,76.77103586838962,2018,9,Dengue,12,1,28967
W33,Ward_33,8.683302654024233,76.77103586838962,2018,10,Dengue,7,1,28967
W33,Ward_33,8.683302654024233,76.77103586838962,2018,11,Dengue,3,0,28967
W33,Ward_33,8.683302654024233,76.77103586838962,2018,12,Dengue,4,0,28967
W33,Ward_33,8.683302654024233,76.77103586838962,2019,1,Dengue,4,0,28967
W33,Ward_33,8.683302654024233,76.77103586838962,2019,2,Dengue,6,0,28967
W33,Ward_33,8.683302654024233,76.77103586838962,2019,3,Dengue,2,0,28967
W33,Ward_33,8.683302654024233,76.77103586838962,2019,4,Dengue,5,1,28967
W33,Ward_33,8.683302654024233,76.77103586838962,2019,5,Dengue,6,1,28967
W33,Ward_33,8.683302654024233,76.77103586838962,2019,6,Dengue,14,3,28967
W33,Ward_33,8.683302654024233,76.77103586838962,2019,7,Dengue,14,3,28967
W33,Ward_33,8.683302654024233,76.77103586838962,2019,8,Dengue,13,3,28967
W33,Ward_33,8.683302654024233,76.77103586838962,2019,9,Dengue,11,2,28967
W33,Ward_33,8.683302654024233,76.77103586838962,2019,10,Dengue,3,0,28967
W33,Ward_33,8.683302654024233,76.77103586838962,2019,11,Dengue,3,0,28967
W33,Ward_33,8.683302654024233,76.77103586838962,2019,12,Dengue,5,1,28967
W33,Ward_33,8.683302654024233,76.77103586838962,2020,1,Dengue,7,0,28967
W33,Ward_33,8.683302654024233,76.77103586838962,2020,2,Dengue,6,0,28967
W33,Ward_33,8.683302654024233,76.77103586838962,2020,3,Dengue,3,0,28967
W33,Ward_33,8.683302654024233,76.77103586838962,2020,4,Dengue,3,0,28967
W33,Ward_33,8.683302654024233,76.77103586838962,2020,5,Dengue,3,0,28967
W33,Ward_33,8.683302654024233,76.77103586838962,2020,6,Dengue,11,1,28967
W33,Ward_33,8.683302654024233,76.77103586838962,2020,7,Dengue,16,2,28967
W33,Ward_33,8.683302654024233,76.77103586838962,2020,8,Dengue,18,2,28967
W33,Ward_33,8.683302654024233,76.77103586838962,2020,9,Dengue,19,2,28967
W33,Ward_33,8.683302654024233,76.77103586838962,2020,10,Dengue,0,0,28967
W33,Ward_33,8.683302654024233,76.77103586838962,2020,11,Dengue,3,0,28967
W33,Ward_33,8.683302654024233,76.77103586838962,2020,12,Dengue,5,1,28967
W33,Ward_33,8.683302654024233,76.77103586838962,2021,1,Dengue,3,0,28967
W33,Ward_33,8.683302654024233,76.77103586838962,2021,2,Dengue,0,0,28967
W33,Ward_33,8.683302654024233,76.77103586838962,2021,3,Dengue,7,1,28967
W33,Ward_33,8.683302654024233,76.77103586838962,2021,4,Dengue,5,1,28967
W33,Ward_33,8.683302654024233,76.77103586838962,2021,5,Dengue,2,0,28967
W33,Ward_33,8.683302654024233,76.77103586838962,2021,6,Dengue,12,1,28967
W33,Ward_33,8.683302654024233,76.77103586838962,2021,7,Dengue,13,3,28967
W33,Ward_33,8.683302654024233,76.77103586838962,2021,8,Dengue,20,2,28967
W33,Ward_33,8.683302654024233,76.77103586838962,2021,9,Dengue,19,2,28967
W33,Ward_33,8.683302654024233,76.77103586838962,2021,10,Dengue,4,0,28967
W33,Ward_33,8.683302654024233,76.77103586838962,2021,11,Dengue,2,0,28967
W33,Ward_33,8.683302654024233,76.77103586838962,2021,12,Dengue,2,0,28967
W33,Ward_33,8.683302654024233,76.77103586838962,2022,1,Dengue,6,0,28967
W33,Ward_33,8.683302654024233,76.77103586838962,2022,2,Dengue,5,0,28967
W33,Ward_33,8.683302654024233,76.77103586838962,2022,3,Dengue,5,1,28967
W33,Ward_33,8.683302654024233,76.77103586838962,2022,4,Dengue,2,0,28967
W33,Ward_33,8.683302654024233,76.77103586838962,2022,5,Dengue,3,0,28967
W33,Ward_33,8.683302654024233,76.77103586838962,2022,6,Dengue,18,4,28967
W33,Ward_33,8.683302654024233,76.77103586838962,2022,7,Dengue,12,1,28967
W33,Ward_33,8.683302654024233,76.77103586838962,2022,8,Dengue,18,4,28967
W33,Ward_33,8.683302654024233,76.77103586838962,2022,9,Dengue,18,4,28967
W33,Ward_33,8.683302654024233,76.77103586838962,2022,10,Dengue,4,0,28967
W33,Ward_33,8.683302654024233,76.77103586838962,2022,11,Dengue,2,0,28967
W33,Ward_33,8.683302654024233,76.77103586838962,2022,12,Dengue,5,1,28967
W33,Ward_33,8.683302654024233,76.77103586838962,2023,1,Dengue,4,0,28967
W33,Ward_33,8.683302654024233,76.77103586838962,2023,2,Dengue,5,0,28967
W33,Ward_33,8.683302654024233,76.77103586838962,2023,3,Dengue,2,0,28967
W33,Ward_33,8.683302654024233,76.77103586838962,2023,4,Dengue,4,0,28967
W33,Ward_33,8.683302654024233,76.77103586838962,2023,5,Dengue,0,0,28967
W33,Ward_33,8.683302654024233,76.77103586838962,2023,6,Dengue,19,2,28967
W33,Ward_33,8.683302654024233,76.77103586838962,2023,7,Dengue,18,2,28967
W33,Ward_33,8.683302654024233,76.77103586838962,2023,8,Dengue,16,2,28967
W33,Ward_33,8.683302654024233,76.77103586838962,2023,9,Dengue,12,2,28967
W33,Ward_33,8.683302654024233,76.77103586838962,2023,10,Dengue,6,1,28967
W33,Ward_33,8.683302654024233,76.77103586838962,2023,11,Dengue,2,0,28967
W33,Ward_33,8.683302654024233,76.77103586838962,2023,12,Dengue,3,0,28967
W34,Ward_34,8.755612377776323,76.80975342611227,2018,1,Dengue,6,0,33402
W34,Ward_34,8.755612377776323,76.80975342611227,2018,2,Dengue,9,1,33402
W34,Ward_34,8.755612377776323,76.80975342611227,2018,3,Dengue,7,1,33402
W34,Ward_34,8.755612377776323,76.80975342611227,2018,4,Dengue,3,0,33402
W34,Ward_34,8.755612377776323,76.80975342611227,2018,5,Dengue,9,1,33402
W34,Ward_34,8.755612377776323,76.80975342611227,2018,6,Dengue,9,1,33402
W34,Ward_34,8.755612377776323,76.80975342611227,2018,7,Dengue,23,2,33402
W34,Ward_34,8.755612377776323,76.80975342611227,2018,8,Dengue,23,5,33402
W34,Ward_34,8.755612377776323,76.80975342611227,2018,9,Dengue,23,4,33402
W34,Ward_34,8.755612377776323,76.80975342611227,2018,10,Dengue,6,0,33402
W34,Ward_34,8.755612377776323,76.80975342611227,2018,11,Dengue,4,0,33402
W34,Ward_34,8.755612377776323,76.80975342611227,2018,12,Dengue,11,1,33402
W34,Ward_34,8.755612377776323,76.80975342611227,2019,1,Dengue,9,1,33402
W34,Ward_34,8.755612377776323,76.80975342611227,2019,2,Dengue,8,1,33402
W34,Ward_34,8.755612377776323,76.80975342611227,2019,3,Dengue,6,0,33402
W34,Ward_34,8.755612377776323,76.80975342611227,2019,4,Dengue,2,0,33402
W34,Ward_34,8.755612377776323,76.80975342611227,2019,5,Dengue,8,1,33402
W34,Ward_34,8.755612377776323,76.80975342611227,2019,6,Dengue,12,2,33402
W34,Ward_34,8.755612377776323,76.80975342611227,2019,7,Dengue,22,5,33402
W34,Ward_34,8.755612377776323,76.80975342611227,2019,8,Dengue,19,3,33402
W34,Ward_34,8.755612377776323,76.80975342611227,2019,9,Dengue,30,6,33402
W34,Ward_34,8.755612377776323,76.80975342611227,2019,10,Dengue,3,0,33402
W34,Ward_34,8.755612377776323,76.80975342611227,2019,11,Dengue,4,0,33402
W34,Ward_34,8.755612377776323,76.80975342611227,2019,12,Dengue,2,0,33402
W34,Ward_34,8.755612377776323,76.80975342611227,2020,1,Dengue,6,1,33402
W34,Ward_34,8.755612377776323,76.80975342611227,2020,2,Dengue,4,0,33402
W34,Ward_34,8.755612377776323,76.80975342611227,2020,3,Dengue,3,0,33402
W34,Ward_34,8.755612377776323,76.80975342611227,2020,4,Dengue,2,0,33402
W34,Ward_34,8.755612377776323,76.80975342611227,2020,5,Dengue,8,1,33402
W34,Ward_34,8.755612377776323,76.80975342611227,2020,6,Dengue,22,4,33402
W34,Ward_34,8.755612377776323,76.80975342611227,2020,7,Dengue,19,2,33402
W34,Ward_34,8.755612377776323,76.80975342611227,2020,8,Dengue,23,3,33402
W34,Ward_34,8.755612377776323,76.80975342611227,2020,9,Dengue,31,6,33402
W34,Ward_34,8.755612377776323,76.80975342611227,2020,10,Dengue,4,0,33402
W34,Ward_34,8.755612377776323,76.80975342611227,2020,11,Dengue,6,0,33402
W34,Ward_34,8.755612377776323,76.80975342611227,2020,12,Dengue,15,2,33402
W34,Ward_34,8.755612377776323,76.80975342611227,2021,1,Dengue,6,1,33402
W34,Ward_34,8.755612377776323,76.80975342611227,2021,2,Dengue,4,0,33402
W34,Ward_34,8.755612377776323,76.80975342611227,2021,3,Dengue,2,0,33402
W34,Ward_34,8.755612377776323,76.80975342611227,2021,4,Dengue,7,1,33402
W34,Ward_34,8.755612377776323,76.80975342611227,2021,5,Dengue,2,0,33402
W34,Ward_34,8.755612377776323,76.80975342611227,2021,6,Dengue,22,3,33402
W34,Ward_34,8.755612377776323,76.80975342611227,2021,7,Dengue,19,3,33402
W34,Ward_34,8.755612377776323,76.80975342611227,2021,8,Dengue,23,4,33402
W34,Ward_34,8.755612377776323,76.80975342611227,2021,9,Dengue,22,3,33402
W34,Ward_34,8.755612377776323,76.80975342611227,2021,10,Dengue,4,0,33402
W34,Ward_34,8.755612377776323,76.80975342611227,2021,11,Dengue,9,1,33402
W34,Ward_34,8.755612377776323,76.80975342611227,2021,12,Dengue,2,0,33402
W34,Ward_34,8.755612377776323,76.80975342611227,2022,1,Dengue,6,0,33402
W34,Ward_34,8.755612377776323,76.80975342611227,2022,2,Dengue,7,0,33402
W34,Ward_34,8.755612377776323,76.80975342611227,2022,3,Dengue,4,0,33402
W34,Ward_34,8.755612377776323,76.80975342611227,2022,4,Dengue,6,1,33402
W34,Ward_34,8.755612377776323,76.80975342611227,2022,5,Dengue,2,0,33402
W34,Ward_34,8.755612377776323,76.80975342611227,2022,6,Dengue,23,5,33402
W34,Ward_34,8.755612377776323,76.80975342611227,2022,7,Dengue,27,4,33402
W34,Ward_34,8.755612377776323,76.80975342611227,2022,8,Dengue,34,7,33402
W34,Ward_34,8.755612377776323,76.80975342611227,2022,9,Dengue,20,2,33402
W34,Ward_34,8.755612377776323,76.80975342611227,2022,10,Dengue,6,1,33402
W34,Ward_34,8.755612377776323,76.80975342611227,2022,11,Dengue,3,0,33402
W34,Ward_34,8.755612377776323,76.80975342611227,2022,12,Dengue,3,0,33402
W34,Ward_34,8.755612377776323,76.80975342611227,2023,1,Dengue,11,2,33402
W34,Ward_34,8.755612377776323,76.80975342611227,2023,2,Dengue,1,0,33402
W34,Ward_34,8.755612377776323,76.80975342611227,2023,3,Dengue,9,2,33402
W34,Ward_34,8.755612377776323,76.80975342611227,2023,4,Dengue,2,0,33402
W34,Ward_34,8.755612377776323,76.80975342611227,2023,5,Dengue,6,1,33402
W34,Ward_34,8.755612377776323,76.80975342611227,2023,6,Dengue,18,2,33402
W34,Ward_34,8.755612377776323,76.80975342611227,2023,7,Dengue,15,1,33402
W34,Ward_34,8.755612377776323,76.80975342611227,2023,8,Dengue,17,2,33402
W34,Ward_34,8.755612377776323,76.80975342611227,2023,9,Dengue,27,6,33402
W34,Ward_34,8.755612377776323,76.80975342611227,2023,10,Dengue,6,1,33402
W34,Ward_34,8.755612377776323,76.80975342611227,2023,11,Dengue,3,0,33402
W34,Ward_34,8.755612377776323,76.80975342611227,2023,12,Dengue,4,0,33402
W35,Ward_35,8.338366200479525,77.04781120056047,2018,1,Dengue,3,0,24529
W35,Ward_35,8.338366200479525,77.04781120056047,2018,2,Dengue,6,1,24529
W35,Ward_35,8.338366200479525,77.04781120056047,2018,3,Dengue,4,0,24529
W35,Ward_35,8.338366200479525,77.04781120056047,2018,4,Dengue,4,0,24529
W35,Ward_35,8.338366200479525,77.04781120056047,2018,5,Dengue,3,0,24529
W35,Ward_35,8.338366200479525,77.04781120056047,2018,6,Dengue,19,4,24529
W35,Ward_35,8.338366200479525,77.04781120056047,2018,7,Dengue,17,3,24529
W35,Ward_35,8.338366200479525,77.04781120056047,2018,8,Dengue,15,2,24529
W35,Ward_35,8.338366200479525,77.04781120056047,2018,9,Dengue,18,3,24529
W35,Ward_35,8.338366200479525,77.04781120056047,2018,10,Dengue,1,0,24529
W35,Ward_35,8.338366200479525,77.04781120056047,2018,11,Dengue,2,0,24529
W35,Ward_35,8.338366200479525,77.04781120056047,2018,12,Dengue,5,0,24529
W35,Ward_35,8.338366200479525,77.04781120056047,2019,1,Dengue,2,0,24529
W35,Ward_35,8.338366200479525,77.04781120056047,2019,2,Dengue,3,0,24529
W35,Ward_35,8.338366200479525,77.04781120056047,2019,3,Dengue,5,1,24529
W35,Ward_35,8.338366200479525,77.04781120056047,2019,4,Dengue,2,0,24529
W35,Ward_35,8.338366200479525,77.04781120056047,2019,5,Dengue,3,0,24529
W35,Ward_35,8.338366200479525,77.04781120056047,2019,6,Dengue,15,2,24529
W35,Ward_35,8.338366200479525,77.04781120056047,2019,7,Dengue,13,1,24529
W35,Ward_35,8.338366200479525,77.04781120056047,2019,8,Dengue,15,3,24529
W35,Ward_35,8.338366200479525,77.04781120056047,2019,9,Dengue,9,1,24529
W35,Ward_35,8.338366200479525,77.04781120056047,2019,10,Dengue,1,0,24529
W35,Ward_35,8.338366200479525,77.04781120056047,2019,11,Dengue,3,0,24529
W35,Ward_35,8.338366200479525,77.04781120056047,2019,12,Dengue,0,0,24529
W35,Ward_35,8.338366200479525,77.04781120056047,2020,1,Dengue,3,0,24529
W35,Ward_35,8.338366200479525,77.04781120056047,2020,2,Dengue,1,0,24529
W35,Ward_35,8.338366200479525,77.04781120056047,2020,3,Dengue,6,1,24529
W35,Ward_35,8.338366200479525,77.04781120056047,2020,4,Dengue,3,0,24529
W35,Ward_35,8.338366200479525,77.04781120056047,2020,5,Dengue,3,0,24529
W35,Ward_35,8.338366200479525,77.04781120056047,2020,6,Dengue,12,2,24529
W35,Ward_35,8.338366200479525,77.04781120056047,2020,7,Dengue,18,4,24529
W35,Ward_35,8.338366200479525,77.04781120056047,2020,8,Dengue,15,2,24529
W35,Ward_35,8.338366200479525,77.04781120056047,2020,9,Dengue,14,1,24529
W35,Ward_35,8.338366200479525,77.04781120056047,2020,10,Dengue,4,0,24529
W35,Ward_35,8.338366200479525,77.04781120056047,2020,11,Dengue,3,0,24529
W35,Ward_35,8.338366200479525,77.04781120056047,2020,12,Dengue,4,0,24529
W35,Ward_35,8.338366200479525,77.04781120056047,2021,1,Dengue,1,0,24529
W35,Ward_35,8.338366200479525,77.04781120056047,2021,2,Dengue,3,0,24529
W35,Ward_35,8.338366200479525,77.04781120056047,2021,3,Dengue,2,0,24529
W35,Ward_35,8.338366200479525,77.04781120056047,2021,4,Dengue,3,0,24529
W35,Ward_35,8.338366200479525,77.04781120056047,2021,5,Dengue,4,0,24529
W35,Ward_35,8.338366200479525,77.04781120056047,2021,6,Dengue,16,1,24529
W35,Ward_35,8.338366200479525,77.04781120056047,2021,7,Dengue,15,2,24529
W35,Ward_35,8.338366200479525,77.04781120056047,2021,8,Dengue,15,2,24529
W35,Ward_35,8.338366200479525,77.04781120056047,2021,9,Dengue,12,2,24529
W35,Ward_35,8.338366200479525,77.04781120056047,2021,10,Dengue,5,0,24529
W35,Ward_35,8.338366200479525,77.04781120056047,2021,11,Dengue,6,1,24529
W35,Ward_35,8.338366200479525,77.04781120056047,2021,12,Dengue,4,0,24529
W35,Ward_35,8.338366200479525,77.04781120056047,2022,1,Dengue,5,0,24529
W35,Ward_35,8.338366200479525,77.04781120056047,2022,2,Dengue,1,0,24529
W35,Ward_35,8.338366200479525,77.04781120056047,2022,3,Dengue,3,0,24529
W35,Ward_35,8.338366200479525,77.04781120056047,2022,4,Dengue,6,0,24529
W35,Ward_35,8.338366200479525,77.04781120056047,2022,5,Dengue,2,0,24529
W35,Ward_35,8.338366200479525,77.04781120056047,2022,6,Dengue,13,1,24529
W35,Ward_35,8.338366200479525,77.04781120056047,2022,7,Dengue,23,4,24529
W35,Ward_35,8.338366200479525,77.04781120056047,2022,8,Dengue,18,2,24529
W35,Ward_35,8.338366200479525,77.04781120056047,2022,9,Dengue,11,2,24529
W35,Ward_35,8.338366200479525,77.04781120056047,2022,10,Dengue,2,0,24529
W35,Ward_35,8.338366200479525,77.04781120056047,2022,11,Dengue,2,0,24529
W35,Ward_35,8.338366200479525,77.04781120056047,2022,12,Dengue,3,0,24529
W35,Ward_35,8.338366200479525,77.04781120056047,2023,1,Dengue,1,0,24529
W35,Ward_35,8.338366200479525,77.04781120056047,2023,2,Dengue,6,0,24529
W35,Ward_35,8.338366200479525,77.04781120056047,2023,3,Dengue,2,0,24529
W35,Ward_35,8.338366200479525,77.04781120056047,2023,4,Dengue,4,0,24529
W35,Ward_35,8.338366200479525,77.04781120056047,2023,5,Dengue,3,0,24529
W35,Ward_35,8.338366200479525,77.04781120056047,2023,6,Dengue,8,0,24529
W35,Ward_35,8.338366200479525,77.04781120056047,2023,7,Dengue,15,1,24529
W35,Ward_35,8.338366200479525,77.04781120056047,2023,8,Dengue,13,2,24529
W35,Ward_35,8.338366200479525,77.04781120056047,2023,9,Dengue,11,2,24529
W35,Ward_35,8.338366200479525,77.04781120056047,2023,10,Dengue,3,0,24529
W35,Ward_35,8.338366200479525,77.04781120056047,2023,11,Dengue,3,0,24529
W35,Ward_35,8.338366200479525,77.04781120056047,2023,12,Dengue,3,0,24529
W36,Ward_36,8.759048842584026,76.94623648807692,2018,1,Dengue,2,0,30891
W36,Ward_36,8.759048842584026,76.94623648807692,2018,2,Dengue,7,1,30891
W36,Ward_36,8.759048842584026,76.94623648807692,2018,3,Dengue,3,0,30891
W36,Ward_36,8.759048842584026,76.94623648807692,2018,4,Dengue,8,1,30891
W36,Ward_36,8.759048842584026,76.94623648807692,2018,5,Dengue,2,0,30891
W36,Ward_36,8.759048842584026,76.94623648807692,2018,6,Dengue,29,6,30891
W36,Ward_36,8.759048842584026,76.94623648807692,2018,7,Dengue,23,3,30891
W36,Ward_36,8.759048842584026,76.94623648807692,2018,8,Dengue,14,2,30891
W36,Ward_36,8.759048842584026,76.94623648807692,2018,9,Dengue,23,5,30891
W36,Ward_36,8.759048842584026,76.94623648807692,2018,10,Dengue,4,0,30891
W36,Ward_36,8.759048842584026,76.94623648807692,2018,11,Dengue,3,0,30891
W36,Ward_36,8.759048842584026,76.94623648807692,2018,12,Dengue,2,0,30891
W36,Ward_36,8.759048842584026,76.94623648807692,2019,1,Dengue,4,0,30891
W36,Ward_36,8.759048842584026,76.94623648807692,2019,2,Dengue,7,1,30891
W36,Ward_36,8.759048842584026,76.94623648807692,2019,3,Dengue,10,2,30891
W36,Ward_36,8.759048842584026,76.94623648807692,2019,4,Dengue,7,0,30891
W36,Ward_36,8.759048842584026,76.94623648807692,2019,5,Dengue,7,1,30891
W36,Ward_36,8.759048842584026,76.94623648807692,2019,6,Dengue,18,3,30891
W36,Ward_36,8.759048842584026,76.94623648807692,2019,7,Dengue,37,6,30891
W36,Ward_36,8.759048842584026,76.94623648807692,2019,8,Dengue,21,3,30891
W36,Ward_36,8.759048842584026,76.94623648807692,2019,9,Dengue,20,3,30891
W36,Ward_36,8.759048842584026,76.94623648807692,2019,10,Dengue,2,0,30891
W36,Ward_36,8.759048842584026,76.94623648807692,2019,11,Dengue,3,0,30891
W36,Ward_36,8.759048842584026,76.94623648807692,2019,12,Dengue,10,2,30891
W36,Ward_36,8.759048842584026,76.94623648807692,2020,1,Dengue,3,0,30891
W36,Ward_36,8.759048842584026,76.94623648807692,2020,2,Dengue,12,2,30891
W36,Ward_36,8.759048842584026,76.94623648807692,2020,3,Dengue,8,1,30891
W36,Ward_36,8.759048842584026,76.94623648807692,2020,4,Dengue,4,0,30891
W36,Ward_36,8.759048842584026,76.94623648807692,2020,5,Dengue,7,1,30891
W36,Ward_36,8.759048842584026,76.94623648807692,2020,6,Dengue,24,5,30891
W36,Ward_36,8.759048842584026,76.94623648807692,2020,7,Dengue,17,2,30891
W36,Ward_36,8.759048842584026,76.94623648807692,2020,8,Dengue,20,3,30891
W36,Ward_36,8.759048842584026,76.94623648807692,2020,9,Dengue,30,5,30891
W36,Ward_36,8.759048842584026,76.94623648807692,2020,10,Dengue,2,0,30891
W36,Ward_36,8.759048842584026,76.94623648807692,2020,11,Dengue,2,0,30891
W36,Ward_36,8.759048842584026,76.94623648807692,2020,12,Dengue,2,0,30891
W36,Ward_36,8.759048842584026,76.94623648807692,2021,1,Dengue,4,0,30891
W36,Ward_36,8.759048842584026,76.94623648807692,2021,2,Dengue,6,1,30891
W36,Ward_36,8.759048842584026,76.94623648807692,2021,3,Dengue,9,2,30891
W36,Ward_36,8.759048842584026,76.94623648807692,2021,4,Dengue,3,0,30891
W36,Ward_36,8.759048842584026,76.94623648807692,2021,5,Dengue,7,1,30891
W36,Ward_36,8.759048842584026,76.94623648807692,2021,6,Dengue,21,2,30891
W36,Ward_36,8.759048842584026,76.94623648807692,2021,7,Dengue,19,4,30891
W36,Ward_36,8.759048842584026,76.94623648807692,2021,8,Dengue,20,3,30891
W36,Ward_36,8.759048842584026,76.94623648807692,2021,9,Dengue,15,2,30891
W36,Ward_36,8.759048842584026,76.94623648807692,2021,10,Dengue,10,1,30891
W36,Ward_36,8.759048842584026,76.94623648807692,2021,11,Dengue,8,0,30891
W36,Ward_36,8.759048842584026,76.94623648807692,2021,12,Dengue,3,0,30891
W36,Ward_36,8.759048842584026,76.94623648807692,2022,1,Dengue,8,1,30891
W36,Ward_36,8.759048842584026,76.94623648807692,2022,2,Dengue,9,0,30891
W36,Ward_36,8.759048842584026,76.94623648807692,2022,3,Dengue,6,0,30891
W36,Ward_36,8.759048842584026,76.94623648807692,2022,4,Dengue,4,0,30891
W36,Ward_36,8.759048842584026,76.94623648807692,2022,5,Dengue,8,1,30891
W36,Ward_36,8.759048842584026,76.94623648807692,2022,6,Dengue,18,2,30891
W36,Ward_36,8.759048842584026,76.94623648807692,2022,7,Dengue,26,6,30891
W36,Ward_36,8.759048842584026,76.94623648807692,2022,8,Dengue,18,3,30891
W36,Ward_36,8.759048842584026,76.94623648807692,2022,9,Dengue,19,4,30891
W36,Ward_36,8.759048842584026,76.94623648807692,2022,10,Dengue,6,1,30891
W36,Ward_36,8.759048842584026,76.94623648807692,2022,11,Dengue,2,0,30891
W36,Ward_36,8.759048842584026,76.94623648807692,2022,12,Dengue,6,1,30891
W36,Ward_36,8.759048842584026,76.94623648807692,2023,1,Dengue,7,1,30891
W36,Ward_36,8.759048842584026,76.94623648807692,2023,2,Dengue,2,0,30891
W36,Ward_36,8.759048842584026,76.94623648807692,2023,3,Dengue,2,0,30891
W36,Ward_36,8.759048842584026,76.94623648807692,2023,4,Dengue,2,0,30891
W36,Ward_36,8.759048842584026,76.94623648807692,2023,5,Dengue,3,0,30891
W36,Ward_36,8.759048842584026,76.94623648807692,2023,6,Dengue,21,3,30891
W36,Ward_36,8.759048842584026,76.94623648807692,2023,7,Dengue,12,2,30891
W36,Ward_36,8.759048842584026,76.94623648807692,2023,8,Dengue,21,2,30891
W36,Ward_36,8.759048842584026,76.94623648807692,2023,9,Dengue,17,3,30891
W36,Ward_36,8.759048842584026,76.94623648807692,2023,10,Dengue,3,0,30891
W36,Ward_36,8.759048842584026,76.94623648807692,2023,11,Dengue,7,0,30891
W36,Ward_36,8.759048842584026,76.94623648807692,2023,12,Dengue,2,0,30891
W37,Ward_37,8.532413103559144,77.12386010576323,2018,1,Dengue,4,0,18724
W37,Ward_37,8.532413103559144,77.12386010576323,2018,2,Dengue,4,0,18724
W37,Ward_37,8.532413103559144,77.12386010576323,2018,3,Dengue,2,0,18724
W37,Ward_37,8.532413103559144,77.12386010576323,2018,4,Dengue,6,1,18724
W37,Ward_37,8.532413103559144,77.12386010576323,2018,5,Dengue,6,0,18724
W37,Ward_37,8.532413103559144,77.12386010576323,2018,6,Dengue,24,4,18724
W37,Ward_37,8.532413103559144,77.12386010576323,2018,7,Dengue,13,1,18724
W37,Ward_37,8.532413103559144,77.12386010576323,2018,8,Dengue,15,2,18724
W37,Ward_37,8.532413103559144,77.12386010576323,2018,9,Dengue,19,4,18724
W37,Ward_37,8.532413103559144,77.12386010576323,2018,10,Dengue,6,0,18724
W37,Ward_37,8.532413103559144,77.12386010576323,2018,11,Dengue,4,0,18724
W37,Ward_37,8.532413103559144,77.12386010576323,2018,12,Dengue,5,1,18724
W37,Ward_37,8.532413103559144,77.12386010576323,2019,1,Dengue,4,0,18724
W37,Ward_37,8.532413103559144,77.12386010576323,2019,2,Dengue,3,0,18724
W37,Ward_37,8.532413103559144,77.12386010576323,2019,3,Dengue,7,0,18724
W37,Ward_37,8.532413103559144,77.12386010576323,2019,4,Dengue,1,0,18724
W37,Ward_37,8.532413103559144,77.12386010576323,2019,5,Dengue,4,0,18724
W37,Ward_37,8.532413103559144,77.12386010576323,2019,6,Dengue,23,5,18724
W37,Ward_37,8.532413103559144,77.12386010576323,2019,7,Dengue,13,1,18724
W37,Ward_37,8.532413103559144,77.12386010576323,2019,8,Dengue,14,2,18724
W37,Ward_37,8.532413103559144,77.12386010576323,2019,9,Dengue,13,1,18724
W37,Ward_37,8.532413103559144,77.12386010576323,2019,10,Dengue,12,2,18724
W37,Ward_37,8.532413103559144,77.12386010576323,2019,11,Dengue,4,0,18724
W37,Ward_37,8.532413103559144,77.12386010576323,2019,12,Dengue,7,0,18724
W37,Ward_37,8.532413103559144,77.12386010576323,2020,1,Dengue,5,1,18724
W37,Ward_37,8.532413103559144,77.12386010576323,2020,2,Dengue,7,1,18724
W37,Ward_37,8.532413103559144,77.12386010576323,2020,3,Dengue,3,0,18724
W37,Ward_37,8.532413103559144,77.12386010576323,2020,4,Dengue,4,0,18724
W37,Ward_37,8.532413103559144,77.12386010576323,2020,5,Dengue,4,0,18724
W37,Ward_37,8.532413103559144,77.12386010576323,2020,6,Dengue,15,2,18724
W37,Ward_37,8.532413103559144,77.12386010576323,2020,7,Dengue,23,4,18724
W37,Ward_37,8.532413103559144,77.12386010576323,2020,8,Dengue,15,2,18724
W37,Ward_37,8.532413103559144,77.12386010576323,2020,9,Dengue,15,1,18724
W37,Ward_37,8.532413103559144,77.12386010576323,2020,10,Dengue,3,0,18724
W37,Ward_37,8.532413103559144,77.12386010576323,2020,11,Dengue,6,1,18724
W37,Ward_37,8.532413103559144,77.12386010576323,2020,12,Dengue,3,0,18724
W37,Ward_37,8.532413103559144,77.12386010576323,2021,1,Dengue,2,0,18724
W37,Ward_37,8.532413103559144,77.12386010576323,2021,2,Dengue,2,0,18724
W37,Ward_37,8.532413103559144,77.12386010576323,2021,3,Dengue,1,0,18724
W37,Ward_37,8.532413103559144,77.12386010576323,2021,4,Dengue,4,0,18724
W37,Ward_37,8.532413103559144,77.12386010576323,2021,5,Dengue,6,1,18724
W37,Ward_37,8.532413103559144,77.12386010576323,2021,6,Dengue,14,1,18724
W37,Ward_37,8.532413103559144,77.12386010576323,2021,7,Dengue,21,3,18724
W37,Ward_37,8.532413103559144,77.12386010576323,2021,8,Dengue,21,4,18724
W37,Ward_37,8.532413103559144,77.12386010576323,2021,9,Dengue,19,3,18724
W37,Ward_37,8.532413103559144,77.12386010576323,2021,10,Dengue,9,1,18724
W37,Ward_37,8.532413103559144,77.12386010576323,2021,11,Dengue,4,0,18724
W37,Ward_37,8.532413103559144,77.12386010576323,2021,12,Dengue,3,0,18724
W37,Ward_37,8.532413103559144,77.12386010576323,2022,1,Dengue,5,0,18724
W37,Ward_37,8.532413103559144,77.12386010576323,2022,2,Dengue,0,0,18724
W37,Ward_37,8.532413103559144,77.12386010576323,2022,3,Dengue,0,0,18724
W37,Ward_37,8.532413103559144,77.12386010576323,2022,4,Dengue,1,0,18724
W37,Ward_37,8.532413103559144,77.12386010576323,2022,5,Dengue,4,0,18724
W37,Ward_37,8.532413103559144,77.12386010576323,2022,6,Dengue,16,3,18724
W37,Ward_37,8.532413103559144,77.12386010576323,2022,7,Dengue,16,2,18724
W37,Ward_37,8.532413103559144,77.12386010576323,2022,8,Dengue,17,3,18724
W37,Ward_37,8.532413103559144,77.12386010576323,2022,9,Dengue,19,1,18724
W37,Ward_37,8.532413103559144,77.12386010576323,2022,10,Dengue,2,0,18724
W37,Ward_37,8.532413103559144,77.12386010576323,2022,11,Dengue,5,0,18724
W37,Ward_37,8.532413103559144,77.12386010576323,2022,12,Dengue,12,2,18724
W37,Ward_37,8.532413103559144,77.12386010576323,2023,1,Dengue,5,0,18724
W37,Ward_37,8.532413103559144,77.12386010576323,2023,2,Dengue,2,0,18724
W37,Ward_37,8.532413103559144,77.12386010576323,2023,3,Dengue,7,0,18724
W37,Ward_37,8.532413103559144,77.12386010576323,2023,4,Dengue,4,0,18724
W37,Ward_37,8.532413103559144,77.12386010576323,2023,5,Dengue,6,0,18724
W37,Ward_37,8.532413103559144,77.12386010576323,2023,6,Dengue,19,3,18724
W37,Ward_37,8.532413103559144,77.12386010576323,2023,7,Dengue,17,3,18724
W37,Ward_37,8.532413103559144,77.12386010576323,2023,8,Dengue,21,2,18724
W37,Ward_37,8.532413103559144,77.12386010576323,2023,9,Dengue,13,1,18724
W37,Ward_37,8.532413103559144,77.12386010576323,2023,10,Dengue,6,1,18724
W37,Ward_37,8.532413103559144,77.12386010576323,2023,11,Dengue,9,1,18724
W37,Ward_37,8.532413103559144,77.12386010576323,2023,12,Dengue,6,1,18724
W38,Ward_38,8.359995509475974,77.05356800616434,2018,1,Dengue,4,0,27331
W38,Ward_38,8.359995509475974,77.05356800616434,2018,2,Dengue,7,1,27331
W38,Ward_38,8.359995509475974,77.05356800616434,2018,3,Dengue,1,0,27331
W38,Ward_38,8.359995509475974,77.05356800616434,2018,4,Dengue,5,0,27331
W38,Ward_38,8.359995509475974,77.05356800616434,2018,5,Dengue,2,0,27331
W38,Ward_38,8.359995509475974,77.05356800616434,2018,6,Dengue,15,2,27331
W38,Ward_38,8.359995509475974,77.05356800616434,2018,7,Dengue,17,2,27331
W38,Ward_38,8.359995509475974,77.05356800616434,2018,8,Dengue,20,2,27331
W38,Ward_38,8.359995509475974,77.05356800616434,2018,9,Dengue,19,3,27331
W38,Ward_38,8.359995509475974,77.05356800616434,2018,10,Dengue,9,1,27331
W38,Ward_38,8.359995509475974,77.05356800616434,2018,11,Dengue,7,1,27331
W38,Ward_38,8.359995509475974,77.05356800616434,2018,12,Dengue,4,0,27331
W38,Ward_38,8.359995509475974,77.05356800616434,2019,1,Dengue,3,0,27331
W38,Ward_38,8.359995509475974,77.05356800616434,2019,2,Dengue,5,0,27331
W38,Ward_38,8.359995509475974,77.05356800616434,2019,3,Dengue,3,0,27331
W38,Ward_38,8.359995509475974,77.05356800616434,2019,4,Dengue,7,0,27331
W38,Ward_38,8.359995509475974,77.05356800616434,2019,5,Dengue,6,1,27331
W38,Ward_38,8.359995509475974,77.05356800616434,2019,6,Dengue,13,2,27331
W38,Ward_38,8.359995509475974,77.05356800616434,2019,7,Dengue,17,4,27331
W38,Ward_38,8.359995509475974,77.05356800616434,2019,8,Dengue,15,1,27331
W38,Ward_38,8.359995509475974,77.05356800616434,2019,9,Dengue,13,2,27331
W38,Ward_38,8.359995509475974,77.05356800616434,2019,10,Dengue,5,0,27331
W38,Ward_38,8.359995509475974,77.05356800616434,2019,11,Dengue,0,0,27331
W38,Ward_38,8.359995509475974,77.05356800616434,2019,12,Dengue,3,0,27331
W38,Ward_38,8.359995509475974,77.05356800616434,2020,1,Dengue,3,0,27331
W38,Ward_38,8.359995509475974,77.05356800616434,2020,2,Dengue,3,0,27331
W38,Ward_38,8.359995509475974,77.05356800616434,2020,3,Dengue,7,0,27331
W38,Ward_38,8.359995509475974,77.05356800616434,2020,4,Dengue,3,0,27331
W38,Ward_38,8.359995509475974,77.05356800616434,2020,5,Dengue,3,0,27331
W38,Ward_38,8.359995509475974,77.05356800616434,2020,6,Dengue,16,3,27331
W38,Ward_38,8.359995509475974,77.05356800616434,2020,7,Dengue,17,3,27331
W38,Ward_38,8.359995509475974,77.05356800616434,2020,8,Dengue,15,1,27331
W38,Ward_38,8.359995509475974,77.05356800616434,2020,9,Dengue,15,2,27331
W38,Ward_38,8.359995509475974,77.05356800616434,2020,10,Dengue,8,1,27331
W38,Ward_38,8.359995509475974,77.05356800616434,2020,11,Dengue,5,0,27331
W38,Ward_38,8.359995509475974,77.05356800616434,2020,12,Dengue,3,0,27331
W38,Ward_38,8.359995509475974,77.05356800616434,2021,1,Dengue,6,1,27331
W38,Ward_38,8.359995509475974,77.05356800616434,2021,2,Dengue,6,1,27331
W38,Ward_38,8.359995509475974,77.05356800616434,2021,3,Dengue,6,0,27331
W38,Ward_38,8.359995509475974,77.05356800616434,2021,4,Dengue,5,0,27331
W38,Ward_38,8.359995509475974,77.05356800616434,2021,5,Dengue,6,1,27331
W38,Ward_38,8.359995509475974,77.05356800616434,2021,6,Dengue,21,4,27331
W38,Ward_38,8.359995509475974,77.05356800616434,2021,7,Dengue,20,4,27331
W38,Ward_38,8.359995509475974,77.05356800616434,2021,8,Dengue,11,2,27331
W38,Ward_38,8.359995509475974,77.05356800616434,2021,9,Dengue,16,3,27331
W38,Ward_38,8.359995509475974,77.05356800616434,2021,10,Dengue,4,0,27331
W38,Ward_38,8.359995509475974,77.05356800616434,2021,11,Dengue,3,0,27331
W38,Ward_38,8.359995509475974,77.05356800616434,2021,12,Dengue,4,0,27331
W38,Ward_38,8.359995509475974,77.05356800616434,2022,1,Dengue,1,0,27331
W38,Ward_38,8.359995509475974,77.05356800616434,2022,2,Dengue,4,0,27331
W38,Ward_38,8.359995509475974,77.05356800616434,2022,3,Dengue,2,0,27331
W38,Ward_38,8.359995509475974,77.05356800616434,2022,4,Dengue,5,0,27331
W38,Ward_38,8.359995509475974,77.05356800616434,2022,5,Dengue,5,0,27331
W38,Ward_38,8.359995509475974,77.05356800616434,2022,6,Dengue,15,1,27331
W38,Ward_38,8.359995509475974,77.05356800616434,2022,7,Dengue,14,2,27331
W38,Ward_38,8.359995509475974,77.05356800616434,2022,8,Dengue,16,3,27331
W38,Ward_38,8.359995509475974,77.05356800616434,2022,9,Dengue,15,2,27331
W38,Ward_38,8.359995509475974,77.05356800616434,2022,10,Dengue,4,0,27331
W38,Ward_38,8.359995509475974,77.05356800616434,2022,11,Dengue,2,0,27331
W38,Ward_38,8.359995509475974,77.05356800616434,2022,12,Dengue,1,0,27331
W38,Ward_38,8.359995509475974,77.05356800616434,2023,1,Dengue,1,0,27331
W38,Ward_38,8.359995509475974,77.05356800616434,2023,2,Dengue,2,0,27331
W38,Ward_38,8.359995509475974,77.05356800616434,2023,3,Dengue,3,0,27331
W38,Ward_38,8.359995509475974,77.05356800616434,2023,4,Dengue,2,0,27331
W38,Ward_38,8.359995509475974,77.05356800616434,2023,5,Dengue,6,0,27331
W38,Ward_38,8.359995509475974,77.05356800616434,2023,6,Dengue,13,1,27331
W38,Ward_38,8.359995509475974,77.05356800616434,2023,7,Dengue,22,2,27331
W38,Ward_38,8.359995509475974,77.05356800616434,2023,8,Dengue,11,1,27331
W38,Ward_38,8.359995509475974,77.05356800616434,2023,9,Dengue,24,3,27331
W38,Ward_38,8.359995509475974,77.05356800616434,2023,10,Dengue,4,0,27331
W38,Ward_38,8.359995509475974,77.05356800616434,2023,11,Dengue,4,0,27331
W38,Ward_38,8.359995509475974,77.05356800616434,2023,12,Dengue,1,0,27331
W39,Ward_39,8.324559999559472,77.11687530008338,2018,1,Dengue,7,1,39903
W39,Ward_39,8.324559999559472,77.11687530008338,2018,2,Dengue,10,1,39903
W39,Ward_39,8.324559999559472,77.11687530008338,2018,3,Dengue,3,0,39903
W39,Ward_39,8.324559999559472,77.11687530008338,2018,4,Dengue,3,0,39903
W39,Ward_39,8.324559999559472,77.11687530008338,2018,5,Dengue,3,0,39903
W39,Ward_39,8.324559999559472,77.11687530008338,2018,6,Dengue,15,3,39903
W39,Ward_39,8.324559999559472,77.11687530008338,2018,7,Dengue,33,6,39903
W39,Ward_39,8.324559999559472,77.11687530008338,2018,8,Dengue,13,2,39903
W39,Ward_39,8.324559999559472,77.11687530008338,2018,9,Dengue,20,4,39903
W39,Ward_39,8.324559999559472,77.11687530008338,2018,10,Dengue,6,1,39903
W39,Ward_39,8.324559999559472,77.11687530008338,2018,11,Dengue,6,1,39903
W39,Ward_39,8.324559999559472,77.11687530008338,2018,12,Dengue,7,1,39903
W39,Ward_39,8.324559999559472,77.11687530008338,2019,1,Dengue,6,0,39903
W39,Ward_39,8.324559999559472,77.11687530008338,2019,2,Dengue,2,0,39903
W39,Ward_39,8.324559999559472,77.11687530008338,2019,3,Dengue,3,0,39903
W39,Ward_39,8.324559999559472,77.11687530008338,2019,4,Dengue,6,0,39903
W39,Ward_39,8.324559999559472,77.11687530008338,2019,5,Dengue,4,0,39903
W39,Ward_39,8.324559999559472,77.11687530008338,2019,6,Dengue,23,4,39903
W39,Ward_39,8.324559999559472,77.11687530008338,2019,7,Dengue,26,6,39903
W39,Ward_39,8.324559999559472,77.11687530008338,2019,8,Dengue,16,3,39903
W39,Ward_39,8.324559999559472,77.11687530008338,2019,9,Dengue,18,4,39903
W39,Ward_39,8.324559999559472,77.11687530008338,2019,10,Dengue,5,0,39903
W39,Ward_39,8.324559999559472,77.11687530008338,2019,11,Dengue,2,0,39903
W39,Ward_39,8.324559999559472,77.11687530008338,2019,12,Dengue,2,0,39903
W39,Ward_39,8.324559999559472,77.11687530008338,2020,1,Dengue,7,0,39903
W39,Ward_39,8.324559999559472,77.11687530008338,2020,2,Dengue,7,1,39903
W39,Ward_39,8.324559999559472,77.11687530008338,2020,3,Dengue,5,0,39903
W39,Ward_39,8.324559999559472,77.11687530008338,2020,4,Dengue,5,1,39903
W39,Ward_39,8.324559999559472,77.11687530008338,2020,5,Dengue,8,1,39903
W39,Ward_39,8.324559999559472,77.11687530008338,2020,6,Dengue,16,2,39903
W39,Ward_39,8.324559999559472,77.11687530008338,2020,7,Dengue,16,2,39903
W39,Ward_39,8.324559999559472,77.11687530008338,2020,8,Dengue,15,2,39903
W39,Ward_39,8.324559999559472,77.11687530008338,2020,9,Dengue,21,3,39903
W39,Ward_39,8.324559999559472,77.11687530008338,2020,10,Dengue,5,0,39903
W39,Ward_39,8.324559999559472,77.11687530008338,2020,11,Dengue,7,1,39903
W39,Ward_39,8.324559999559472,77.11687530008338,2020,12,Dengue,5,1,39903
W39,Ward_39,8.324559999559472,77.11687530008338,2021,1,Dengue,5,1,39903
W39,Ward_39,8.324559999559472,77.11687530008338,2021,2,Dengue,6,0,39903
W39,Ward_39,8.324559999559472,77.11687530008338,2021,3,Dengue,6,1,39903
W39,Ward_39,8.324559999559472,77.11687530008338,2021,4,Dengue,4,0,39903
W39,Ward_39,8.324559999559472,77.11687530008338,2021,5,Dengue,7,1,39903
W39,Ward_39,8.324559999559472,77.11687530008338,2021,6,Dengue,14,1,39903
W39,Ward_39,8.324559999559472,77.11687530008338,2021,7,Dengue,25,2,39903
W39,Ward_39,8.324559999559472,77.11687530008338,2021,8,Dengue,23,4,39903
W39,Ward_39,8.324559999559472,77.11687530008338,2021,9,Dengue,21,5,39903
W39,Ward_39,8.324559999559472,77.11687530008338,2021,10,Dengue,5,0,39903
W39,Ward_39,8.324559999559472,77.11687530008338,2021,11,Dengue,4,0,39903
W39,Ward_39,8.324559999559472,77.11687530008338,2021,12,Dengue,3,0,39903
W39,Ward_39,8.324559999559472,77.11687530008338,2022,1,Dengue,2,0,39903
W39,Ward_39,8.324559999559472,77.11687530008338,2022,2,Dengue,10,1,39903
W39,Ward_39,8.324559999559472,77.11687530008338,2022,3,Dengue,6,0,39903
W39,Ward_39,8.324559999559472,77.11687530008338,2022,4,Dengue,6,1,39903
W39,Ward_39,8.324559999559472,77.11687530008338,2022,5,Dengue,2,0,39903
W39,Ward_39,8.324559999559472,77.11687530008338,2022,6,Dengue,15,3,39903
W39,Ward_39,8.324559999559472,77.11687530008338,2022,7,Dengue,16,2,39903
W39,Ward_39,8.324559999559472,77.11687530008338,2022,8,Dengue,27,5,39903
W39,Ward_39,8.324559999559472,77.11687530008338,2022,9,Dengue,18,2,39903
W39,Ward_39,8.324559999559472,77.11687530008338,2022,10,Dengue,4,0,39903
W39,Ward_39,8.324559999559472,77.11687530008338,2022,11,Dengue,4,0,39903
W39,Ward_39,8.324559999559472,77.11687530008338,2022,12,Dengue,11,1,39903
W39,Ward_39,8.324559999559472,77.11687530008338,2023,1,Dengue,0,0,39903
W39,Ward_39,8.324559999559472,77.11687530008338,2023,2,Dengue,8,1,39903
W39,Ward_39,8.324559999559472,77.11687530008338,2023,3,Dengue,1,0,39903
W39,Ward_39,8.324559999559472,77.11687530008338,2023,4,Dengue,5,0,39903
W39,Ward_39,8.324559999559472,77.11687530008338,2023,5,Dengue,3,0,39903
W39,Ward_39,8.324559999559472,77.11687530008338,2023,6,Dengue,17,2,39903
W39,Ward_39,8.324559999559472,77.11687530008338,2023,7,Dengue,16,2,39903
W39,Ward_39,8.324559999559472,77.11687530008338,2023,8,Dengue,22,3,39903
W39,Ward_39,8.324559999559472,77.11687530008338,2023,9,Dengue,23,3,39903
W39,Ward_39,8.324559999559472,77.11687530008338,2023,10,Dengue,2,0,39903
W39,Ward_39,8.324559999559472,77.11687530008338,2023,11,Dengue,5,1,39903
W39,Ward_39,8.324559999559472,77.11687530008338,2023,12,Dengue,2,0,39903
W40,Ward_40,8.565540453877817,77.09961283783642,2018,1,Dengue,5,1,32882
W40,Ward_40,8.565540453877817,77.09961283783642,2018,2,Dengue,6,0,32882
W40,Ward_40,8.565540453877817,77.09961283783642,2018,3,Dengue,7,0,32882
W40,Ward_40,8.565540453877817,77.09961283783642,2018,4,Dengue,8,1,32882
W40,Ward_40,8.565540453877817,77.09961283783642,2018,5,Dengue,6,0,32882
W40,Ward_40,8.565540453877817,77.09961283783642,2018,6,Dengue,22,3,32882
W40,Ward_40,8.565540453877817,77.09961283783642,2018,7,Dengue,21,3,32882
W40,Ward_40,8.565540453877817,77.09961283783642,2018,8,Dengue,32,7,32882
W40,Ward_40,8.565540453877817,77.09961283783642,2018,9,Dengue,17,1,32882
W40,Ward_40,8.565540453877817,77.09961283783642,2018,10,Dengue,5,0,32882
W40,Ward_40,8.565540453877817,77.09961283783642,2018,11,Dengue,6,1,32882
W40,Ward_40,8.565540453877817,77.09961283783642,2018,12,Dengue,5,0,32882
W40,Ward_40,8.565540453877817,77.09961283783642,2019,1,Dengue,12,1,32882
W40,Ward_40,8.565540453877817,77.09961283783642,2019,2,Dengue,2,0,32882
W40,Ward_40,8.565540453877817,77.09961283783642,2019,3,Dengue,8,1,32882
W40,Ward_40,8.565540453877817,77.09961283783642,2019,4,Dengue,5,0,32882
W40,Ward_40,8.565540453877817,77.09961283783642,2019,5,Dengue,8,1,32882
W40,Ward_40,8.565540453877817,77.09961283783642,2019,6,Dengue,22,3,32882
W40,Ward_40,8.565540453877817,77.09961283783642,2019,7,Dengue,22,4,32882
W40,Ward_40,8.565540453877817,77.09961283783642,2019,8,Dengue,12,2,32882
W40,Ward_40,8.565540453877817,77.09961283783642,2019,9,Dengue,17,2,32882
W40,Ward_40,8.565540453877817,77.09961283783642,2019,10,Dengue,6,0,32882
W40,Ward_40,8.565540453877817,77.09961283783642,2019,11,Dengue,11,2,32882
W40,Ward_40,8.565540453877817,77.09961283783642,2019,12,Dengue,5,0,32882
W40,Ward_40,8.565540453877817,77.09961283783642,2020,1,Dengue,5,1,32882
W40,Ward_40,8.565540453877817,77.09961283783642,2020,2,Dengue,7,0,32882
W40,Ward_40,8.565540453877817,77.09961283783642,2020,3,Dengue,6,1,32882
W40,Ward_40,8.565540453877817,77.09961283783642,2020,4,Dengue,3,0,32882
W40,Ward_40,8.565540453877817,77.09961283783642,2020,5,Dengue,3,0,32882
W40,Ward_40,8.565540453877817,77.09961283783642,2020,6,Dengue,35,4,32882
W40,Ward_40,8.565540453877817,77.09961283783642,2020,7,Dengue,16,3,32882
W40,Ward_40,8.565540453877817,77.09961283783642,2020,8,Dengue,16,2,32882
W40,Ward_40,8.565540453877817,77.09961283783642,2020,9,Dengue,29,3,32882
W40,Ward_40,8.565540453877817,77.09961283783642,2020,10,Dengue,6,1,32882
W40,Ward_40,8.565540453877817,77.09961283783642,2020,11,Dengue,11,1,32882
W40,Ward_40,8.565540453877817,77.09961283783642,2020,12,Dengue,3,0,32882
W40,Ward_40,8.565540453877817,77.09961283783642,2021,1,Dengue,6,1,32882
W40,Ward_40,8.565540453877817,77.09961283783642,2021,2,Dengue,6,0,32882
W40,Ward_40,8.565540453877817,77.09961283783642,2021,3,Dengue,5,0,32882
W40,Ward_40,8.565540453877817,77.09961283783642,2021,4,Dengue,6,0,32882
W40,Ward_40,8.565540453877817,77.09961283783642,2021,5,Dengue,10,1,32882
W40,Ward_40,8.565540453877817,77.09961283783642,2021,6,Dengue,24,5,32882
W40,Ward_40,8.565540453877817,77.09961283783642,2021,7,Dengue,17,2,32882
W40,Ward_40,8.565540453877817,77.09961283783642,2021,8,Dengue,24,4,32882
W40,Ward_40,8.565540453877817,77.09961283783642,2021,9,Dengue,24,4,32882
W40,Ward_40,8.565540453877817,77.09961283783642,2021,10,Dengue,3,0,32882
W40,Ward_40,8.565540453877817,77.09961283783642,2021,11,Dengue,11,2,32882
W40,Ward_40,8.565540453877817,77.09961283783642,2021,12,Dengue,12,1,32882
W40,Ward_40,8.565540453877817,77.09961283783642,2022,1,Dengue,7,0,32882
W40,Ward_40,8.565540453877817,77.09961283783642,2022,2,Dengue,3,0,32882
W40,Ward_40,8.565540453877817,77.09961283783642,2022,3,Dengue,5,0,32882
W40,Ward_40,8.565540453877817,77.09961283783642,2022,4,Dengue,8,1,32882
W40,Ward_40,8.565540453877817,77.09961283783642,2022,5,Dengue,8,1,32882
W40,Ward_40,8.565540453877817,77.09961283783642,2022,6,Dengue,22,3,32882
W40,Ward_40,8.565540453877817,77.09961283783642,2022,7,Dengue,20,4,32882
W40,Ward_40,8.565540453877817,77.09961283783642,2022,8,Dengue,20,2,32882
W40,Ward_40,8.565540453877817,77.09961283783642,2022,9,Dengue,17,2,32882
W40,Ward_40,8.565540453877817,77.09961283783642,2022,10,Dengue,3,0,32882
W40,Ward_40,8.565540453877817,77.09961283783642,2022,11,Dengue,1,0,32882
W40,Ward_40,8.565540453877817,77.09961283783642,2022,12,Dengue,7,0,32882
W40,Ward_40,8.565540453877817,77.09961283783642,2023,1,Dengue,8,1,32882
W40,Ward_40,8.565540453877817,77.09961283783642,2023,2,Dengue,7,0,32882
W40,Ward_40,8.565540453877817,77.09961283783642,2023,3,Dengue,5,1,32882
W40,Ward_40,8.565540453877817,77.09961283783642,2023,4,Dengue,5,0,32882
W40,Ward_40,8.565540453877817,77.09961283783642,2023,5,Dengue,7,1,32882
W40,Ward_40,8.565540453877817,77.09961283783642,2023,6,Dengue,13,1,32882
W40,Ward_40,8.565540453877817,77.09961283783642,2023,7,Dengue,19,2,32882
W40,Ward_40,8.565540453877817,77.09961283783642,2023,8,Dengue,22,2,32882
W40,Ward_40,8.565540453877817,77.09961283783642,2023,9,Dengue,25,4,32882
W40,Ward_40,8.565540453877817,77.09961283783642,2023,10,Dengue,10,1,32882
W40,Ward_40,8.565540453877817,77.09961283783642,2023,11,Dengue,6,1,32882
W40,Ward_40,8.565540453877817,77.09961283783642,2023,12,Dengue,5,1,32882
W41,Ward_41,8.33193820143411,77.09673569871454,2018,1,Dengue,4,0,17702
W41,Ward_41,8.33193820143411,77.09673569871454,2018,2,Dengue,8,1,17702
W41,Ward_41,8.33193820143411,77.09673569871454,2018,3,Dengue,7,1,17702
W41,Ward_41,8.33193820143411,77.09673569871454,2018,4,Dengue,7,1,17702
W41,Ward_41,8.33193820143411,77.09673569871454,2018,5,Dengue,7,0,17702
W41,Ward_41,8.33193820143411,77.09673569871454,2018,6,Dengue,23,5,17702
W41,Ward_41,8.33193820143411,77.09673569871454,2018,7,Dengue,21,2,17702
W41,Ward_41,8.33193820143411,77.09673569871454,2018,8,Dengue,20,2,17702
W41,Ward_41,8.33193820143411,77.09673569871454,2018,9,Dengue,21,4,17702
W41,Ward_41,8.33193820143411,77.09673569871454,2018,10,Dengue,7,1,17702
W41,Ward_41,8.33193820143411,77.09673569871454,2018,11,Dengue,1,0,17702
W41,Ward_41,8.33193820143411,77.09673569871454,2018,12,Dengue,7,0,17702
W41,Ward_41,8.33193820143411,77.09673569871454,2019,1,Dengue,5,1,17702
W41,Ward_41,8.33193820143411,77.09673569871454,2019,2,Dengue,4,0,17702
W41,Ward_41,8.33193820143411,77.09673569871454,2019,3,Dengue,7,1,17702
W41,Ward_41,8.33193820143411,77.09673569871454,2019,4,Dengue,5,1,17702
W41,Ward_41,8.33193820143411,77.09673569871454,2019,5,Dengue,3,0,17702
W41,Ward_41,8.33193820143411,77.09673569871454,2019,6,Dengue,20,2,17702
W41,Ward_41,8.33193820143411,77.09673569871454,2019,7,Dengue,28,5,17702
W41,Ward_41,8.33193820143411,77.09673569871454,2019,8,Dengue,21,2,17702
W41,Ward_41,8.33193820143411,77.09673569871454,2019,9,Dengue,12,2,17702
W41,Ward_41,8.33193820143411,77.09673569871454,2019,10,Dengue,5,0,17702
W41,Ward_41,8.33193820143411,77.09673569871454,2019,11,Dengue,12,1,17702
W41,Ward_41,8.33193820143411,77.09673569871454,2019,12,Dengue,8,1,17702
W41,Ward_41,8.33193820143411,77.09673569871454,2020,1,Dengue,5,0,17702
W41,Ward_41,8.33193820143411,77.09673569871454,2020,2,Dengue,5,0,17702
W41,Ward_41,8.33193820143411,77.09673569871454,2020,3,Dengue,5,1,17702
W41,Ward_41,8.33193820143411,77.09673569871454,2020,4,Dengue,14,2,17702
W41,Ward_41,8.33193820143411,77.09673569871454,2020,5,Dengue,5,0,17702
W41,Ward_41,8.33193820143411,77.09673569871454,2020,6,Dengue,21,4,17702
W41,Ward_41,8.33193820143411,77.09673569871454,2020,7,Dengue,18,3,17702
W41,Ward_41,8.33193820143411,77.09673569871454,2020,8,Dengue,23,4,17702
W41,Ward_41,8.33193820143411,77.09673569871454,2020,9,Dengue,20,4,17702
W41,Ward_41,8.33193820143411,77.09673569871454,2020,10,Dengue,3,0,17702
W41,Ward_41,8.33193820143411,77.09673569871454,2020,11,Dengue,5,0,17702
W41,Ward_41,8.33193820143411,77.09673569871454,2020,12,Dengue,5,0,17702
W41,Ward_41,8.33193820143411,77.09673569871454,2021,1,Dengue,2,0,17702
W41,Ward_41,8.33193820143411,77.09673569871454,2021,2,Dengue,7,1,17702
W41,Ward_41,8.33193820143411,77.09673569871454,2021,3,Dengue,10,1,17702
W41,Ward_41,8.33193820143411,77.09673569871454,2021,4,Dengue,7,1,17702
W41,Ward_41,8.33193820143411,77.09673569871454,2021,5,Dengue,7,1,17702
W41,Ward_41,8.33193820143411,77.09673569871454,2021,6,Dengue,34,7,17702
W41,Ward_41,8.33193820143411,77.09673569871454,2021,7,Dengue,30,4,17702
W41,Ward_41,8.33193820143411,77.09673569871454,2021,8,Dengue,18,4,17702
W41,Ward_41,8.33193820143411,77.09673569871454,2021,9,Dengue,27,4,17702
W41,Ward_41,8.33193820143411,77.09673569871454,2021,10,Dengue,9,2,17702
W41,Ward_41,8.33193820143411,77.09673569871454,2021,11,Dengue,3,0,17702
W41,Ward_41,8.33193820143411,77.09673569871454,2021,12,Dengue,3,0,17702
W41,Ward_41,8.33193820143411,77.09673569871454,2022,1,Dengue,4,0,17702
W41,Ward_41,8.33193820143411,77.09673569871454,2022,2,Dengue,10,2,17702
W41,Ward_41,8.33193820143411,77.09673569871454,2022,3,Dengue,9,1,17702
W41,Ward_41,8.33193820143411,77.09673569871454,2022,4,Dengue,10,1,17702
W41,Ward_41,8.33193820143411,77.09673569871454,2022,5,Dengue,11,1,17702
W41,Ward_41,8.33193820143411,77.09673569871454,2022,6,Dengue,20,4,17702
W41,Ward_41,8.33193820143411,77.09673569871454,2022,7,Dengue,23,3,17702
W41,Ward_41,8.33193820143411,77.09673569871454,2022,8,Dengue,16,2,17702
W41,Ward_41,8.33193820143411,77.09673569871454,2022,9,Dengue,16,3,17702
W41,Ward_41,8.33193820143411,77.09673569871454,2022,10,Dengue,4,0,17702
W41,Ward_41,8.33193820143411,77.09673569871454,2022,11,Dengue,5,0,17702
W41,Ward_41,8.33193820143411,77.09673569871454,2022,12,Dengue,8,0,17702
W41,Ward_41,8.33193820143411,77.09673569871454,2023,1,Dengue,5,0,17702
W41,Ward_41,8.33193820143411,77.09673569871454,2023,2,Dengue,9,1,17702
W41,Ward_41,8.33193820143411,77.09673569871454,2023,3,Dengue,10,1,17702
W41,Ward_41,8.33193820143411,77.09673569871454,2023,4,Dengue,4,0,17702
W41,Ward_41,8.33193820143411,77.09673569871454,2023,5,Dengue,8,0,17702
W41,Ward_41,8.33193820143411,77.09673569871454,2023,6,Dengue,24,3,17702
W41,Ward_41,8.33193820143411,77.09673569871454,2023,7,Dengue,24,5,17702
W41,Ward_41,8.33193820143411,77.09673569871454,2023,8,Dengue,15,2,17702
W41,Ward_41,8.33193820143411,77.09673569871454,2023,9,Dengue,18,3,17702
W41,Ward_41,8.33193820143411,77.09673569871454,2023,10,Dengue,7,0,17702
W41,Ward_41,8.33193820143411,77.09673569871454,2023,11,Dengue,5,0,17702
W41,Ward_41,8.33193820143411,77.09673569871454,2023,12,Dengue,7,1,17702
W42,Ward_42,8.385923300502716,77.03647009453806,2018,1,Dengue,7,0,27211
W42,Ward_42,8.385923300502716,77.03647009453806,2018,2,Dengue,3,0,27211
W42,Ward_42,8.385923300502716,77.03647009453806,2018,3,Dengue,9,2,27211
W42,Ward_42,8.385923300502716,77.03647009453806,2018,4,Dengue,2,0,27211
W42,Ward_42,8.385923300502716,77.03647009453806,2018,5,Dengue,3,0,27211
W42,Ward_42,8.385923300502716,77.03647009453806,2018,6,Dengue,27,5,27211
W42,Ward_42,8.385923300502716,77.03647009453806,2018,7,Dengue,23,5,27211
W42,Ward_42,8.385923300502716,77.03647009453806,2018,8,Dengue,17,3,27211
W42,Ward_42,8.385923300502716,77.03647009453806,2018,9,Dengue,24,3,27211
W42,Ward_42,8.385923300502716,77.03647009453806,2018,10,Dengue,6,1,27211
W42,Ward_42,8.385923300502716,77.03647009453806,2018,11,Dengue,6,0,27211
W42,Ward_42,8.385923300502716,77.03647009453806,2018,12,Dengue,9,2,27211
W42,Ward_42,8.385923300502716,77.03647009453806,2019,1,Dengue,4,0,27211
W42,Ward_42,8.385923300502716,77.03647009453806,2019,2,Dengue,7,1,27211
W42,Ward_42,8.385923300502716,77.03647009453806,2019,3,Dengue,8,1,27211
W42,Ward_42,8.385923300502716,77.03647009453806,2019,4,Dengue,11,2,27211
W42,Ward_42,8.385923300502716,77.03647009453806,2019,5,Dengue,6,0,27211
W42,Ward_42,8.385923300502716,77.03647009453806,2019,6,Dengue,22,3,27211
W42,Ward_42,8.385923300502716,77.03647009453806,2019,7,Dengue,16,1,27211
W42,Ward_42,8.385923300502716,77.03647009453806,2019,8,Dengue,30,4,27211
W42,Ward_42,8.385923300502716,77.03647009453806,2019,9,Dengue,22,5,27211
W42,Ward_42,8.385923300502716,77.03647009453806,2019,10,Dengue,4,0,27211
W42,Ward_42,8.385923300502716,77.03647009453806,2019,11,Dengue,3,0,27211
W42,Ward_42,8.385923300502716,77.03647009453806,2019,12,Dengue,2,0,27211
W42,Ward_42,8.385923300502716,77.03647009453806,2020,1,Dengue,8,1,27211
W42,Ward_42,8.385923300502716,77.03647009453806,2020,2,Dengue,3,0,27211
W42,Ward_42,8.385923300502716,77.03647009453806,2020,3,Dengue,4,0,27211
W42,Ward_42,8.385923300502716,77.03647009453806,2020,4,Dengue,4,0,27211
W42,Ward_42,8.385923300502716,77.03647009453806,2020,5,Dengue,4,0,27211
W42,Ward_42,8.385923300502716,77.03647009453806,2020,6,Dengue,27,4,27211
W42,Ward_42,8.385923300502716,77.03647009453806,2020,7,Dengue,19,1,27211
W42,Ward_42,8.385923300502716,77.03647009453806,2020,8,Dengue,19,3,27211
W42,Ward_42,8.385923300502716,77.03647009453806,2020,9,Dengue,16,3,27211
W42,Ward_42,8.385923300502716,77.03647009453806,2020,10,Dengue,6,1,27211
W42,Ward_42,8.385923300502716,77.03647009453806,2020,11,Dengue,3,0,27211
W42,Ward_42,8.385923300502716,77.03647009453806,2020,12,Dengue,7,0,27211
W42,Ward_42,8.385923300502716,77.03647009453806,2021,1,Dengue,7,1,27211
W42,Ward_42,8.385923300502716,77.03647009453806,2021,2,Dengue,2,0,27211
W42,Ward_42,8.385923300502716,77.03647009453806,2021,3,Dengue,12,2,27211
W42,Ward_42,8.385923300502716,77.03647009453806,2021,4,Dengue,12,2,27211
W42,Ward_42,8.385923300502716,77.03647009453806,2021,5,Dengue,13,2,27211
W42,Ward_42,8.385923300502716,77.03647009453806,2021,6,Dengue,14,2,27211
W42,Ward_42,8.385923300502716,77.03647009453806,2021,7,Dengue,30,4,27211
W42,Ward_42,8.385923300502716,77.03647009453806,2021,8,Dengue,16,3,27211
W42,Ward_42,8.385923300502716,77.03647009453806,2021,9,Dengue,24,4,27211
W42,Ward_42,8.385923300502716,77.03647009453806,2021,10,Dengue,12,2,27211
W42,Ward_42,8.385923300502716,77.03647009453806,2021,11,Dengue,2,0,27211
W42,Ward_42,8.385923300502716,77.03647009453806,2021,12,Dengue,6,0,27211
W42,Ward_42,8.385923300502716,77.03647009453806,2022,1,Dengue,7,0,27211
W42,Ward_42,8.385923300502716,77.03647009453806,2022,2,Dengue,7,1,27211
W42,Ward_42,8.385923300502716,77.03647009453806,2022,3,Dengue,2,0,27211
W42,Ward_42,8.385923300502716,77.03647009453806,2022,4,Dengue,3,0,27211
W42,Ward_42,8.385923300502716,77.03647009453806,2022,5,Dengue,7,1,27211
W42,Ward_42,8.385923300502716,77.03647009453806,2022,6,Dengue,14,2,27211
W42,Ward_42,8.385923300502716,77.03647009453806,2022,7,Dengue,22,4,27211
W42,Ward_42,8.385923300502716,77.03647009453806,2022,8,Dengue,23,5,27211
W42,Ward_42,8.385923300502716,77.03647009453806,2022,9,Dengue,25,4,27211
W42,Ward_42,8.385923300502716,77.03647009453806,2022,10,Dengue,3,0,27211
W42,Ward_42,8.385923300502716,77.03647009453806,2022,11,Dengue,6,1,27211
W42,Ward_42,8.385923300502716,77.03647009453806,2022,12,Dengue,6,0,27211
W42,Ward_42,8.385923300502716,77.03647009453806,2023,1,Dengue,4,0,27211
W42,Ward_42,8.385923300502716,77.03647009453806,2023,2,Dengue,8,1,27211
W42,Ward_42,8.385923300502716,77.03647009453806,2023,3,Dengue,3,0,27211
W42,Ward_42,8.385923300502716,77.03647009453806,2023,4,Dengue,6,1,27211
W42,Ward_42,8.385923300502716,77.03647009453806,2023,5,Dengue,6,1,27211
W42,Ward_42,8.385923300502716,77.03647009453806,2023,6,Dengue,25,3,27211
W42,Ward_42,8.385923300502716,77.03647009453806,2023,7,Dengue,19,3,27211
W42,Ward_42,8.385923300502716,77.03647009453806,2023,8,Dengue,27,4,27211
W42,Ward_42,8.385923300502716,77.03647009453806,2023,9,Dengue,27,6,27211
W42,Ward_42,8.385923300502716,77.03647009453806,2023,10,Dengue,3,0,27211
W42,Ward_42,8.385923300502716,77.03647009453806,2023,11,Dengue,7,0,27211
W42,Ward_42,8.385923300502716,77.03647009453806,2023,12,Dengue,8,0,27211
W43,Ward_43,8.655680510304338,76.78335190090714,2018,1,Dengue,1,0,22676
W43,Ward_43,8.655680510304338,76.78335190090714,2018,2,Dengue,8,0,22676
W43,Ward_43,8.655680510304338,76.78335190090714,2018,3,Dengue,8,1,22676
W43,Ward_43,8.655680510304338,76.78335190090714,2018,4,Dengue,2,0,22676
W43,Ward_43,8.655680510304338,76.78335190090714,2018,5,Dengue,8,0,22676
W43,Ward_43,8.655680510304338,76.78335190090714,2018,6,Dengue,16,2,22676
W43,Ward_43,8.655680510304338,76.78335190090714,2018,7,Dengue,18,2,22676
W43,Ward_43,8.655680510304338,76.78335190090714,2018,8,Dengue,18,3,22676
W43,Ward_43,8.655680510304338,76.78335190090714,2018,9,Dengue,19,4,22676
W43,Ward_43,8.655680510304338,76.78335190090714,2018,10,Dengue,5,1,22676
W43,Ward_43,8.655680510304338,76.78335190090714,2018,11,Dengue,2,0,22676
W43,Ward_43,8.655680510304338,76.78335190090714,2018,12,Dengue,5,0,22676
W43,Ward_43,8.655680510304338,76.78335190090714,2019,1,Dengue,3,0,22676
W43,Ward_43,8.655680510304338,76.78335190090714,2019,2,Dengue,4,0,22676
W43,Ward_43,8.655680510304338,76.78335190090714,2019,3,Dengue,6,0,22676
W43,Ward_43,8.655680510304338,76.78335190090714,2019,4,Dengue,5,1,22676
W43,Ward_43,8.655680510304338,76.78335190090714,2019,5,Dengue,3,0,22676
W43,Ward_43,8.655680510304338,76.78335190090714,2019,6,Dengue,16,3,22676
W43,Ward_43,8.655680510304338,76.78335190090714,2019,7,Dengue,21,2,22676
W43,Ward_43,8.655680510304338,76.78335190090714,2019,8,Dengue,18,4,22676
W43,Ward_43,8.655680510304338,76.78335190090714,2019,9,Dengue,19,3,22676
W43,Ward_43,8.655680510304338,76.78335190090714,2019,10,Dengue,5,1,22676
W43,Ward_43,8.655680510304338,76.78335190090714,2019,11,Dengue,8,1,22676
W43,Ward_43,8.655680510304338,76.78335190090714,2019,12,Dengue,1,0,22676
W43,Ward_43,8.655680510304338,76.78335190090714,2020,1,Dengue,1,0,22676
W43,Ward_43,8.655680510304338,76.78335190090714,2020,2,Dengue,5,1,22676
W43,Ward_43,8.655680510304338,76.78335190090714,2020,3,Dengue,3,0,22676
W43,Ward_43,8.655680510304338,76.78335190090714,2020,4,Dengue,9,1,22676
W43,Ward_43,8.655680510304338,76.78335190090714,2020,5,Dengue,3,0,22676
W43,Ward_43,8.655680510304338,76.78335190090714,2020,6,Dengue,14,1,22676
W43,Ward_43,8.655680510304338,76.78335190090714,2020,7,Dengue,14,2,22676
W43,Ward_43,8.655680510304338,76.78335190090714,2020,8,Dengue,17,1,22676
W43,Ward_43,8.655680510304338,76.78335190090714,2020,9,Dengue,21,3,22676
W43,Ward_43,8.655680510304338,76.78335190090714,2020,10,Dengue,2,0,22676
W43,Ward_43,8.655680510304338,76.78335190090714,2020,11,Dengue,2,0,22676
W43,Ward_43,8.655680510304338,76.78335190090714,2020,12,Dengue,5,0,22676
W43,Ward_43,8.655680510304338,76.78335190090714,2021,1,Dengue,10,1,22676
W43,Ward_43,8.655680510304338,76.78335190090714,2021,2,Dengue,2,0,22676
W43,Ward_43,8.655680510304338,76.78335190090714,2021,3,Dengue,1,0,22676
W43,Ward_43,8.655680510304338,76.78335190090714,2021,4,Dengue,2,0,22676
W43,Ward_43,8.655680510304338,76.78335190090714,2021,5,Dengue,0,0,22676
W43,Ward_43,8.655680510304338,76.78335190090714,2021,6,Dengue,15,1,22676
W43,Ward_43,8.655680510304338,76.78335190090714,2021,7,Dengue,19,2,22676
W43,Ward_43,8.655680510304338,76.78335190090714,2021,8,Dengue,7,1,22676
W43,Ward_43,8.655680510304338,76.78335190090714,2021,9,Dengue,11,1,22676
W43,Ward_43,8.655680510304338,76.78335190090714,2021,10,Dengue,0,0,22676
W43,Ward_43,8.655680510304338,76.78335190090714,2021,11,Dengue,3,0,22676
W43,Ward_43,8.655680510304338,76.78335190090714,2021,12,Dengue,5,0,22676
W43,Ward_43,8.655680510304338,76.78335190090714,2022,1,Dengue,5,0,22676
W43,Ward_43,8.655680510304338,76.78335190090714,2022,2,Dengue,2,0,22676
W43,Ward_43,8.655680510304338,76.78335190090714,2022,3,Dengue,4,0,22676
W43,Ward_43,8.655680510304338,76.78335190090714,2022,4,Dengue,8,1,22676
W43,Ward_43,8.655680510304338,76.78335190090714,2022,5,Dengue,3,0,22676
W43,Ward_43,8.655680510304338,76.78335190090714,2022,6,Dengue,13,1,22676
W43,Ward_43,8.655680510304338,76.78335190090714,2022,7,Dengue,23,3,22676
W43,Ward_43,8.655680510304338,76.78335190090714,2022,8,Dengue,23,3,22676
W43,Ward_43,8.655680510304338,76.78335190090714,2022,9,Dengue,11,2,22676
W43,Ward_43,8.655680510304338,76.78335190090714,2022,10,Dengue,2,0,22676
W43,Ward_43,8.655680510304338,76.78335190090714,2022,11,Dengue,4,0,22676
W43,Ward_43,8.655680510304338,76.78335190090714,2022,12,Dengue,6,0,22676
W43,Ward_43,8.655680510304338,76.78335190090714,2023,1,Dengue,6,0,22676
W43,Ward_43,8.655680510304338,76.78335190090714,2023,2,Dengue,10,1,22676
W43,Ward_43,8.655680510304338,76.78335190090714,2023,3,Dengue,6,1,22676
W43,Ward_43,8.655680510304338,76.78335190090714,2023,4,Dengue,1,0,22676
W43,Ward_43,8.655680510304338,76.78335190090714,2023,5,Dengue,7,1,22676
W43,Ward_43,8.655680510304338,76.78335190090714,2023,6,Dengue,19,4,22676
W43,Ward_43,8.655680510304338,76.78335190090714,2023,7,Dengue,16,2,22676
W43,Ward_43,8.655680510304338,76.78335190090714,2023,8,Dengue,18,3,22676
W43,Ward_43,8.655680510304338,76.78335190090714,2023,9,Dengue,21,2,22676
W43,Ward_43,8.655680510304338,76.78335190090714,2023,10,Dengue,1,0,22676
W43,Ward_43,8.655680510304338,76.78335190090714,2023,11,Dengue,3,0,22676
W43,Ward_43,8.655680510304338,76.78335190090714,2023,12,Dengue,4,0,22676
W44,Ward_44,8.369323780793426,77.10078411508586,2018,1,Dengue,4,0,37412
W44,Ward_44,8.369323780793426,77.10078411508586,2018,2,Dengue,7,1,37412
W44,Ward_44,8.369323780793426,77.10078411508586,2018,3,Dengue,8,1,37412
W44,Ward_44,8.369323780793426,77.10078411508586,2018,4,Dengue,8,1,37412
W44,Ward_44,8.369323780793426,77.10078411508586,2018,5,Dengue,7,0,37412
W44,Ward_44,8.369323780793426,77.10078411508586,2018,6,Dengue,27,3,37412
W44,Ward_44,8.369323780793426,77.10078411508586,2018,7,Dengue,24,5,37412
W44,Ward_44,8.369323780793426,77.10078411508586,2018,8,Dengue,29,3,37412
W44,Ward_44,8.369323780793426,77.10078411508586,2018,9,Dengue,45,5,37412
W44,Ward_44,8.369323780793426,77.10078411508586,2018,10,Dengue,7,0,37412
W44,Ward_44,8.369323780793426,77.10078411508586,2018,11,Dengue,7,0,37412
W44,Ward_44,8.369323780793426,77.10078411508586,2018,12,Dengue,1,0,37412
W44,Ward_44,8.369323780793426,77.10078411508586,2019,1,Dengue,5,0,37412
W44,Ward_44,8.369323780793426,77.10078411508586,2019,2,Dengue,5,0,37412
W44,Ward_44,8.369323780793426,77.10078411508586,2019,3,Dengue,5,0,37412
W44,Ward_44,8.369323780793426,77.10078411508586,2019,4,Dengue,2,0,37412
W44,Ward_44,8.369323780793426,77.10078411508586,2019,5,Dengue,10,1,37412
W44,Ward_44,8.369323780793426,77.10078411508586,2019,6,Dengue,21,4,37412
W44,Ward_44,8.369323780793426,77.10078411508586,2019,7,Dengue,26,5,37412
W44,Ward_44,8.369323780793426,77.10078411508586,2019,8,Dengue,24,4,37412
W44,Ward_44,8.369323780793426,77.10078411508586,2019,9,Dengue,20,2,37412
W44,Ward_44,8.369323780793426,77.10078411508586,2019,10,Dengue,8,0,37412
W44,Ward_44,8.369323780793426,77.10078411508586,2019,11,Dengue,8,0,37412
W44,Ward_44,8.369323780793426,77.10078411508586,2019,12,Dengue,4,0,37412
W44,Ward_44,8.369323780793426,77.10078411508586,2020,1,Dengue,2,0,37412
W44,Ward_44,8.369323780793426,77.10078411508586,2020,2,Dengue,7,1,37412
W44,Ward_44,8.369323780793426,77.10078411508586,2020,3,Dengue,7,1,37412
W44,Ward_44,8.369323780793426,77.10078411508586,2020,4,Dengue,8,1,37412
W44,Ward_44,8.369323780793426,77.10078411508586,2020,5,Dengue,10,1,37412
W44,Ward_44,8.369323780793426,77.10078411508586,2020,6,Dengue,20,4,37412
W44,Ward_44,8.369323780793426,77.10078411508586,2020,7,Dengue,20,2,37412
W44,Ward_44,8.369323780793426,77.10078411508586,2020,8,Dengue,29,5,37412
W44,Ward_44,8.369323780793426,77.10078411508586,2020,9,Dengue,30,7,37412
W44,Ward_44,8.369323780793426,77.10078411508586,2020,10,Dengue,4,0,37412
W44,Ward_44,8.369323780793426,77.10078411508586,2020,11,Dengue,7,1,37412
W44,Ward_44,8.369323780793426,77.10078411508586,2020,12,Dengue,5,0,37412
W44,Ward_44,8.369323780793426,77.10078411508586,2021,1,Dengue,7,1,37412
W44,Ward_44,8.369323780793426,77.10078411508586,2021,2,Dengue,7,1,37412
W44,Ward_44,8.369323780793426,77.10078411508586,2021,3,Dengue,2,0,37412
W44,Ward_44,8.369323780793426,77.10078411508586,2021,4,Dengue,7,1,37412
W44,Ward_44,8.369323780793426,77.10078411508586,2021,5,Dengue,1,0,37412
W44,Ward_44,8.369323780793426,77.10078411508586,2021,6,Dengue,16,2,37412
W44,Ward_44,8.369323780793426,77.10078411508586,2021,7,Dengue,32,5,37412
W44,Ward_44,8.369323780793426,77.10078411508586,2021,8,Dengue,26,2,37412
W44,Ward_44,8.369323780793426,77.10078411508586,2021,9,Dengue,21,3,37412
W44,Ward_44,8.369323780793426,77.10078411508586,2021,10,Dengue,4,0,37412
W44,Ward_44,8.369323780793426,77.10078411508586,2021,11,Dengue,5,1,37412
W44,Ward_44,8.369323780793426,77.10078411508586,2021,12,Dengue,7,0,37412
W44,Ward_44,8.369323780793426,77.10078411508586,2022,1,Dengue,8,1,37412
W44,Ward_44,8.369323780793426,77.10078411508586,2022,2,Dengue,8,1,37412
W44,Ward_44,8.369323780793426,77.10078411508586,2022,3,Dengue,4,0,37412
W44,Ward_44,8.369323780793426,77.10078411508586,2022,4,Dengue,8,1,37412
W44,Ward_44,8.369323780793426,77.10078411508586,2022,5,Dengue,4,0,37412
W44,Ward_44,8.369323780793426,77.10078411508586,2022,6,Dengue,27,5,37412
W44,Ward_44,8.369323780793426,77.10078411508586,2022,7,Dengue,23,5,37412
W44,Ward_44,8.369323780793426,77.10078411508586,2022,8,Dengue,21,4,37412
W44,Ward_44,8.369323780793426,77.10078411508586,2022,9,Dengue,45,5,37412
W44,Ward_44,8.369323780793426,77.10078411508586,2022,10,Dengue,13,2,37412
W44,Ward_44,8.369323780793426,77.10078411508586,2022,11,Dengue,8,0,37412
W44,Ward_44,8.369323780793426,77.10078411508586,2022,12,Dengue,7,1,37412
W44,Ward_44,8.369323780793426,77.10078411508586,2023,1,Dengue,7,1,37412
W44,Ward_44,8.369323780793426,77.10078411508586,2023,2,Dengue,8,1,37412
W44,Ward_44,8.369323780793426,77.10078411508586,2023,3,Dengue,10,1,37412
W44,Ward_44,8.369323780793426,77.10078411508586,2023,4,Dengue,13,1,37412
W44,Ward_44,8.369323780793426,77.10078411508586,2023,5,Dengue,11,1,37412
W44,Ward_44,8.369323780793426,77.10078411508586,2023,6,Dengue,36,6,37412
W44,Ward_44,8.369323780793426,77.10078411508586,2023,7,Dengue,30,7,37412
W44,Ward_44,8.369323780793426,77.10078411508586,2023,8,Dengue,29,3,37412
W44,Ward_44,8.369323780793426,77.10078411508586,2023,9,Dengue,20,4,37412
W44,Ward_44,8.369323780793426,77.10078411508586,2023,10,Dengue,5,1,37412
W44,Ward_44,8.369323780793426,77.10078411508586,2023,11,Dengue,13,3,37412
W44,Ward_44,8.369323780793426,77.10078411508586,2023,12,Dengue,5,0,37412
W45,Ward_45,8.756820010765196,76.75862650303283,2018,1,Dengue,4,0,37936
W45,Ward_45,8.756820010765196,76.75862650303283,2018,2,Dengue,7,1,37936
W45,Ward_45,8.756820010765196,76.75862650303283,2018,3,Dengue,4,0,37936
W45,Ward_45,8.756820010765196,76.75862650303283,2018,4,Dengue,4,0,37936
W45,Ward_45,8.756820010765196,76.75862650303283,2018,5,Dengue,4,0,37936
W45,Ward_45,8.756820010765196,76.75862650303283,2018,6,Dengue,22,4,37936
W45,Ward_45,8.756820010765196,76.75862650303283,2018,7,Dengue,25,3,37936
W45,Ward_45,8.756820010765196,76.75862650303283,2018,8,Dengue,26,5,37936
W45,Ward_45,8.756820010765196,76.75862650303283,2018,9,Dengue,26,6,37936
W45,Ward_45,8.756820010765196,76.75862650303283,2018,10,Dengue,7,1,37936
W45,Ward_45,8.756820010765196,76.75862650303283,2018,11,Dengue,8,1,37936
W45,Ward_45,8.756820010765196,76.75862650303283,2018,12,Dengue,14,3,37936
W45,Ward_45,8.756820010765196,76.75862650303283,2019,1,Dengue,5,0,37936
W45,Ward_45,8.756820010765196,76.75862650303283,2019,2,Dengue,12,2,37936
W45,Ward_45,8.756820010765196,76.75862650303283,2019,3,Dengue,11,2,37936
W45,Ward_45,8.756820010765196,76.75862650303283,2019,4,Dengue,11,2,37936
W45,Ward_45,8.756820010765196,76.75862650303283,2019,5,Dengue,2,0,37936
W45,Ward_45,8.756820010765196,76.75862650303283,2019,6,Dengue,29,4,37936
W45,Ward_45,8.756820010765196,76.75862650303283,2019,7,Dengue,22,4,37936
W45,Ward_45,8.756820010765196,76.75862650303283,2019,8,Dengue,28,4,37936
W45,Ward_45,8.756820010765196,76.75862650303283,2019,9,Dengue,23,3,37936
W45,Ward_45,8.756820010765196,76.75862650303283,2019,10,Dengue,8,1,37936
W45,Ward_45,8.756820010765196,76.75862650303283,2019,11,Dengue,11,2,37936
W45,Ward_45,8.756820010765196,76.75862650303283,2019,12,Dengue,2,0,37936
W45,Ward_45,8.756820010765196,76.75862650303283,2020,1,Dengue,5,0,37936
W45,Ward_45,8.756820010765196,76.75862650303283,2020,2,Dengue,1,0,37936
W45,Ward_45,8.756820010765196,76.75862650303283,2020,3,Dengue,14,2,37936
W45,Ward_45,8.756820010765196,76.75862650303283,2020,4,Dengue,4,0,37936
W45,Ward_45,8.756820010765196,76.75862650303283,2020,5,Dengue,0,0,37936
W45,Ward_45,8.756820010765196,76.75862650303283,2020,6,Dengue,18,1,37936
W45,Ward_45,8.756820010765196,76.75862650303283,2020,7,Dengue,26,3,37936
W45,Ward_45,8.756820010765196,76.75862650303283,2020,8,Dengue,30,4,37936
W45,Ward_45,8.756820010765196,76.75862650303283,2020,9,Dengue,21,4,37936
W45,Ward_45,8.756820010765196,76.75862650303283,2020,10,Dengue,1,0,37936
W45,Ward_45,8.756820010765196,76.75862650303283,2020,11,Dengue,14,2,37936
W45,Ward_45,8.756820010765196,76.75862650303283,2020,12,Dengue,9,1,37936
W45,Ward_45,8.756820010765196,76.75862650303283,2021,1,Dengue,14,2,37936
W45,Ward_45,8.756820010765196,76.75862650303283,2021,2,Dengue,15,1,37936
W45,Ward_45,8.756820010765196,76.75862650303283,2021,3,Dengue,7,0,37936
W45,Ward_45,8.756820010765196,76.75862650303283,2021,4,Dengue,4,0,37936
W45,Ward_45,8.756820010765196,76.75862650303283,2021,5,Dengue,15,3,37936
W45,Ward_45,8.756820010765196,76.75862650303283,2021,6,Dengue,25,2,37936
W45,Ward_45,8.756820010765196,76.75862650303283,2021,7,Dengue,23,3,37936
W45,Ward_45,8.756820010765196,76.75862650303283,2021,8,Dengue,33,6,37936
W45,Ward_45,8.756820010765196,76.75862650303283,2021,9,Dengue,12,2,37936
W45,Ward_45,8.756820010765196,76.75862650303283,2021,10,Dengue,7,0,37936
W45,Ward_45,8.756820010765196,76.75862650303283,2021,11,Dengue,2,0,37936
W45,Ward_45,8.756820010765196,76.75862650303283,2021,12,Dengue,4,0,37936
W45,Ward_45,8.756820010765196,76.75862650303283,2022,1,Dengue,2,0,37936
W45,Ward_45,8.756820010765196,76.75862650303283,2022,2,Dengue,7,0,37936
W45,Ward_45,8.756820010765196,76.75862650303283,2022,3,Dengue,11,1,37936
W45,Ward_45,8.756820010765196,76.75862650303283,2022,4,Dengue,9,1,37936
W45,Ward_45,8.756820010765196,76.75862650303283,2022,5,Dengue,5,0,37936
W45,Ward_45,8.756820010765196,76.75862650303283,2022,6,Dengue,30,5,37936
W45,Ward_45,8.756820010765196,76.75862650303283,2022,7,Dengue,21,3,37936
W45,Ward_45,8.756820010765196,76.75862650303283,2022,8,Dengue,28,4,37936
W45,Ward_45,8.756820010765196,76.75862650303283,2022,9,Dengue,30,7,37936
W45,Ward_45,8.756820010765196,76.75862650303283,2022,10,Dengue,4,0,37936
W45,Ward_45,8.756820010765196,76.75862650303283,2022,11,Dengue,4,0,37936
W45,Ward_45,8.756820010765196,76.75862650303283,2022,12,Dengue,11,1,37936
W45,Ward_45,8.756820010765196,76.75862650303283,2023,1,Dengue,8,1,37936
W45,Ward_45,8.756820010765196,76.75862650303283,2023,2,Dengue,8,1,37936
W45,Ward_45,8.756820010765196,76.75862650303283,2023,3,Dengue,9,1,37936
W45,Ward_45,8.756820010765196,76.75862650303283,2023,4,Dengue,1,0,37936
W45,Ward_45,8.756820010765196,76.75862650303283,2023,5,Dengue,8,1,37936
W45,Ward_45,8.756820010765196,76.75862650303283,2023,6,Dengue,28,3,37936
W45,Ward_45,8.756820010765196,76.75862650303283,2023,7,Dengue,32,4,37936
W45,Ward_45,8.756820010765196,76.75862650303283,2023,8,Dengue,28,6,37936
W45,Ward_45,8.756820010765196,76.75862650303283,2023,9,Dengue,18,2,37936
W45,Ward_45,8.756820010765196,76.75862650303283,2023,10,Dengue,1,0,37936
W45,Ward_45,8.756820010765196,76.75862650303283,2023,11,Dengue,4,0,37936
W45,Ward_45,8.756820010765196,76.75862650303283,2023,12,Dengue,5,0,37936
W46,Ward_46,8.352489104473717,77.07784902913303,2018,1,Dengue,5,0,17665
W46,Ward_46,8.352489104473717,77.07784902913303,2018,2,Dengue,1,0,17665
W46,Ward_46,8.352489104473717,77.07784902913303,2018,3,Dengue,1,0,17665
W46,Ward_46,8.352489104473717,77.07784902913303,2018,4,Dengue,3,0,17665
W46,Ward_46,8.352489104473717,77.07784902913303,2018,5,Dengue,4,0,17665
W46,Ward_46,8.352489104473717,77.07784902913303,2018,6,Dengue,28,6,17665
W46,Ward_46,8.352489104473717,77.07784902913303,2018,7,Dengue,17,2,17665
W46,Ward_46,8.352489104473717,77.07784902913303,2018,8,Dengue,23,5,17665
W46,Ward_46,8.352489104473717,77.07784902913303,2018,9,Dengue,17,3,17665
W46,Ward_46,8.352489104473717,77.07784902913303,2018,10,Dengue,3,0,17665
W46,Ward_46,8.352489104473717,77.07784902913303,2018,11,Dengue,2,0,17665
W46,Ward_46,8.352489104473717,77.07784902913303,2018,12,Dengue,5,1,17665
W46,Ward_46,8.352489104473717,77.07784902913303,2019,1,Dengue,5,0,17665
W46,Ward_46,8.352489104473717,77.07784902913303,2019,2,Dengue,3,0,17665
W46,Ward_46,8.352489104473717,77.07784902913303,2019,3,Dengue,5,0,17665
W46,Ward_46,8.352489104473717,77.07784902913303,2019,4,Dengue,7,1,17665
W46,Ward_46,8.352489104473717,77.07784902913303,2019,5,Dengue,4,0,17665
W46,Ward_46,8.352489104473717,77.07784902913303,2019,6,Dengue,20,3,17665
W46,Ward_46,8.352489104473717,77.07784902913303,2019,7,Dengue,20,3,17665
W46,Ward_46,8.352489104473717,77.07784902913303,2019,8,Dengue,27,5,17665
W46,Ward_46,8.352489104473717,77.07784902913303,2019,9,Dengue,17,2,17665
W46,Ward_46,8.352489104473717,77.07784902913303,2019,10,Dengue,3,0,17665
W46,Ward_46,8.352489104473717,77.07784902913303,2019,11,Dengue,5,0,17665
W46,Ward_46,8.352489104473717,77.07784902913303,2019,12,Dengue,3,0,17665
W46,Ward_46,8.352489104473717,77.07784902913303,2020,1,Dengue,9,1,17665
W46,Ward_46,8.352489104473717,77.07784902913303,2020,2,Dengue,3,0,17665
W46,Ward_46,8.352489104473717,77.07784902913303,2020,3,Dengue,6,0,17665
W46,Ward_46,8.352489104473717,77.07784902913303,2020,4,Dengue,5,0,17665
W46,Ward_46,8.352489104473717,77.07784902913303,2020,5,Dengue,4,0,17665
W46,Ward_46,8.352489104473717,77.07784902913303,2020,6,Dengue,22,4,17665
W46,Ward_46,8.352489104473717,77.07784902913303,2020,7,Dengue,24,3,17665
W46,Ward_46,8.352489104473717,77.07784902913303,2020,8,Dengue,15,1,17665
W46,Ward_46,8.352489104473717,77.07784902913303,2020,9,Dengue,17,1,17665
W46,Ward_46,8.352489104473717,77.07784902913303,2020,10,Dengue,11,2,17665
W46,Ward_46,8.352489104473717,77.07784902913303,2020,11,Dengue,7,1,17665
W46,Ward_46,8.352489104473717,77.07784902913303,2020,12,Dengue,1,0,17665
W46,Ward_46,8.352489104473717,77.07784902913303,2021,1,Dengue,6,1,17665
W46,Ward_46,8.352489104473717,77.07784902913303,2021,2,Dengue,3,0,17665
W46,Ward_46,8.352489104473717,77.07784902913303,2021,3,Dengue,4,0,17665
W46,Ward_46,8.352489104473717,77.07784902913303,2021,4,Dengue,7,1,17665
W46,Ward_46,8.352489104473717,77.07784902913303,2021,5,Dengue,5,0,17665
W46,Ward_46,8.352489104473717,77.07784902913303,2021,6,Dengue,14,3,17665
W46,Ward_46,8.352489104473717,77.07784902913303,2021,7,Dengue,22,3,17665
W46,Ward_46,8.352489104473717,77.07784902913303,2021,8,Dengue,20,3,17665
W46,Ward_46,8.352489104473717,77.07784902913303,2021,9,Dengue,17,2,17665
W46,Ward_46,8.352489104473717,77.07784902913303,2021,10,Dengue,3,0,17665
W46,Ward_46,8.352489104473717,77.07784902913303,2021,11,Dengue,6,1,17665
W46,Ward_46,8.352489104473717,77.07784902913303,2021,12,Dengue,5,0,17665
W46,Ward_46,8.352489104473717,77.07784902913303,2022,1,Dengue,4,0,17665
W46,Ward_46,8.352489104473717,77.07784902913303,2022,2,Dengue,15,2,17665
W46,Ward_46,8.352489104473717,77.07784902913303,2022,3,Dengue,9,1,17665
W46,Ward_46,8.352489104473717,77.07784902913303,2022,4,Dengue,7,0,17665
W46,Ward_46,8.352489104473717,77.07784902913303,2022,5,Dengue,6,0,17665
W46,Ward_46,8.352489104473717,77.07784902913303,2022,6,Dengue,29,5,17665
W46,Ward_46,8.352489104473717,77.07784902913303,2022,7,Dengue,11,1,17665
W46,Ward_46,8.352489104473717,77.07784902913303,2022,8,Dengue,25,5,17665
W46,Ward_46,8.352489104473717,77.07784902913303,2022,9,Dengue,19,3,17665
W46,Ward_46,8.352489104473717,77.07784902913303,2022,10,Dengue,7,1,17665
W46,Ward_46,8.352489104473717,77.07784902913303,2022,11,Dengue,3,0,17665
W46,Ward_46,8.352489104473717,77.07784902913303,2022,12,Dengue,6,0,17665
W46,Ward_46,8.352489104473717,77.07784902913303,2023,1,Dengue,6,1,17665
W46,Ward_46,8.352489104473717,77.07784902913303,2023,2,Dengue,3,0,17665
W46,Ward_46,8.352489104473717,77.07784902913303,2023,3,Dengue,7,1,17665
W46,Ward_46,8.352489104473717,77.07784902913303,2023,4,Dengue,9,1,17665
W46,Ward_46,8.352489104473717,77.07784902913303,2023,5,Dengue,11,1,17665
W46,Ward_46,8.352489104473717,77.07784902913303,2023,6,Dengue,14,2,17665
W46,Ward_46,8.352489104473717,77.07784902913303,2023,7,Dengue,17,1,17665
W46,Ward_46,8.352489104473717,77.07784902913303,2023,8,Dengue,19,3,17665
W46,Ward_46,8.352489104473717,77.07784902913303,2023,9,Dengue,18,4,17665
W46,Ward_46,8.352489104473717,77.07784902913303,2023,10,Dengue,6,1,17665
W46,Ward_46,8.352489104473717,77.07784902913303,2023,11,Dengue,1,0,17665
W46,Ward_46,8.352489104473717,77.07784902913303,2023,12,Dengue,5,1,17665
W47,Ward_47,8.645182347649172,77.05510568154666,2018,1,Dengue,6,1,39774
W47,Ward_47,8.645182347649172,77.05510568154666,2018,2,Dengue,7,1,39774
W47,Ward_47,8.645182347649172,77.05510568154666,2018,3,Dengue,6,1,39774
W47,Ward_47,8.645182347649172,77.05510568154666,2018,4,Dengue,9,1,39774
W47,Ward_47,8.645182347649172,77.05510568154666,2018,5,Dengue,12,2,39774
W47,Ward_47,8.645182347649172,77.05510568154666,2018,6,Dengue,27,5,39774
W47,Ward_47,8.645182347649172,77.05510568154666,2018,7,Dengue,22,4,39774
W47,Ward_47,8.645182347649172,77.05510568154666,2018,8,Dengue,21,3,39774
W47,Ward_47,8.645182347649172,77.05510568154666,2018,9,Dengue,18,3,39774
W47,Ward_47,8.645182347649172,77.05510568154666,2018,10,Dengue,9,1,39774
W47,Ward_47,8.645182347649172,77.05510568154666,2018,11,Dengue,12,2,39774
W47,Ward_47,8.645182347649172,77.05510568154666,2018,12,Dengue,4,0,39774
W47,Ward_47,8.645182347649172,77.05510568154666,2019,1,Dengue,1,0,39774
W47,Ward_47,8.645182347649172,77.05510568154666,2019,2,Dengue,6,0,39774
W47,Ward_47,8.645182347649172,77.05510568154666,2019,3,Dengue,4,0,39774
W47,Ward_47,8.645182347649172,77.05510568154666,2019,4,Dengue,6,1,39774
W47,Ward_47,8.645182347649172,77.05510568154666,2019,5,Dengue,4,0,39774
W47,Ward_47,8.645182347649172,77.05510568154666,2019,6,Dengue,25,4,39774
W47,Ward_47,8.645182347649172,77.05510568154666,2019,7,Dengue,28,3,39774
W47,Ward_47,8.645182347649172,77.05510568154666,2019,8,Dengue,24,2,39774
W47,Ward_47,8.645182347649172,77.05510568154666,2019,9,Dengue,21,4,39774
W47,Ward_47,8.645182347649172,77.05510568154666,2019,10,Dengue,6,0,39774
W47,Ward_47,8.645182347649172,77.05510568154666,2019,11,Dengue,13,2,39774
W47,Ward_47,8.645182347649172,77.05510568154666,2019,12,Dengue,12,1,39774
W47,Ward_47,8.645182347649172,77.05510568154666,2020,1,Dengue,1,0,39774
W47,Ward_47,8.645182347649172,77.05510568154666,2020,2,Dengue,1,0,39774
W47,Ward_47,8.645182347649172,77.05510568154666,2020,3,Dengue,7,1,39774
W47,Ward_47,8.645182347649172,77.05510568154666,2020,4,Dengue,10,1,39774
W47,Ward_47,8.645182347649172,77.05510568154666,2020,5,Dengue,13,1,39774
W47,Ward_47,8.645182347649172,77.05510568154666,2020,6,Dengue,22,5,39774
W47,Ward_47,8.645182347649172,77.05510568154666,2020,7,Dengue,22,3,39774
W47,Ward_47,8.645182347649172,77.05510568154666,2020,8,Dengue,37,4,39774
W47,Ward_47,8.645182347649172,77.05510568154666,2020,9,Dengue,19,4,39774
W47,Ward_47,8.645182347649172,77.05510568154666,2020,10,Dengue,9,1,39774
W47,Ward_47,8.645182347649172,77.05510568154666,2020,11,Dengue,9,2,39774
W47,Ward_47,8.645182347649172,77.05510568154666,2020,12,Dengue,7,1,39774
W47,Ward_47,8.645182347649172,77.05510568154666,2021,1,Dengue,13,1,39774
W47,Ward_47,8.645182347649172,77.05510568154666,2021,2,Dengue,6,0,39774
W47,Ward_47,8.645182347649172,77.05510568154666,2021,3,Dengue,9,1,39774
W47,Ward_47,8.645182347649172,77.05510568154666,2021,4,Dengue,4,0,39774
W47,Ward_47,8.645182347649172,77.05510568154666,2021,5,Dengue,0,0,39774
W47,Ward_47,8.645182347649172,77.05510568154666,2021,6,Dengue,22,2,39774
W47,Ward_47,8.645182347649172,77.05510568154666,2021,7,Dengue,19,3,39774
W47,Ward_47,8.645182347649172,77.05510568154666,2021,8,Dengue,27,2,39774
W47,Ward_47,8.645182347649172,77.05510568154666,2021,9,Dengue,24,4,39774
W47,Ward_47,8.645182347649172,77.05510568154666,2021,10,Dengue,10,1,39774
W47,Ward_47,8.645182347649172,77.05510568154666,2021,11,Dengue,4,0,39774
W47,Ward_47,8.645182347649172,77.05510568154666,2021,12,Dengue,10,1,39774
W47,Ward_47,8.645182347649172,77.05510568154666,2022,1,Dengue,13,2,39774
W47,Ward_47,8.645182347649172,77.05510568154666,2022,2,Dengue,7,1,39774
W47,Ward_47,8.645182347649172,77.05510568154666,2022,3,Dengue,6,0,39774
W47,Ward_47,8.645182347649172,77.05510568154666,2022,4,Dengue,6,0,39774
W47,Ward_47,8.645182347649172,77.05510568154666,2022,5,Dengue,4,0,39774
W47,Ward_47,8.645182347649172,77.05510568154666,2022,6,Dengue,34,8,39774
W47,Ward_47,8.645182347649172,77.05510568154666,2022,7,Dengue,24,2,39774
W47,Ward_47,8.645182347649172,77.05510568154666,2022,8,Dengue,28,4,39774
W47,Ward_47,8.645182347649172,77.05510568154666,2022,9,Dengue,22,3,39774
W47,Ward_47,8.645182347649172,77.05510568154666,2022,10,Dengue,7,0,39774
W47,Ward_47,8.645182347649172,77.05510568154666,2022,11,Dengue,4,0,39774
W47,Ward_47,8.645182347649172,77.05510568154666,2022,12,Dengue,9,2,39774
W47,Ward_47,8.645182347649172,77.05510568154666,2023,1,Dengue,7,1,39774
W47,Ward_47,8.645182347649172,77.05510568154666,2023,2,Dengue,7,1,39774
W47,Ward_47,8.645182347649172,77.05510568154666,2023,3,Dengue,9,0,39774
W47,Ward_47,8.645182347649172,77.05510568154666,2023,4,Dengue,10,2,39774
W47,Ward_47,8.645182347649172,77.05510568154666,2023,5,Dengue,4,0,39774
W47,Ward_47,8.645182347649172,77.05510568154666,2023,6,Dengue,22,4,39774
W47,Ward_47,8.645182347649172,77.05510568154666,2023,7,Dengue,36,5,39774
W47,Ward_47,8.645182347649172,77.05510568154666,2023,8,Dengue,21,2,39774
W47,Ward_47,8.645182347649172,77.05510568154666,2023,9,Dengue,34,7,39774
W47,Ward_47,8.645182347649172,77.05510568154666,2023,10,Dengue,4,0,39774
W47,Ward_47,8.645182347649172,77.05510568154666,2023,11,Dengue,9,1,39774
W47,Ward_47,8.645182347649172,77.05510568154666,2023,12,Dengue,7,0,39774
W48,Ward_48,8.735768073465108,76.84759125831498,2018,1,Dengue,1,0,19186
W48,Ward_48,8.735768073465108,76.84759125831498,2018,2,Dengue,11,2,19186
W48,Ward_48,8.735768073465108,76.84759125831498,2018,3,Dengue,3,0,19186
W48,Ward_48,8.735768073465108,76.84759125831498,2018,4,Dengue,3,0,19186
W48,Ward_48,8.735768073465108,76.84759125831498,2018,5,Dengue,9,0,19186
W48,Ward_48,8.735768073465108,76.84759125831498,2018,6,Dengue,21,2,19186
W48,Ward_48,8.735768073465108,76.84759125831498,2018,7,Dengue,22,4,19186
W48,Ward_48,8.735768073465108,76.84759125831498,2018,8,Dengue,26,3,19186
W48,Ward_48,8.735768073465108,76.84759125831498,2018,9,Dengue,12,1,19186
W48,Ward_48,8.735768073465108,76.84759125831498,2018,10,Dengue,5,0,19186
W48,Ward_48,8.735768073465108,76.84759125831498,2018,11,Dengue,3,0,19186
W48,Ward_48,8.735768073465108,76.84759125831498,2018,12,Dengue,6,1,19186
W48,Ward_48,8.735768073465108,76.84759125831498,2019,1,Dengue,6,1,19186
W48,Ward_48,8.735768073465108,76.84759125831498,2019,2,Dengue,7,0,19186
W48,Ward_48,8.735768073465108,76.84759125831498,2019,3,Dengue,6,1,19186
W48,Ward_48,8.735768073465108,76.84759125831498,2019,4,Dengue,9,1,19186
W48,Ward_48,8.735768073465108,76.84759125831498,2019,5,Dengue,5,1,19186
W48,Ward_48,8.735768073465108,76.84759125831498,2019,6,Dengue,15,3,19186
W48,Ward_48,8.735768073465108,76.84759125831498,2019,7,Dengue,16,2,19186
W48,Ward_48,8.735768073465108,76.84759125831498,2019,8,Dengue,25,3,19186
W48,Ward_48,8.735768073465108,76.84759125831498,2019,9,Dengue,11,2,19186
W48,Ward_48,8.735768073465108,76.84759125831498,2019,10,Dengue,7,1,19186
W48,Ward_48,8.735768073465108,76.84759125831498,2019,11,Dengue,6,0,19186
W48,Ward_48,8.735768073465108,76.84759125831498,2019,12,Dengue,4,0,19186
W48,Ward_48,8.735768073465108,76.84759125831498,2020,1,Dengue,5,0,19186
W48,Ward_48,8.735768073465108,76.84759125831498,2020,2,Dengue,1,0,19186
W48,Ward_48,8.735768073465108,76.84759125831498,2020,3,Dengue,7,1,19186
W48,Ward_48,8.735768073465108,76.84759125831498,2020,4,Dengue,4,0,19186
W48,Ward_48,8.735768073465108,76.84759125831498,2020,5,Dengue,4,0,19186
W48,Ward_48,8.735768073465108,76.84759125831498,2020,6,Dengue,23,3,19186
W48,Ward_48,8.735768073465108,76.84759125831498,2020,7,Dengue,25,3,19186
W48,Ward_48,8.735768073465108,76.84759125831498,2020,8,Dengue,22,3,19186
W48,Ward_48,8.735768073465108,76.84759125831498,2020,9,Dengue,15,2,19186
W48,Ward_48,8.735768073465108,76.84759125831498,2020,10,Dengue,5,1,19186
W48,Ward_48,8.735768073465108,76.84759125831498,2020,11,Dengue,5,1,19186
W48,Ward_48,8.735768073465108,76.84759125831498,2020,12,Dengue,7,0,19186
W48,Ward_48,8.735768073465108,76.84759125831498,2021,1,Dengue,7,1,19186
W48,Ward_48,8.735768073465108,76.84759125831498,2021,2,Dengue,4,0,19186
W48,Ward_48,8.735768073465108,76.84759125831498,2021,3,Dengue,5,0,19186
W48,Ward_48,8.735768073465108,76.84759125831498,2021,4,Dengue,7,1,19186
W48,Ward_48,8.735768073465108,76.84759125831498,2021,5,Dengue,6,1,19186
W48,Ward_48,8.735768073465108,76.84759125831498,2021,6,Dengue,24,4,19186
W48,Ward_48,8.735768073465108,76.84759125831498,2021,7,Dengue,19,2,19186
W48,Ward_48,8.735768073465108,76.84759125831498,2021,8,Dengue,17,2,19186
W48,Ward_48,8.735768073465108,76.84759125831498,2021,9,Dengue,30,5,19186
W48,Ward_48,8.735768073465108,76.84759125831498,2021,10,Dengue,3,0,19186
W48,Ward_48,8.735768073465108,76.84759125831498,2021,11,Dengue,3,0,19186
W48,Ward_48,8.735768073465108,76.84759125831498,2021,12,Dengue,2,0,19186
W48,Ward_48,8.735768073465108,76.84759125831498,2022,1,Dengue,6,1,19186
W48,Ward_48,8.735768073465108,76.84759125831498,2022,2,Dengue,4,0,19186
W48,Ward_48,8.735768073465108,76.84759125831498,2022,3,Dengue,5,0,19186
W48,Ward_48,8.735768073465108,76.84759125831498,2022,4,Dengue,8,1,19186
W48,Ward_48,8.735768073465108,76.84759125831498,2022,5,Dengue,2,0,19186
W48,Ward_48,8.735768073465108,76.84759125831498,2022,6,Dengue,16,3,19186
W48,Ward_48,8.735768073465108,76.84759125831498,2022,7,Dengue,14,1,19186
W48,Ward_48,8.735768073465108,76.84759125831498,2022,8,Dengue,22,2,19186
W48,Ward_48,8.735768073465108,76.84759125831498,2022,9,Dengue,19,3,19186
W48,Ward_48,8.735768073465108,76.84759125831498,2022,10,Dengue,6,0,19186
W48,Ward_48,8.735768073465108,76.84759125831498,2022,11,Dengue,6,0,19186
W48,Ward_48,8.735768073465108,76.84759125831498,2022,12,Dengue,2,0,19186
W48,Ward_48,8.735768073465108,76.84759125831498,2023,1,Dengue,10,1,19186
W48,Ward_48,8.735768073465108,76.84759125831498,2023,2,Dengue,4,0,19186
W48,Ward_48,8.735768073465108,76.84759125831498,2023,3,Dengue,3,0,19186
W48,Ward_48,8.735768073465108,76.84759125831498,2023,4,Dengue,8,1,19186
W48,Ward_48,8.735768073465108,76.84759125831498,2023,5,Dengue,6,0,19186
W48,Ward_48,8.735768073465108,76.84759125831498,2023,6,Dengue,19,4,19186
W48,Ward_48,8.735768073465108,76.84759125831498,2023,7,Dengue,19,4,19186
W48,Ward_48,8.735768073465108,76.84759125831498,2023,8,Dengue,24,5,19186
W48,Ward_48,8.735768073465108,76.84759125831498,2023,9,Dengue,10,1,19186
W48,Ward_48,8.735768073465108,76.84759125831498,2023,10,Dengue,8,1,19186
W48,Ward_48,8.735768073465108,76.84759125831498,2023,11,Dengue,3,0,19186
W48,Ward_48,8.735768073465108,76.84759125831498,2023,12,Dengue,5,0,19186
W49,Ward_49,8.70308859905198,77.03053900011288,2018,1,Dengue,10,1,19340
W49,Ward_49,8.70308859905198,77.03053900011288,2018,2,Dengue,7,1,19340
W49,Ward_49,8.70308859905198,77.03053900011288,2018,3,Dengue,10,1,19340
W49,Ward_49,8.70308859905198,77.03053900011288,2018,4,Dengue,10,1,19340
W49,Ward_49,8.70308859905198,77.03053900011288,2018,5,Dengue,6,0,19340
W49,Ward_49,8.70308859905198,77.03053900011288,2018,6,Dengue,36,7,19340
W49,Ward_49,8.70308859905198,77.03053900011288,2018,7,Dengue,27,4,19340
W49,Ward_49,8.70308859905198,77.03053900011288,2018,8,Dengue,33,6,19340
W49,Ward_49,8.70308859905198,77.03053900011288,2018,9,Dengue,37,7,19340
W49,Ward_49,8.70308859905198,77.03053900011288,2018,10,Dengue,4,0,19340
W49,Ward_49,8.70308859905198,77.03053900011288,2018,11,Dengue,7,1,19340
W49,Ward_49,8.70308859905198,77.03053900011288,2018,12,Dengue,4,0,19340
W49,Ward_49,8.70308859905198,77.03053900011288,2019,1,Dengue,10,1,19340
W49,Ward_49,8.70308859905198,77.03053900011288,2019,2,Dengue,3,0,19340
W49,Ward_49,8.70308859905198,77.03053900011288,2019,3,Dengue,6,0,19340
W49,Ward_49,8.70308859905198,77.03053900011288,2019,4,Dengue,4,0,19340
W49,Ward_49,8.70308859905198,77.03053900011288,2019,5,Dengue,9,0,19340
W49,Ward_49,8.70308859905198,77.03053900011288,2019,6,Dengue,34,4,19340
W49,Ward_49,8.70308859905198,77.03053900011288,2019,7,Dengue,33,7,19340
W49,Ward_49,8.70308859905198,77.03053900011288,2019,8,Dengue,33,6,19340
W49,Ward_49,8.70308859905198,77.03053900011288,2019,9,Dengue,18,3,19340
W49,Ward_49,8.70308859905198,77.03053900011288,2019,10,Dengue,9,1,19340
W49,Ward_49,8.70308859905198,77.03053900011288,2019,11,Dengue,9,1,19340
W49,Ward_49,8.70308859905198,77.03053900011288,2019,12,Dengue,9,1,19340
W49,Ward_49,8.70308859905198,77.03053900011288,2020,1,Dengue,9,1,19340
W49,Ward_49,8.70308859905198,77.03053900011288,2020,2,Dengue,7,1,19340
W49,Ward_49,8.70308859905198,77.03053900011288,2020,3,Dengue,4,0,19340
W49,Ward_49,8.70308859905198,77.03053900011288,2020,4,Dengue,13,3,19340
W49,Ward_49,8.70308859905198,77.03053900011288,2020,5,Dengue,7,1,19340
W49,Ward_49,8.70308859905198,77.03053900011288,2020,6,Dengue,39,8,19340
W49,Ward_49,8.70308859905198,77.03053900011288,2020,7,Dengue,30,6,19340
W49,Ward_49,8.70308859905198,77.03053900011288,2020,8,Dengue,22,3,19340
W49,Ward_49,8.70308859905198,77.03053900011288,2020,9,Dengue,33,3,19340
W49,Ward_49,8.70308859905198,77.03053900011288,2020,10,Dengue,4,0,19340
W49,Ward_49,8.70308859905198,77.03053900011288,2020,11,Dengue,10,1,19340
W49,Ward_49,8.70308859905198,77.03053900011288,2020,12,Dengue,7,1,19340
W49,Ward_49,8.70308859905198,77.03053900011288,2021,1,Dengue,6,0,19340
W49,Ward_49,8.70308859905198,77.03053900011288,2021,2,Dengue,10,2,19340
W49,Ward_49,8.70308859905198,77.03053900011288,2021,3,Dengue,9,2,19340
W49,Ward_49,8.70308859905198,77.03053900011288,2021,4,Dengue,4,0,19340
W49,Ward_49,8.70308859905198,77.03053900011288,2021,5,Dengue,4,0,19340
W49,Ward_49,8.70308859905198,77.03053900011288,2021,6,Dengue,30,7,19340
W49,Ward_49,8.70308859905198,77.03053900011288,2021,7,Dengue,22,3,19340
W49,Ward_49,8.70308859905198,77.03053900011288,2021,8,Dengue,33,3,19340
W49,Ward_49,8.70308859905198,77.03053900011288,2021,9,Dengue,31,4,19340
W49,Ward_49,8.70308859905198,77.03053900011288,2021,10,Dengue,7,1,19340
W49,Ward_49,8.70308859905198,77.03053900011288,2021,11,Dengue,9,1,19340
W49,Ward_49,8.70308859905198,77.03053900011288,2021,12,Dengue,6,1,19340
W49,Ward_49,8.70308859905198,77.03053900011288,2022,1,Dengue,6,0,19340
W49,Ward_49,8.70308859905198,77.03053900011288,2022,2,Dengue,10,2,19340
W49,Ward_49,8.70308859905198,77.03053900011288,2022,3,Dengue,4,0,19340
W49,Ward_49,8.70308859905198,77.03053900011288,2022,4,Dengue,9,2,19340
W49,Ward_49,8.70308859905198,77.03053900011288,2022,5,Dengue,7,0,19340
W49,Ward_49,8.70308859905198,77.03053900011288,2022,6,Dengue,25,5,19340
W49,Ward_49,8.70308859905198,77.03053900011288,2022,7,Dengue,24,5,19340
W49,Ward_49,8.70308859905198,77.03053900011288,2022,8,Dengue,37,6,19340
W49,Ward_49,8.70308859905198,77.03053900011288,2022,9,Dengue,24,4,19340
W49,Ward_49,8.70308859905198,77.03053900011288,2022,10,Dengue,4,0,19340
W49,Ward_49,8.70308859905198,77.03053900011288,2022,11,Dengue,7,0,19340
W49,Ward_49,8.70308859905198,77.03053900011288,2022,12,Dengue,7,1,19340
W49,Ward_49,8.70308859905198,77.03053900011288,2023,1,Dengue,6,0,19340
W49,Ward_49,8.70308859905198,77.03053900011288,2023,2,Dengue,3,0,19340
W49,Ward_49,8.70308859905198,77.03053900011288,2023,3,Dengue,10,1,19340
W49,Ward_49,8.70308859905198,77.03053900011288,2023,4,Dengue,7,0,19340
W49,Ward_49,8.70308859905198,77.03053900011288,2023,5,Dengue,9,1,19340
W49,Ward_49,8.70308859905198,77.03053900011288,2023,6,Dengue,19,3,19340
W49,Ward_49,8.70308859905198,77.03053900011288,2023,7,Dengue,15,2,19340
W49,Ward_49,8.70308859905198,77.03053900011288,2023,8,Dengue,21,3,19340
W49,Ward_49,8.70308859905198,77.03053900011288,2023,9,Dengue,27,6,19340
W49,Ward_49,8.70308859905198,77.03053900011288,2023,10,Dengue,10,2,19340
W49,Ward_49,8.70308859905198,77.03053900011288,2023,11,Dengue,7,0,19340
W49,Ward_49,8.70308859905198,77.03053900011288,2023,12,Dengue,6,0,19340
W50,Ward_50,8.688006068738916,76.90655276059643,2018,1,Dengue,7,1,32622
W50,Ward_50,8.688006068738916,76.90655276059643,2018,2,Dengue,5,1,32622
W50,Ward_50,8.688006068738916,76.90655276059643,2018,3,Dengue,3,0,32622
W50,Ward_50,8.688006068738916,76.90655276059643,2018,4,Dengue,9,0,32622
W50,Ward_50,8.688006068738916,76.90655276059643,2018,5,Dengue,9,1,32622
W50,Ward_50,8.688006068738916,76.90655276059643,2018,6,Dengue,20,4,32622
W50,Ward_50,8.688006068738916,76.90655276059643,2018,7,Dengue,22,4,32622
W50,Ward_50,8.688006068738916,76.90655276059643,2018,8,Dengue,21,3,32622
W50,Ward_50,8.688006068738916,76.90655276059643,2018,9,Dengue,22,2,32622
W50,Ward_50,8.688006068738916,76.90655276059643,2018,10,Dengue,8,0,32622
W50,Ward_50,8.688006068738916,76.90655276059643,2018,11,Dengue,3,0,32622
W50,Ward_50,8.688006068738916,76.90655276059643,2018,12,Dengue,5,0,32622
W50,Ward_50,8.688006068738916,76.90655276059643,2019,1,Dengue,5,1,32622
W50,Ward_50,8.688006068738916,76.90655276059643,2019,2,Dengue,4,0,32622
W50,Ward_50,8.688006068738916,76.90655276059643,2019,3,Dengue,7,0,32622
W50,Ward_50,8.688006068738916,76.90655276059643,2019,4,Dengue,8,0,32622
W50,Ward_50,8.688006068738916,76.90655276059643,2019,5,Dengue,4,0,32622
W50,Ward_50,8.688006068738916,76.90655276059643,2019,6,Dengue,21,3,32622
W50,Ward_50,8.688006068738916,76.90655276059643,2019,7,Dengue,35,6,32622
W50,Ward_50,8.688006068738916,76.90655276059643,2019,8,Dengue,24,3,32622
W50,Ward_50,8.688006068738916,76.90655276059643,2019,9,Dengue,18,3,32622
W50,Ward_50,8.688006068738916,76.90655276059643,2019,10,Dengue,3,0,32622
W50,Ward_50,8.688006068738916,76.90655276059643,2019,11,Dengue,7,1,32622
W50,Ward_50,8.688006068738916,76.90655276059643,2019,12,Dengue,5,1,32622
W50,Ward_50,8.688006068738916,76.90655276059643,2020,1,Dengue,5,0,32622
W50,Ward_50,8.688006068738916,76.90655276059643,2020,2,Dengue,8,0,32622
W50,Ward_50,8.688006068738916,76.90655276059643,2020,3,Dengue,7,1,32622
W50,Ward_50,8.688006068738916,76.90655276059643,2020,4,Dengue,4,0,32622
W50,Ward_50,8.688006068738916,76.90655276059643,2020,5,Dengue,7,1,32622
W50,Ward_50,8.688006068738916,76.90655276059643,2020,6,Dengue,14,2,32622
W50,Ward_50,8.688006068738916,76.90655276059643,2020,7,Dengue,27,4,32622
W50,Ward_50,8.688006068738916,76.90655276059643,2020,8,Dengue,30,5,32622
W50,Ward_50,8.688006068738916,76.90655276059643,2020,9,Dengue,20,4,32622
W50,Ward_50,8.688006068738916,76.90655276059643,2020,10,Dengue,3,0,32622
W50,Ward_50,8.688006068738916,76.90655276059643,2020,11,Dengue,8,1,32622
W50,Ward_50,8.688006068738916,76.90655276059643,2020,12,Dengue,3,0,32622
W50,Ward_50,8.688006068738916,76.90655276059643,2021,1,Dengue,4,0,32622
W50,Ward_50,8.688006068738916,76.90655276059643,2021,2,Dengue,2,0,32622
W50,Ward_50,8.688006068738916,76.90655276059643,2021,3,Dengue,9,1,32622
W50,Ward_50,8.688006068738916,76.90655276059643,2021,4,Dengue,13,3,32622
W50,Ward_50,8.688006068738916,76.90655276059643,2021,5,Dengue,10,2,32622
W50,Ward_50,8.688006068738916,76.90655276059643,2021,6,Dengue,17,1,32622
W50,Ward_50,8.688006068738916,76.90655276059643,2021,7,Dengue,28,3,32622
W50,Ward_50,8.688006068738916,76.90655276059643,2021,8,Dengue,29,3,32622
W50,Ward_50,8.688006068738916,76.90655276059643,2021,9,Dengue,13,2,32622
W50,Ward_50,8.688006068738916,76.90655276059643,2021,10,Dengue,4,0,32622
W50,Ward_50,8.688006068738916,76.90655276059643,2021,11,Dengue,5,1,32622
W50,Ward_50,8.688006068738916,76.90655276059643,2021,12,Dengue,3,0,32622
W50,Ward_50,8.688006068738916,76.90655276059643,2022,1,Dengue,2,0,32622
W50,Ward_50,8.688006068738916,76.90655276059643,2022,2,Dengue,4,0,32622
W50,Ward_50,8.688006068738916,76.90655276059643,2022,3,Dengue,7,0,32622
W50,Ward_50,8.688006068738916,76.90655276059643,2022,4,Dengue,9,0,32622
W50,Ward_50,8.688006068738916,76.90655276059643,2022,5,Dengue,3,0,32622
W50,Ward_50,8.688006068738916,76.90655276059643,2022,6,Dengue,16,2,32622
W50,Ward_50,8.688006068738916,76.90655276059643,2022,7,Dengue,18,4,32622
W50,Ward_50,8.688006068738916,76.90655276059643,2022,8,Dengue,16,2,32622
W50,Ward_50,8.688006068738916,76.90655276059643,2022,9,Dengue,22,5,32622
W50,Ward_50,8.688006068738916,76.90655276059643,2022,10,Dengue,7,1,32622
W50,Ward_50,8.688006068738916,76.90655276059643,2022,11,Dengue,5,0,32622
W50,Ward_50,8.688006068738916,76.90655276059643,2022,12,Dengue,1,0,32622
W50,Ward_50,8.688006068738916,76.90655276059643,2023,1,Dengue,1,0,32622
W50,Ward_50,8.688006068738916,76.90655276059643,2023,2,Dengue,4,0,32622
W50,Ward_50,8.688006068738916,76.90655276059643,2023,3,Dengue,5,1,32622
W50,Ward_50,8.688006068738916,76.90655276059643,2023,4,Dengue,4,0,32622
W50,Ward_50,8.688006068738916,76.90655276059643,2023,5,Dengue,4,0,32622
W50,Ward_50,8.688006068738916,76.90655276059643,2023,6,Dengue,22,2,32622
W50,Ward_50,8.688006068738916,76.90655276059643,2023,7,Dengue,23,2,32622
W50,Ward_50,8.688006068738916,76.90655276059643,2023,8,Dengue,21,2,32622
W50,Ward_50,8.688006068738916,76.90655276059643,2023,9,Dengue,23,2,32622
W50,Ward_50,8.688006068738916,76.90655276059643,2023,10,Dengue,5,0,32622
W50,Ward_50,8.688006068738916,76.90655276059643,2023,11,Dengue,10,1,32622
W50,Ward_50,8.688006068738916,76.90655276059643,2023,12,Dengue,7,1,32622
W51,Ward_51,8.661061136381734,76.98149706554263,2018,1,Dengue,3,0,16979
W51,Ward_51,8.661061136381734,76.98149706554263,2018,2,Dengue,2,0,16979
W51,Ward_51,8.661061136381734,76.98149706554263,2018,3,Dengue,2,0,16979
W51,Ward_51,8.661061136381734,76.98149706554263,2018,4,Dengue,3,0,16979
W51,Ward_51,8.661061136381734,76.98149706554263,2018,5,Dengue,4,0,16979
W51,Ward_51,8.661061136381734,76.98149706554263,2018,6,Dengue,10,1,16979
W51,Ward_51,8.661061136381734,76.98149706554263,2018,7,Dengue,21,4,16979
W51,Ward_51,8.661061136381734,76.98149706554263,2018,8,Dengue,15,3,16979
W51,Ward_51,8.661061136381734,76.98149706554263,2018,9,Dengue,17,3,16979
W51,Ward_51,8.661061136381734,76.98149706554263,2018,10,Dengue,8,1,16979
W51,Ward_51,8.661061136381734,76.98149706554263,2018,11,Dengue,2,0,16979
W51,Ward_51,8.661061136381734,76.98149706554263,2018,12,Dengue,2,0,16979
W51,Ward_51,8.661061136381734,76.98149706554263,2019,1,Dengue,3,0,16979
W51,Ward_51,8.661061136381734,76.98149706554263,2019,2,Dengue,4,0,16979
W51,Ward_51,8.661061136381734,76.98149706554263,2019,3,Dengue,4,0,16979
W51,Ward_51,8.661061136381734,76.98149706554263,2019,4,Dengue,3,0,16979
W51,Ward_51,8.661061136381734,76.98149706554263,2019,5,Dengue,5,0,16979
W51,Ward_51,8.661061136381734,76.98149706554263,2019,6,Dengue,18,4,16979
W51,Ward_51,8.661061136381734,76.98149706554263,2019,7,Dengue,21,2,16979
W51,Ward_51,8.661061136381734,76.98149706554263,2019,8,Dengue,14,3,16979
W51,Ward_51,8.661061136381734,76.98149706554263,2019,9,Dengue,13,2,16979
W51,Ward_51,8.661061136381734,76.98149706554263,2019,10,Dengue,5,1,16979
W51,Ward_51,8.661061136381734,76.98149706554263,2019,11,Dengue,5,0,16979
W51,Ward_51,8.661061136381734,76.98149706554263,2019,12,Dengue,4,0,16979
W51,Ward_51,8.661061136381734,76.98149706554263,2020,1,Dengue,0,0,16979
W51,Ward_51,8.661061136381734,76.98149706554263,2020,2,Dengue,1,0,16979
W51,Ward_51,8.661061136381734,76.98149706554263,2020,3,Dengue,4,0,16979
W51,Ward_51,8.661061136381734,76.98149706554263,2020,4,Dengue,3,0,16979
W51,Ward_51,8.661061136381734,76.98149706554263,2020,5,Dengue,4,0,16979
W51,Ward_51,8.661061136381734,76.98149706554263,2020,6,Dengue,6,0,16979
W51,Ward_51,8.661061136381734,76.98149706554263,2020,7,Dengue,19,3,16979
W51,Ward_51,8.661061136381734,76.98149706554263,2020,8,Dengue,21,4,16979
W51,Ward_51,8.661061136381734,76.98149706554263,2020,9,Dengue,18,3,16979
W51,Ward_51,8.661061136381734,76.98149706554263,2020,10,Dengue,6,1,16979
W51,Ward_51,8.661061136381734,76.98149706554263,2020,11,Dengue,4,0,16979
W51,Ward_51,8.661061136381734,76.98149706554263,2020,12,Dengue,2,0,16979
W51,Ward_51,8.661061136381734,76.98149706554263,2021,1,Dengue,4,0,16979
W51,Ward_51,8.661061136381734,76.98149706554263,2021,2,Dengue,5,0,16979
W51,Ward_51,8.661061136381734,76.98149706554263,2021,3,Dengue,2,0,16979
W51,Ward_51,8.661061136381734,76.98149706554263,2021,4,Dengue,5,0,16979
W51,Ward_51,8.661061136381734,76.98149706554263,2021,5,Dengue,5,0,16979
W51,Ward_51,8.661061136381734,76.98149706554263,2021,6,Dengue,20,4,16979
W51,Ward_51,8.661061136381734,76.98149706554263,2021,7,Dengue,16,3,16979
W51,Ward_51,8.661061136381734,76.98149706554263,2021,8,Dengue,12,1,16979
W51,Ward_51,8.661061136381734,76.98149706554263,2021,9,Dengue,15,2,16979
W51,Ward_51,8.661061136381734,76.98149706554263,2021,10,Dengue,3,0,16979
W51,Ward_51,8.661061136381734,76.98149706554263,2021,11,Dengue,9,1,16979
W51,Ward_51,8.661061136381734,76.98149706554263,2021,12,Dengue,5,0,16979
W51,Ward_51,8.661061136381734,76.98149706554263,2022,1,Dengue,3,0,16979
W51,Ward_51,8.661061136381734,76.98149706554263,2022,2,Dengue,3,0,16979
W51,Ward_51,8.661061136381734,76.98149706554263,2022,3,Dengue,8,1,16979
W51,Ward_51,8.661061136381734,76.98149706554263,2022,4,Dengue,5,0,16979
W51,Ward_51,8.661061136381734,76.98149706554263,2022,5,Dengue,1,0,16979
W51,Ward_51,8.661061136381734,76.98149706554263,2022,6,Dengue,13,2,16979
W51,Ward_51,8.661061136381734,76.98149706554263,2022,7,Dengue,12,2,16979
W51,Ward_51,8.661061136381734,76.98149706554263,2022,8,Dengue,19,2,16979
W51,Ward_51,8.661061136381734,76.98149706554263,2022,9,Dengue,19,4,16979
W51,Ward_51,8.661061136381734,76.98149706554263,2022,10,Dengue,6,1,16979
W51,Ward_51,8.661061136381734,76.98149706554263,2022,11,Dengue,5,0,16979
W51,Ward_51,8.661061136381734,76.98149706554263,2022,12,Dengue,7,1,16979
W51,Ward_51,8.661061136381734,76.98149706554263,2023,1,Dengue,3,0,16979
W51,Ward_51,8.661061136381734,76.98149706554263,2023,2,Dengue,4,0,16979
W51,Ward_51,8.661061136381734,76.98149706554263,2023,3,Dengue,2,0,16979
W51,Ward_51,8.661061136381734,76.98149706554263,2023,4,Dengue,4,0,16979
W51,Ward_51,8.661061136381734,76.98149706554263,2023,5,Dengue,6,1,16979
W51,Ward_51,8.661061136381734,76.98149706554263,2023,6,Dengue,17,2,16979
W51,Ward_51,8.661061136381734,76.98149706554263,2023,7,Dengue,16,3,16979
W51,Ward_51,8.661061136381734,76.98149706554263,2023,8,Dengue,13,2,16979
W51,Ward_51,8.661061136381734,76.98149706554263,2023,9,Dengue,12,2,16979
W51,Ward_51,8.661061136381734,76.98149706554263,2023,10,Dengue,5,0,16979
W51,Ward_51,8.661061136381734,76.98149706554263,2023,11,Dengue,3,0,16979
W51,Ward_51,8.661061136381734,76.98149706554263,2023,12,Dengue,3,0,16979
W52,Ward_52,8.826024687608223,76.81010433202201,2018,1,Dengue,6,1,15912
W52,Ward_52,8.826024687608223,76.81010433202201,2018,2,Dengue,6,1,15912
W52,Ward_52,8.826024687608223,76.81010433202201,2018,3,Dengue,6,1,15912
W52,Ward_52,8.826024687608223,76.81010433202201,2018,4,Dengue,18,4,15912
W52,Ward_52,8.826024687608223,76.81010433202201,2018,5,Dengue,9,2,15912
W52,Ward_52,8.826024687608223,76.81010433202201,2018,6,Dengue,36,5,15912
W52,Ward_52,8.826024687608223,76.81010433202201,2018,7,Dengue,13,2,15912
W52,Ward_52,8.826024687608223,76.81010433202201,2018,8,Dengue,18,4,15912
W52,Ward_52,8.826024687608223,76.81010433202201,2018,9,Dengue,31,3,15912
W52,Ward_52,8.826024687608223,76.81010433202201,2018,10,Dengue,13,1,15912
W52,Ward_52,8.826024687608223,76.81010433202201,2018,11,Dengue,1,0,15912
W52,Ward_52,8.826024687608223,76.81010433202201,2018,12,Dengue,8,1,15912
W52,Ward_52,8.826024687608223,76.81010433202201,2019,1,Dengue,6,1,15912
W52,Ward_52,8.826024687608223,76.81010433202201,2019,2,Dengue,6,0,15912
W52,Ward_52,8.826024687608223,76.81010433202201,2019,3,Dengue,6,1,15912
W52,Ward_52,8.826024687608223,76.81010433202201,2019,4,Dengue,6,0,15912
W52,Ward_52,8.826024687608223,76.81010433202201,2019,5,Dengue,9,1,15912
W52,Ward_52,8.826024687608223,76.81010433202201,2019,6,Dengue,36,7,15912
W52,Ward_52,8.826024687608223,76.81010433202201,2019,7,Dengue,36,3,15912
W52,Ward_52,8.826024687608223,76.81010433202201,2019,8,Dengue,21,2,15912
W52,Ward_52,8.826024687608223,76.81010433202201,2019,9,Dengue,34,5,15912
W52,Ward_52,8.826024687608223,76.81010433202201,2019,10,Dengue,9,2,15912
W52,Ward_52,8.826024687608223,76.81010433202201,2019,11,Dengue,14,3,15912
W52,Ward_52,8.826024687608223,76.81010433202201,2019,12,Dengue,4,0,15912
W52,Ward_52,8.826024687608223,76.81010433202201,2020,1,Dengue,8,1,15912
W52,Ward_52,8.826024687608223,76.81010433202201,2020,2,Dengue,11,2,15912
W52,Ward_52,8.826024687608223,76.81010433202201,2020,3,Dengue,8,0,15912
W52,Ward_52,8.826024687608223,76.81010433202201,2020,4,Dengue,8,1,15912
W52,Ward_52,8.826024687608223,76.81010433202201,2020,5,Dengue,3,0,15912
W52,Ward_52,8.826024687608223,76.81010433202201,2020,6,Dengue,34,5,15912
W52,Ward_52,8.826024687608223,76.81010433202201,2020,7,Dengue,36,5,15912
W52,Ward_52,8.826024687608223,76.81010433202201,2020,8,Dengue,46,8,15912
W52,Ward_52,8.826024687608223,76.81010433202201,2020,9,Dengue,26,6,15912
W52,Ward_52,8.826024687608223,76.81010433202201,2020,10,Dengue,13,2,15912
W52,Ward_52,8.826024687608223,76.81010433202201,2020,11,Dengue,4,0,15912
W52,Ward_52,8.826024687608223,76.81010433202201,2020,12,Dengue,16,2,15912
W52,Ward_52,8.826024687608223,76.81010433202201,2021,1,Dengue,9,1,15912
W52,Ward_52,8.826024687608223,76.81010433202201,2021,2,Dengue,6,0,15912
W52,Ward_52,8.826024687608223,76.81010433202201,2021,3,Dengue,4,0,15912
W52,Ward_52,8.826024687608223,76.81010433202201,2021,4,Dengue,3,0,15912
W52,Ward_52,8.826024687608223,76.81010433202201,2021,5,Dengue,6,1,15912
W52,Ward_52,8.826024687608223,76.81010433202201,2021,6,Dengue,26,3,15912
W52,Ward_52,8.826024687608223,76.81010433202201,2021,7,Dengue,26,5,15912
W52,Ward_52,8.826024687608223,76.81010433202201,2021,8,Dengue,34,5,15912
W52,Ward_52,8.826024687608223,76.81010433202201,2021,9,Dengue,24,5,15912
W52,Ward_52,8.826024687608223,76.81010433202201,2021,10,Dengue,13,1,15912
W52,Ward_52,8.826024687608223,76.81010433202201,2021,11,Dengue,8,0,15912
W52,Ward_52,8.826024687608223,76.81010433202201,2021,12,Dengue,3,0,15912
W52,Ward_52,8.826024687608223,76.81010433202201,2022,1,Dengue,6,1,15912
W52,Ward_52,8.826024687608223,76.81010433202201,2022,2,Dengue,11,1,15912
W52,Ward_52,8.826024687608223,76.81010433202201,2022,3,Dengue,8,1,15912
W52,Ward_52,8.826024687608223,76.81010433202201,2022,4,Dengue,11,1,15912
W52,Ward_52,8.826024687608223,76.81010433202201,2022,5,Dengue,8,1,15912
W52,Ward_52,8.826024687608223,76.81010433202201,2022,6,Dengue,38,7,15912
W52,Ward_52,8.826024687608223,76.81010433202201,2022,7,Dengue,16,1,15912
W52,Ward_52,8.826024687608223,76.81010433202201,2022,8,Dengue,18,2,15912
W52,Ward_52,8.826024687608223,76.81010433202201,2022,9,Dengue,38,7,15912
W52,Ward_52,8.826024687608223,76.81010433202201,2022,10,Dengue,9,2,15912
W52,Ward_52,8.826024687608223,76.81010433202201,2022,11,Dengue,9,1,15912
W52,Ward_52,8.826024687608223,76.81010433202201,2022,12,Dengue,6,0,15912
W52,Ward_52,8.826024687608223,76.81010433202201,2023,1,Dengue,8,1,15912
W52,Ward_52,8.826024687608223,76.81010433202201,2023,2,Dengue,6,1,15912
W52,Ward_52,8.826024687608223,76.81010433202201,2023,3,Dengue,8,1,15912
W52,Ward_52,8.826024687608223,76.81010433202201,2023,4,Dengue,13,3,15912
W52,Ward_52,8.826024687608223,76.81010433202201,2023,5,Dengue,8,1,15912
W52,Ward_52,8.826024687608223,76.81010433202201,2023,6,Dengue,28,6,15912
W52,Ward_52,8.826024687608223,76.81010433202201,2023,7,Dengue,33,6,15912
W52,Ward_52,8.826024687608223,76.81010433202201,2023,8,Dengue,23,5,15912
W52,Ward_52,8.826024687608223,76.81010433202201,2023,9,Dengue,19,3,15912
W52,Ward_52,8.826024687608223,76.81010433202201,2023,10,Dengue,14,2,15912
W52,Ward_52,8.826024687608223,76.81010433202201,2023,11,Dengue,9,1,15912
W52,Ward_52,8.826024687608223,76.81010433202201,2023,12,Dengue,0,0,15912
W53,Ward_53,8.450077164149205,77.02609022230519,2018,1,Dengue,10,1,35883
W53,Ward_53,8.450077164149205,77.02609022230519,2018,2,Dengue,2,0,35883
W53,Ward_53,8.450077164149205,77.02609022230519,2018,3,Dengue,11,2,35883
W53,Ward_53,8.450077164149205,77.02609022230519,2018,4,Dengue,12,2,35883
W53,Ward_53,8.450077164149205,77.02609022230519,2018,5,Dengue,7,1,35883
W53,Ward_53,8.450077164149205,77.02609022230519,2018,6,Dengue,31,6,35883
W53,Ward_53,8.450077164149205,77.02609022230519,2018,7,Dengue,25,5,35883
W53,Ward_53,8.450077164149205,77.02609022230519,2018,8,Dengue,21,2,35883
W53,Ward_53,8.450077164149205,77.02609022230519,2018,9,Dengue,30,4,35883
W53,Ward_53,8.450077164149205,77.02609022230519,2018,10,Dengue,7,0,35883
W53,Ward_53,8.450077164149205,77.02609022230519,2018,11,Dengue,8,1,35883
W53,Ward_53,8.450077164149205,77.02609022230519,2018,12,Dengue,5,1,35883
W53,Ward_53,8.450077164149205,77.02609022230519,2019,1,Dengue,4,0,35883
W53,Ward_53,8.450077164149205,77.02609022230519,2019,2,Dengue,5,0,35883
W53,Ward_53,8.450077164149205,77.02609022230519,2019,3,Dengue,14,2,35883
W53,Ward_53,8.450077164149205,77.02609022230519,2019,4,Dengue,7,1,35883
W53,Ward_53,8.450077164149205,77.02609022230519,2019,5,Dengue,12,2,35883
W53,Ward_53,8.450077164149205,77.02609022230519,2019,6,Dengue,27,4,35883
W53,Ward_53,8.450077164149205,77.02609022230519,2019,7,Dengue,20,3,35883
W53,Ward_53,8.450077164149205,77.02609022230519,2019,8,Dengue,18,2,35883
W53,Ward_53,8.450077164149205,77.02609022230519,2019,9,Dengue,24,2,35883
W53,Ward_53,8.450077164149205,77.02609022230519,2019,10,Dengue,7,0,35883
W53,Ward_53,8.450077164149205,77.02609022230519,2019,11,Dengue,2,0,35883
W53,Ward_53,8.450077164149205,77.02609022230519,2019,12,Dengue,5,0,35883
W53,Ward_53,8.450077164149205,77.02609022230519,2020,1,Dengue,8,1,35883
W53,Ward_53,8.450077164149205,77.02609022230519,2020,2,Dengue,2,0,35883
W53,Ward_53,8.450077164149205,77.02609022230519,2020,3,Dengue,4,0,35883
W53,Ward_53,8.450077164149205,77.02609022230519,2020,4,Dengue,8,1,35883
W53,Ward_53,8.450077164149205,77.02609022230519,2020,5,Dengue,8,1,35883
W53,Ward_53,8.450077164149205,77.02609022230519,2020,6,Dengue,22,4,35883
W53,Ward_53,8.450077164149205,77.02609022230519,2020,7,Dengue,35,8,35883
W53,Ward_53,8.450077164149205,77.02609022230519,2020,8,Dengue,24,2,35883
W53,Ward_53,8.450077164149205,77.02609022230519,2020,9,Dengue,24,3,35883
W53,Ward_53,8.450077164149205,77.02609022230519,2020,10,Dengue,8,1,35883
W53,Ward_53,8.450077164149205,77.02609022230519,2020,11,Dengue,7,1,35883
W53,Ward_53,8.450077164149205,77.02609022230519,2020,12,Dengue,8,1,35883
W53,Ward_53,8.450077164149205,77.02609022230519,2021,1,Dengue,7,1,35883
W53,Ward_53,8.450077164149205,77.02609022230519,2021,2,Dengue,2,0,35883
W53,Ward_53,8.450077164149205,77.02609022230519,2021,3,Dengue,7,0,35883
W53,Ward_53,8.450077164149205,77.02609022230519,2021,4,Dengue,10,2,35883
W53,Ward_53,8.450077164149205,77.02609022230519,2021,5,Dengue,8,1,35883
W53,Ward_53,8.450077164149205,77.02609022230519,2021,6,Dengue,27,4,35883
W53,Ward_53,8.450077164149205,77.02609022230519,2021,7,Dengue,12,2,35883
W53,Ward_53,8.450077164149205,77.02609022230519,2021,8,Dengue,25,3,35883
W53,Ward_53,8.450077164149205,77.02609022230519,2021,9,Dengue,28,6,35883
W53,Ward_53,8.450077164149205,77.02609022230519,2021,10,Dengue,11,2,35883
W53,Ward_53,8.450077164149205,77.02609022230519,2021,11,Dengue,12,1,35883
W53,Ward_53,8.450077164149205,77.02609022230519,2021,12,Dengue,11,1,35883
W53,Ward_53,8.450077164149205,77.02609022230519,2022,1,Dengue,4,0,35883
W53,Ward_53,8.450077164149205,77.02609022230519,2022,2,Dengue,10,1,35883
W53,Ward_53,8.450077164149205,77.02609022230519,2022,3,Dengue,5,0,35883
W53,Ward_53,8.450077164149205,77.02609022230519,2022,4,Dengue,4,0,35883
W53,Ward_53,8.450077164149205,77.02609022230519,2022,5,Dengue,4,0,35883
W53,Ward_53,8.450077164149205,77.02609022230519,2022,6,Dengue,35,4,35883
W53,Ward_53,8.450077164149205,77.02609022230519,2022,7,Dengue,24,4,35883
W53,Ward_53,8.450077164149205,77.02609022230519,2022,8,Dengue,28,5,35883
W53,Ward_53,8.450077164149205,77.02609022230519,2022,9,Dengue,22,2,35883
W53,Ward_53,8.450077164149205,77.02609022230519,2022,10,Dengue,7,1,35883
W53,Ward_53,8.450077164149205,77.02609022230519,2022,11,Dengue,4,0,35883
W53,Ward_53,8.450077164149205,77.02609022230519,2022,12,Dengue,7,1,35883
W53,Ward_53,8.450077164149205,77.02609022230519,2023,1,Dengue,4,0,35883
W53,Ward_53,8.450077164149205,77.02609022230519,2023,2,Dengue,4,0,35883
W53,Ward_53,8.450077164149205,77.02609022230519,2023,3,Dengue,5,1,35883
W53,Ward_53,8.450077164149205,77.02609022230519,2023,4,Dengue,5,0,35883
W53,Ward_53,8.450077164149205,77.02609022230519,2023,5,Dengue,7,1,35883
W53,Ward_53,8.450077164149205,77.02609022230519,2023,6,Dengue,20,2,35883
W53,Ward_53,8.450077164149205,77.02609022230519,2023,7,Dengue,18,2,35883
W53,Ward_53,8.450077164149205,77.02609022230519,2023,8,Dengue,21,4,35883
W53,Ward_53,8.450077164149205,77.02609022230519,2023,9,Dengue,24,3,35883
W53,Ward_53,8.450077164149205,77.02609022230519,2023,10,Dengue,5,0,35883
W53,Ward_53,8.450077164149205,77.02609022230519,2023,11,Dengue,8,1,35883
W53,Ward_53,8.450077164149205,77.02609022230519,2023,12,Dengue,12,1,35883
W54,Ward_54,8.785393455557704,76.88362969717095,2018,1,Dengue,6,1,16405
W54,Ward_54,8.785393455557704,76.88362969717095,2018,2,Dengue,4,0,16405
W54,Ward_54,8.785393455557704,76.88362969717095,2018,3,Dengue,8,1,16405
W54,Ward_54,8.785393455557704,76.88362969717095,2018,4,Dengue,7,1,16405
W54,Ward_54,8.785393455557704,76.88362969717095,2018,5,Dengue,9,1,16405
W54,Ward_54,8.785393455557704,76.88362969717095,2018,6,Dengue,21,4,16405
W54,Ward_54,8.785393455557704,76.88362969717095,2018,7,Dengue,18,1,16405
W54,Ward_54,8.785393455557704,76.88362969717095,2018,8,Dengue,21,5,16405
W54,Ward_54,8.785393455557704,76.88362969717095,2018,9,Dengue,26,3,16405
W54,Ward_54,8.785393455557704,76.88362969717095,2018,10,Dengue,9,1,16405
W54,Ward_54,8.785393455557704,76.88362969717095,2018,11,Dengue,6,1,16405
W54,Ward_54,8.785393455557704,76.88362969717095,2018,12,Dengue,8,1,16405
W54,Ward_54,8.785393455557704,76.88362969717095,2019,1,Dengue,4,0,16405
W54,Ward_54,8.785393455557704,76.88362969717095,2019,2,Dengue,9,1,16405
W54,Ward_54,8.785393455557704,76.88362969717095,2019,3,Dengue,3,0,16405
W54,Ward_54,8.785393455557704,76.88362969717095,2019,4,Dengue,10,2,16405
W54,Ward_54,8.785393455557704,76.88362969717095,2019,5,Dengue,3,0,16405
W54,Ward_54,8.785393455557704,76.88362969717095,2019,6,Dengue,23,5,16405
W54,Ward_54,8.785393455557704,76.88362969717095,2019,7,Dengue,22,4,16405
W54,Ward_54,8.785393455557704,76.88362969717095,2019,8,Dengue,7,0,16405
W54,Ward_54,8.785393455557704,76.88362969717095,2019,9,Dengue,18,4,16405
W54,Ward_54,8.785393455557704,76.88362969717095,2019,10,Dengue,6,1,16405
W54,Ward_54,8.785393455557704,76.88362969717095,2019,11,Dengue,6,0,16405
W54,Ward_54,8.785393455557704,76.88362969717095,2019,12,Dengue,6,0,16405
W54,Ward_54,8.785393455557704,76.88362969717095,2020,1,Dengue,13,2,16405
W54,Ward_54,8.785393455557704,76.88362969717095,2020,2,Dengue,2,0,16405
W54,Ward_54,8.785393455557704,76.88362969717095,2020,3,Dengue,4,0,16405
W54,Ward_54,8.785393455557704,76.88362969717095,2020,4,Dengue,3,0,16405
W54,Ward_54,8.785393455557704,76.88362969717095,2020,5,Dengue,5,1,16405
W54,Ward_54,8.785393455557704,76.88362969717095,2020,6,Dengue,27,4,16405
W54,Ward_54,8.785393455557704,76.88362969717095,2020,7,Dengue,22,3,16405
W54,Ward_54,8.785393455557704,76.88362969717095,2020,8,Dengue,12,2,16405
W54,Ward_54,8.785393455557704,76.88362969717095,2020,9,Dengue,14,2,16405
W54,Ward_54,8.785393455557704,76.88362969717095,2020,10,Dengue,2,0,16405
W54,Ward_54,8.785393455557704,76.88362969717095,2020,11,Dengue,3,0,16405
W54,Ward_54,8.785393455557704,76.88362969717095,2020,12,Dengue,3,0,16405
W54,Ward_54,8.785393455557704,76.88362969717095,2021,1,Dengue,9,1,16405
W54,Ward_54,8.785393455557704,76.88362969717095,2021,2,Dengue,7,1,16405
W54,Ward_54,8.785393455557704,76.88362969717095,2021,3,Dengue,7,0,16405
W54,Ward_54,8.785393455557704,76.88362969717095,2021,4,Dengue,8,1,16405
W54,Ward_54,8.785393455557704,76.88362969717095,2021,5,Dengue,7,1,16405
W54,Ward_54,8.785393455557704,76.88362969717095,2021,6,Dengue,17,2,16405
W54,Ward_54,8.785393455557704,76.88362969717095,2021,7,Dengue,14,3,16405
W54,Ward_54,8.785393455557704,76.88362969717095,2021,8,Dengue,26,2,16405
W54,Ward_54,8.785393455557704,76.88362969717095,2021,9,Dengue,14,1,16405
W54,Ward_54,8.785393455557704,76.88362969717095,2021,10,Dengue,7,0,16405
W54,Ward_54,8.785393455557704,76.88362969717095,2021,11,Dengue,3,0,16405
W54,Ward_54,8.785393455557704,76.88362969717095,2021,12,Dengue,2,0,16405
W54,Ward_54,8.785393455557704,76.88362969717095,2022,1,Dengue,1,0,16405
W54,Ward_54,8.785393455557704,76.88362969717095,2022,2,Dengue,5,1,16405
W54,Ward_54,8.785393455557704,76.88362969717095,2022,3,Dengue,11,2,16405
W54,Ward_54,8.785393455557704,76.88362969717095,2022,4,Dengue,6,0,16405
W54,Ward_54,8.785393455557704,76.88362969717095,2022,5,Dengue,8,1,16405
W54,Ward_54,8.785393455557704,76.88362969717095,2022,6,Dengue,22,3,16405
W54,Ward_54,8.785393455557704,76.88362969717095,2022,7,Dengue,12,1,16405
W54,Ward_54,8.785393455557704,76.88362969717095,2022,8,Dengue,16,3,16405
W54,Ward_54,8.785393455557704,76.88362969717095,2022,9,Dengue,22,3,16405
W54,Ward_54,8.785393455557704,76.88362969717095,2022,10,Dengue,3,0,16405
W54,Ward_54,8.785393455557704,76.88362969717095,2022,11,Dengue,1,0,16405
W54,Ward_54,8.785393455557704,76.88362969717095,2022,12,Dengue,7,1,16405
W54,Ward_54,8.785393455557704,76.88362969717095,2023,1,Dengue,3,0,16405
W54,Ward_54,8.785393455557704,76.88362969717095,2023,2,Dengue,4,0,16405
W54,Ward_54,8.785393455557704,76.88362969717095,2023,3,Dengue,7,1,16405
W54,Ward_54,8.785393455557704,76.88362969717095,2023,4,Dengue,5,0,16405
W54,Ward_54,8.785393455557704,76.88362969717095,2023,5,Dengue,7,1,16405
W54,Ward_54,8.785393455557704,76.88362969717095,2023,6,Dengue,14,2,16405
W54,Ward_54,8.785393455557704,76.88362969717095,2023,7,Dengue,22,3,16405
W54,Ward_54,8.785393455557704,76.88362969717095,2023,8,Dengue,20,4,16405
W54,Ward_54,8.785393455557704,76.88362969717095,2023,9,Dengue,21,2,16405
W54,Ward_54,8.785393455557704,76.88362969717095,2023,10,Dengue,4,0,16405
W54,Ward_54,8.785393455557704,76.88362969717095,2023,11,Dengue,6,1,16405
W54,Ward_54,8.785393455557704,76.88362969717095,2023,12,Dengue,9,2,16405
W55,Ward_55,8.503860192749784,76.98302067052207,2018,1,Dengue,4,0,19112
W55,Ward_55,8.503860192749784,76.98302067052207,2018,2,Dengue,9,1,19112
W55,Ward_55,8.503860192749784,76.98302067052207,2018,3,Dengue,9,1,19112
W55,Ward_55,8.503860192749784,76.98302067052207,2018,4,Dengue,10,1,19112
W55,Ward_55,8.503860192749784,76.98302067052207,2018,5,Dengue,4,0,19112
W55,Ward_55,8.503860192749784,76.98302067052207,2018,6,Dengue,22,2,19112
W55,Ward_55,8.503860192749784,76.98302067052207,2018,7,Dengue,18,3,19112
W55,Ward_55,8.503860192749784,76.98302067052207,2018,8,Dengue,22,2,19112
W55,Ward_55,8.503860192749784,76.98302067052207,2018,9,Dengue,24,5,19112
W55,Ward_55,8.503860192749784,76.98302067052207,2018,10,Dengue,7,1,19112
W55,Ward_55,8.503860192749784,76.98302067052207,2018,11,Dengue,9,2,19112
W55,Ward_55,8.503860192749784,76.98302067052207,2018,12,Dengue,6,0,19112
W55,Ward_55,8.503860192749784,76.98302067052207,2019,1,Dengue,7,1,19112
W55,Ward_55,8.503860192749784,76.98302067052207,2019,2,Dengue,4,0,19112
W55,Ward_55,8.503860192749784,76.98302067052207,2019,3,Dengue,7,1,19112
W55,Ward_55,8.503860192749784,76.98302067052207,2019,4,Dengue,9,1,19112
W55,Ward_55,8.503860192749784,76.98302067052207,2019,5,Dengue,7,1,19112
W55,Ward_55,8.503860192749784,76.98302067052207,2019,6,Dengue,30,4,19112
W55,Ward_55,8.503860192749784,76.98302067052207,2019,7,Dengue,39,8,19112
W55,Ward_55,8.503860192749784,76.98302067052207,2019,8,Dengue,35,4,19112
W55,Ward_55,8.503860192749784,76.98302067052207,2019,9,Dengue,38,4,19112
W55,Ward_55,8.503860192749784,76.98302067052207,2019,10,Dengue,10,1,19112
W55,Ward_55,8.503860192749784,76.98302067052207,2019,11,Dengue,12,2,19112
W55,Ward_55,8.503860192749784,76.98302067052207,2019,12,Dengue,1,0,19112
W55,Ward_55,8.503860192749784,76.98302067052207,2020,1,Dengue,6,1,19112
W55,Ward_55,8.503860192749784,76.98302067052207,2020,2,Dengue,10,1,19112
W55,Ward_55,8.503860192749784,76.98302067052207,2020,3,Dengue,6,0,19112
W55,Ward_55,8.503860192749784,76.98302067052207,2020,4,Dengue,3,0,19112
W55,Ward_55,8.503860192749784,76.98302067052207,2020,5,Dengue,7,1,19112
W55,Ward_55,8.503860192749784,76.98302067052207,2020,6,Dengue,18,3,19112
W55,Ward_55,8.503860192749784,76.98302067052207,2020,7,Dengue,41,6,19112
W55,Ward_55,8.503860192749784,76.98302067052207,2020,8,Dengue,30,4,19112
W55,Ward_55,8.503860192749784,76.98302067052207,2020,9,Dengue,36,6,19112
W55,Ward_55,8.503860192749784,76.98302067052207,2020,10,Dengue,4,0,19112
W55,Ward_55,8.503860192749784,76.98302067052207,2020,11,Dengue,4,0,19112
W55,Ward_55,8.503860192749784,76.98302067052207,2020,12,Dengue,4,0,19112
W55,Ward_55,8.503860192749784,76.98302067052207,2021,1,Dengue,4,0,19112
W55,Ward_55,8.503860192749784,76.98302067052207,2021,2,Dengue,4,0,19112
W55,Ward_55,8.503860192749784,76.98302067052207,2021,3,Dengue,4,0,19112
W55,Ward_55,8.503860192749784,76.98302067052207,2021,4,Dengue,6,1,19112
W55,Ward_55,8.503860192749784,76.98302067052207,2021,5,Dengue,7,0,19112
W55,Ward_55,8.503860192749784,76.98302067052207,2021,6,Dengue,27,4,19112
W55,Ward_55,8.503860192749784,76.98302067052207,2021,7,Dengue,30,3,19112
W55,Ward_55,8.503860192749784,76.98302067052207,2021,8,Dengue,33,5,19112
W55,Ward_55,8.503860192749784,76.98302067052207,2021,9,Dengue,29,3,19112
W55,Ward_55,8.503860192749784,76.98302067052207,2021,10,Dengue,0,0,19112
W55,Ward_55,8.503860192749784,76.98302067052207,2021,11,Dengue,6,0,19112
W55,Ward_55,8.503860192749784,76.98302067052207,2021,12,Dengue,7,1,19112
W55,Ward_55,8.503860192749784,76.98302067052207,2022,1,Dengue,6,1,19112
W55,Ward_55,8.503860192749784,76.98302067052207,2022,2,Dengue,4,0,19112
W55,Ward_55,8.503860192749784,76.98302067052207,2022,3,Dengue,3,0,19112
W55,Ward_55,8.503860192749784,76.98302067052207,2022,4,Dengue,6,1,19112
W55,Ward_55,8.503860192749784,76.98302067052207,2022,5,Dengue,9,1,19112
W55,Ward_55,8.503860192749784,76.98302067052207,2022,6,Dengue,19,3,19112
W55,Ward_55,8.503860192749784,76.98302067052207,2022,7,Dengue,13,2,19112
W55,Ward_55,8.503860192749784,76.98302067052207,2022,8,Dengue,21,5,19112
W55,Ward_55,8.503860192749784,76.98302067052207,2022,9,Dengue,26,4,19112
W55,Ward_55,8.503860192749784,76.98302067052207,2022,10,Dengue,12,1,19112
W55,Ward_55,8.503860192749784,76.98302067052207,2022,11,Dengue,7,1,19112
W55,Ward_55,8.503860192749784,76.98302067052207,2022,12,Dengue,3,0,19112
W55,Ward_55,8.503860192749784,76.98302067052207,2023,1,Dengue,1,0,19112
W55,Ward_55,8.503860192749784,76.98302067052207,2023,2,Dengue,0,0,19112
W55,Ward_55,8.503860192749784,76.98302067052207,2023,3,Dengue,6,0,19112
W55,Ward_55,8.503860192749784,76.98302067052207,2023,4,Dengue,4,0,19112
W55,Ward_55,8.503860192749784,76.98302067052207,2023,5,Dengue,7,0,19112
W55,Ward_55,8.503860192749784,76.98302067052207,2023,6,Dengue,29,6,19112
W55,Ward_55,8.503860192749784,76.98302067052207,2023,7,Dengue,26,3,19112
W55,Ward_55,8.503860192749784,76.98302067052207,2023,8,Dengue,30,6,19112
W55,Ward_55,8.503860192749784,76.98302067052207,2023,9,Dengue,29,3,19112
W55,Ward_55,8.503860192749784,76.98302067052207,2023,10,Dengue,4,0,19112
W55,Ward_55,8.503860192749784,76.98302067052207,2023,11,Dengue,7,0,19112
W55,Ward_55,8.503860192749784,76.98302067052207,2023,12,Dengue,9,1,19112
W56,Ward_56,8.343103155758028,77.15259476235741,2018,1,Dengue,3,0,33984
W56,Ward_56,8.343103155758028,77.15259476235741,2018,2,Dengue,4,0,33984
W56,Ward_56,8.343103155758028,77.15259476235741,2018,3,Dengue,2,0,33984
W56,Ward_56,8.343103155758028,77.15259476235741,2018,4,Dengue,5,0,33984
W56,Ward_56,8.343103155758028,77.15259476235741,2018,5,Dengue,7,0,33984
W56,Ward_56,8.343103155758028,77.15259476235741,2018,6,Dengue,12,1,33984
W56,Ward_56,8.343103155758028,77.15259476235741,2018,7,Dengue,13,2,33984
W56,Ward_56,8.343103155758028,77.15259476235741,2018,8,Dengue,11,2,33984
W56,Ward_56,8.343103155758028,77.15259476235741,2018,9,Dengue,9,1,33984
W56,Ward_56,8.343103155758028,77.15259476235741,2018,10,Dengue,5,1,33984
W56,Ward_56,8.343103155758028,77.15259476235741,2018,11,Dengue,4,0,33984
W56,Ward_56,8.343103155758028,77.15259476235741,2018,12,Dengue,7,1,33984
W56,Ward_56,8.343103155758028,77.15259476235741,2019,1,Dengue,5,0,33984
W56,Ward_56,8.343103155758028,77.15259476235741,2019,2,Dengue,3,0,33984
W56,Ward_56,8.343103155758028,77.15259476235741,2019,3,Dengue,0,0,33984
W56,Ward_56,8.343103155758028,77.15259476235741,2019,4,Dengue,2,0,33984
W56,Ward_56,8.343103155758028,77.15259476235741,2019,5,Dengue,2,0,33984
W56,Ward_56,8.343103155758028,77.15259476235741,2019,6,Dengue,16,3,33984
W56,Ward_56,8.343103155758028,77.15259476235741,2019,7,Dengue,11,1,33984
W56,Ward_56,8.343103155758028,77.15259476235741,2019,8,Dengue,15,3,33984
W56,Ward_56,8.343103155758028,77.15259476235741,2019,9,Dengue,16,3,33984
W56,Ward_56,8.343103155758028,77.15259476235741,2019,10,Dengue,4,0,33984
W56,Ward_56,8.343103155758028,77.15259476235741,2019,11,Dengue,5,0,33984
W56,Ward_56,8.343103155758028,77.15259476235741,2019,12,Dengue,4,0,33984
W56,Ward_56,8.343103155758028,77.15259476235741,2020,1,Dengue,5,0,33984
W56,Ward_56,8.343103155758028,77.15259476235741,2020,2,Dengue,7,1,33984
W56,Ward_56,8.343103155758028,77.15259476235741,2020,3,Dengue,4,0,33984
W56,Ward_56,8.343103155758028,77.15259476235741,2020,4,Dengue,4,0,33984
W56,Ward_56,8.343103155758028,77.15259476235741,2020,5,Dengue,6,1,33984
W56,Ward_56,8.343103155758028,77.15259476235741,2020,6,Dengue,14,1,33984
W56,Ward_56,8.343103155758028,77.15259476235741,2020,7,Dengue,17,3,33984
W56,Ward_56,8.343103155758028,77.15259476235741,2020,8,Dengue,18,3,33984
W56,Ward_56,8.343103155758028,77.15259476235741,2020,9,Dengue,18,1,33984
W56,Ward_56,8.343103155758028,77.15259476235741,2020,10,Dengue,1,0,33984
W56,Ward_56,8.343103155758028,77.15259476235741,2020,11,Dengue,5,1,33984
W56,Ward_56,8.343103155758028,77.15259476235741,2020,12,Dengue,3,0,33984
W56,Ward_56,8.343103155758028,77.15259476235741,2021,1,Dengue,5,0,33984
W56,Ward_56,8.343103155758028,77.15259476235741,2021,2,Dengue,8,1,33984
W56,Ward_56,8.343103155758028,77.15259476235741,2021,3,Dengue,4,0,33984
W56,Ward_56,8.343103155758028,77.15259476235741,2021,4,Dengue,1,0,33984
W56,Ward_56,8.343103155758028,77.15259476235741,2021,5,Dengue,3,0,33984
W56,Ward_56,8.343103155758028,77.15259476235741,2021,6,Dengue,20,4,33984
W56,Ward_56,8.343103155758028,77.15259476235741,2021,7,Dengue,22,2,33984
W56,Ward_56,8.343103155758028,77.15259476235741,2021,8,Dengue,15,2,33984
W56,Ward_56,8.343103155758028,77.15259476235741,2021,9,Dengue,13,1,33984
W56,Ward_56,8.343103155758028,77.15259476235741,2021,10,Dengue,3,0,33984
W56,Ward_56,8.343103155758028,77.15259476235741,2021,11,Dengue,0,0,33984
W56,Ward_56,8.343103155758028,77.15259476235741,2021,12,Dengue,9,1,33984
W56,Ward_56,8.343103155758028,77.15259476235741,2022,1,Dengue,3,0,33984
W56,Ward_56,8.343103155758028,77.15259476235741,2022,2,Dengue,7,1,33984
W56,Ward_56,8.343103155758028,77.15259476235741,2022,3,Dengue,5,0,33984
W56,Ward_56,8.343103155758028,77.15259476235741,2022,4,Dengue,5,0,33984
W56,Ward_56,8.343103155758028,77.15259476235741,2022,5,Dengue,5,0,33984
W56,Ward_56,8.343103155758028,77.15259476235741,2022,6,Dengue,16,1,33984
W56,Ward_56,8.343103155758028,77.15259476235741,2022,7,Dengue,11,1,33984
W56,Ward_56,8.343103155758028,77.15259476235741,2022,8,Dengue,12,2,33984
W56,Ward_56,8.343103155758028,77.15259476235741,2022,9,Dengue,11,2,33984
W56,Ward_56,8.343103155758028,77.15259476235741,2022,10,Dengue,2,0,33984
W56,Ward_56,8.343103155758028,77.15259476235741,2022,11,Dengue,3,0,33984
W56,Ward_56,8.343103155758028,77.15259476235741,2022,12,Dengue,4,0,33984
W56,Ward_56,8.343103155758028,77.15259476235741,2023,1,Dengue,5,0,33984
W56,Ward_56,8.343103155758028,77.15259476235741,2023,2,Dengue,5,0,33984
W56,Ward_56,8.343103155758028,77.15259476235741,2023,3,Dengue,2,0,33984
W56,Ward_56,8.343103155758028,77.15259476235741,2023,4,Dengue,3,0,33984
W56,Ward_56,8.343103155758028,77.15259476235741,2023,5,Dengue,5,0,33984
W56,Ward_56,8.343103155758028,77.15259476235741,2023,6,Dengue,16,2,33984
W56,Ward_56,8.343103155758028,77.15259476235741,2023,7,Dengue,11,2,33984
W56,Ward_56,8.343103155758028,77.15259476235741,2023,8,Dengue,15,3,33984
W56,Ward_56,8.343103155758028,77.15259476235741,2023,9,Dengue,14,2,33984
W56,Ward_56,8.343103155758028,77.15259476235741,2023,10,Dengue,5,0,33984
W56,Ward_56,8.343103155758028,77.15259476235741,2023,11,Dengue,1,0,33984
W56,Ward_56,8.343103155758028,77.15259476235741,2023,12,Dengue,7,1,33984
W57,Ward_57,8.698069215375167,76.94632164475864,2018,1,Dengue,7,1,17978
W57,Ward_57,8.698069215375167,76.94632164475864,2018,2,Dengue,8,1,17978
W57,Ward_57,8.698069215375167,76.94632164475864,2018,3,Dengue,3,0,17978
W57,Ward_57,8.698069215375167,76.94632164475864,2018,4,Dengue,3,0,17978
W57,Ward_57,8.698069215375167,76.94632164475864,2018,5,Dengue,6,0,17978
W57,Ward_57,8.698069215375167,76.94632164475864,2018,6,Dengue,32,5,17978
W57,Ward_57,8.698069215375167,76.94632164475864,2018,7,Dengue,21,4,17978
W57,Ward_57,8.698069215375167,76.94632164475864,2018,8,Dengue,19,2,17978
W57,Ward_57,8.698069215375167,76.94632164475864,2018,9,Dengue,31,4,17978
W57,Ward_57,8.698069215375167,76.94632164475864,2018,10,Dengue,3,0,17978
W57,Ward_57,8.698069215375167,76.94632164475864,2018,11,Dengue,4,0,17978
W57,Ward_57,8.698069215375167,76.94632164475864,2018,12,Dengue,6,0,17978
W57,Ward_57,8.698069215375167,76.94632164475864,2019,1,Dengue,2,0,17978
W57,Ward_57,8.698069215375167,76.94632164475864,2019,2,Dengue,6,1,17978
W57,Ward_57,8.698069215375167,76.94632164475864,2019,3,Dengue,10,1,17978
W57,Ward_57,8.698069215375167,76.94632164475864,2019,4,Dengue,10,1,17978
W57,Ward_57,8.698069215375167,76.94632164475864,2019,5,Dengue,4,0,17978
W57,Ward_57,8.698069215375167,76.94632164475864,2019,6,Dengue,21,4,17978
W57,Ward_57,8.698069215375167,76.94632164475864,2019,7,Dengue,19,3,17978
W57,Ward_57,8.698069215375167,76.94632164475864,2019,8,Dengue,25,2,17978
W57,Ward_57,8.698069215375167,76.94632164475864,2019,9,Dengue,19,2,17978
W57,Ward_57,8.698069215375167,76.94632164475864,2019,10,Dengue,6,0,17978
W57,Ward_57,8.698069215375167,76.94632164475864,2019,11,Dengue,7,1,17978
W57,Ward_57,8.698069215375167,76.94632164475864,2019,12,Dengue,6,0,17978
W57,Ward_57,8.698069215375167,76.94632164475864,2020,1,Dengue,6,0,17978
W57,Ward_57,8.698069215375167,76.94632164475864,2020,2,Dengue,4,0,17978
W57,Ward_57,8.698069215375167,76.94632164475864,2020,3,Dengue,8,1,17978
W57,Ward_57,8.698069215375167,76.94632164475864,2020,4,Dengue,4,0,17978
W57,Ward_57,8.698069215375167,76.94632164475864,2020,5,Dengue,1,0,17978
W57,Ward_57,8.698069215375167,76.94632164475864,2020,6,Dengue,20,3,17978
W57,Ward_57,8.698069215375167,76.94632164475864,2020,7,Dengue,20,2,17978
W57,Ward_57,8.698069215375167,76.94632164475864,2020,8,Dengue,18,2,17978
W57,Ward_57,8.698069215375167,76.94632164475864,2020,9,Dengue,19,3,17978
W57,Ward_57,8.698069215375167,76.94632164475864,2020,10,Dengue,13,2,17978
W57,Ward_57,8.698069215375167,76.94632164475864,2020,11,Dengue,3,0,17978
W57,Ward_57,8.698069215375167,76.94632164475864,2020,12,Dengue,1,0,17978
W57,Ward_57,8.698069215375167,76.94632164475864,2021,1,Dengue,3,0,17978
W57,Ward_57,8.698069215375167,76.94632164475864,2021,2,Dengue,2,0,17978
W57,Ward_57,8.698069215375167,76.94632164475864,2021,3,Dengue,3,0,17978
W57,Ward_57,8.698069215375167,76.94632164475864,2021,4,Dengue,6,0,17978
W57,Ward_57,8.698069215375167,76.94632164475864,2021,5,Dengue,6,0,17978
W57,Ward_57,8.698069215375167,76.94632164475864,2021,6,Dengue,12,1,17978
W57,Ward_57,8.698069215375167,76.94632164475864,2021,7,Dengue,24,4,17978
W57,Ward_57,8.698069215375167,76.94632164475864,2021,8,Dengue,15,2,17978
W57,Ward_57,8.698069215375167,76.94632164475864,2021,9,Dengue,20,3,17978
W57,Ward_57,8.698069215375167,76.94632164475864,2021,10,Dengue,10,2,17978
W57,Ward_57,8.698069215375167,76.94632164475864,2021,11,Dengue,10,1,17978
W57,Ward_57,8.698069215375167,76.94632164475864,2021,12,Dengue,6,0,17978
W57,Ward_57,8.698069215375167,76.94632164475864,2022,1,Dengue,3,0,17978
W57,Ward_57,8.698069215375167,76.94632164475864,2022,2,Dengue,4,0,17978
W57,Ward_57,8.698069215375167,76.94632164475864,2022,3,Dengue,9,2,17978
W57,Ward_57,8.698069215375167,76.94632164475864,2022,4,Dengue,8,1,17978
W57,Ward_57,8.698069215375167,76.94632164475864,2022,5,Dengue,3,0,17978
W57,Ward_57,8.698069215375167,76.94632164475864,2022,6,Dengue,16,2,17978
W57,Ward_57,8.698069215375167,76.94632164475864,2022,7,Dengue,25,3,17978
W57,Ward_57,8.698069215375167,76.94632164475864,2022,8,Dengue,20,4,17978
W57,Ward_57,8.698069215375167,76.94632164475864,2022,9,Dengue,20,2,17978
W57,Ward_57,8.698069215375167,76.94632164475864,2022,10,Dengue,2,0,17978
W57,Ward_57,8.698069215375167,76.94632164475864,2022,11,Dengue,4,0,17978
W57,Ward_57,8.698069215375167,76.94632164475864,2022,12,Dengue,3,0,17978
W57,Ward_57,8.698069215375167,76.94632164475864,2023,1,Dengue,9,1,17978
W57,Ward_57,8.698069215375167,76.94632164475864,2023,2,Dengue,4,0,17978
W57,Ward_57,8.698069215375167,76.94632164475864,2023,3,Dengue,7,0,17978
W57,Ward_57,8.698069215375167,76.94632164475864,2023,4,Dengue,7,0,17978
W57,Ward_57,8.698069215375167,76.94632164475864,2023,5,Dengue,8,1,17978
W57,Ward_57,8.698069215375167,76.94632164475864,2023,6,Dengue,20,2,17978
W57,Ward_57,8.698069215375167,76.94632164475864,2023,7,Dengue,28,5,17978
W57,Ward_57,8.698069215375167,76.94632164475864,2023,8,Dengue,14,3,17978
W57,Ward_57,8.698069215375167,76.94632164475864,2023,9,Dengue,22,5,17978
W57,Ward_57,8.698069215375167,76.94632164475864,2023,10,Dengue,7,0,17978
W57,Ward_57,8.698069215375167,76.94632164475864,2023,11,Dengue,4,0,17978
W57,Ward_57,8.698069215375167,76.94632164475864,2023,12,Dengue,7,0,17978
W58,Ward_58,8.746679292698452,76.8923596192146,2018,1,Dengue,5,0,17884
W58,Ward_58,8.746679292698452,76.8923596192146,2018,2,Dengue,6,0,17884
W58,Ward_58,8.746679292698452,76.8923596192146,2018,3,Dengue,10,1,17884
W58,Ward_58,8.746679292698452,76.8923596192146,2018,4,Dengue,2,0,17884
W58,Ward_58,8.746679292698452,76.8923596192146,2018,5,Dengue,6,1,17884
W58,Ward_58,8.746679292698452,76.8923596192146,2018,6,Dengue,25,4,17884
W58,Ward_58,8.746679292698452,76.8923596192146,2018,7,Dengue,21,4,17884
W58,Ward_58,8.746679292698452,76.8923596192146,2018,8,Dengue,34,7,17884
W58,Ward_58,8.746679292698452,76.8923596192146,2018,9,Dengue,30,4,17884
W58,Ward_58,8.746679292698452,76.8923596192146,2018,10,Dengue,6,1,17884
W58,Ward_58,8.746679292698452,76.8923596192146,2018,11,Dengue,9,1,17884
W58,Ward_58,8.746679292698452,76.8923596192146,2018,12,Dengue,5,1,17884
W58,Ward_58,8.746679292698452,76.8923596192146,2019,1,Dengue,6,1,17884
W58,Ward_58,8.746679292698452,76.8923596192146,2019,2,Dengue,9,2,17884
W58,Ward_58,8.746679292698452,76.8923596192146,2019,3,Dengue,10,1,17884
W58,Ward_58,8.746679292698452,76.8923596192146,2019,4,Dengue,1,0,17884
W58,Ward_58,8.746679292698452,76.8923596192146,2019,5,Dengue,6,1,17884
W58,Ward_58,8.746679292698452,76.8923596192146,2019,6,Dengue,26,4,17884
W58,Ward_58,8.746679292698452,76.8923596192146,2019,7,Dengue,22,3,17884
W58,Ward_58,8.746679292698452,76.8923596192146,2019,8,Dengue,24,5,17884
W58,Ward_58,8.746679292698452,76.8923596192146,2019,9,Dengue,21,3,17884
W58,Ward_58,8.746679292698452,76.8923596192146,2019,10,Dengue,10,1,17884
W58,Ward_58,8.746679292698452,76.8923596192146,2019,11,Dengue,9,1,17884
W58,Ward_58,8.746679292698452,76.8923596192146,2019,12,Dengue,4,0,17884
W58,Ward_58,8.746679292698452,76.8923596192146,2020,1,Dengue,5,0,17884
W58,Ward_58,8.746679292698452,76.8923596192146,2020,2,Dengue,5,0,17884
W58,Ward_58,8.746679292698452,76.8923596192146,2020,3,Dengue,6,1,17884
W58,Ward_58,8.746679292698452,76.8923596192146,2020,4,Dengue,12,2,17884
W58,Ward_58,8.746679292698452,76.8923596192146,2020,5,Dengue,5,1,17884
W58,Ward_58,8.746679292698452,76.8923596192146,2020,6,Dengue,24,3,17884
W58,Ward_58,8.746679292698452,76.8923596192146,2020,7,Dengue,21,4,17884
W58,Ward_58,8.746679292698452,76.8923596192146,2020,8,Dengue,16,3,17884
W58,Ward_58,8.746679292698452,76.8923596192146,2020,9,Dengue,25,3,17884
W58,Ward_58,8.746679292698452,76.8923596192146,2020,10,Dengue,8,1,17884
W58,Ward_58,8.746679292698452,76.8923596192146,2020,11,Dengue,8,1,17884
W58,Ward_58,8.746679292698452,76.8923596192146,2020,12,Dengue,10,2,17884
W58,Ward_58,8.746679292698452,76.8923596192146,2021,1,Dengue,2,0,17884
W58,Ward_58,8.746679292698452,76.8923596192146,2021,2,Dengue,5,0,17884
W58,Ward_58,8.746679292698452,76.8923596192146,2021,3,Dengue,8,0,17884
W58,Ward_58,8.746679292698452,76.8923596192146,2021,4,Dengue,5,0,17884
W58,Ward_58,8.746679292698452,76.8923596192146,2021,5,Dengue,6,1,17884
W58,Ward_58,8.746679292698452,76.8923596192146,2021,6,Dengue,24,5,17884
W58,Ward_58,8.746679292698452,76.8923596192146,2021,7,Dengue,29,6,17884
W58,Ward_58,8.746679292698452,76.8923596192146,2021,8,Dengue,26,3,17884
W58,Ward_58,8.746679292698452,76.8923596192146,2021,9,Dengue,22,5,17884
W58,Ward_58,8.746679292698452,76.8923596192146,2021,10,Dengue,10,1,17884
W58,Ward_58,8.746679292698452,76.8923596192146,2021,11,Dengue,9,2,17884
W58,Ward_58,8.746679292698452,76.8923596192146,2021,12,Dengue,9,2,17884
W58,Ward_58,8.746679292698452,76.8923596192146,2022,1,Dengue,6,0,17884
W58,Ward_58,8.746679292698452,76.8923596192146,2022,2,Dengue,4,0,17884
W58,Ward_58,8.746679292698452,76.8923596192146,2022,3,Dengue,2,0,17884
W58,Ward_58,8.746679292698452,76.8923596192146,2022,4,Dengue,5,0,17884
W58,Ward_58,8.746679292698452,76.8923596192146,2022,5,Dengue,6,1,17884
W58,Ward_58,8.746679292698452,76.8923596192146,2022,6,Dengue,22,4,17884
W58,Ward_58,8.746679292698452,76.8923596192146,2022,7,Dengue,28,4,17884
W58,Ward_58,8.746679292698452,76.8923596192146,2022,8,Dengue,24,4,17884
W58,Ward_58,8.746679292698452,76.8923596192146,2022,9,Dengue,25,4,17884
W58,Ward_58,8.746679292698452,76.8923596192146,2022,10,Dengue,12,1,17884
W58,Ward_58,8.746679292698452,76.8923596192146,2022,11,Dengue,8,1,17884
W58,Ward_58,8.746679292698452,76.8923596192146,2022,12,Dengue,4,0,17884
W58,Ward_58,8.746679292698452,76.8923596192146,2023,1,Dengue,4,0,17884
W58,Ward_58,8.746679292698452,76.8923596192146,2023,2,Dengue,9,1,17884
W58,Ward_58,8.746679292698452,76.8923596192146,2023,3,Dengue,9,1,17884
W58,Ward_58,8.746679292698452,76.8923596192146,2023,4,Dengue,14,1,17884
W58,Ward_58,8.746679292698452,76.8923596192146,2023,5,Dengue,6,0,17884
W58,Ward_58,8.746679292698452,76.8923596192146,2023,6,Dengue,22,2,17884
W58,Ward_58,8.746679292698452,76.8923596192146,2023,7,Dengue,29,6,17884
W58,Ward_58,8.746679292698452,76.8923596192146,2023,8,Dengue,14,2,17884
W58,Ward_58,8.746679292698452,76.8923596192146,2023,9,Dengue,29,5,17884
W58,Ward_58,8.746679292698452,76.8923596192146,2023,10,Dengue,2,0,17884
W58,Ward_58,8.746679292698452,76.8923596192146,2023,11,Dengue,4,0,17884
W58,Ward_58,8.746679292698452,76.8923596192146,2023,12,Dengue,10,1,17884
W59,Ward_59,8.536909626601252,77.08664031655115,2018,1,Dengue,3,0,37261
W59,Ward_59,8.536909626601252,77.08664031655115,2018,2,Dengue,7,0,37261
W59,Ward_59,8.536909626601252,77.08664031655115,2018,3,Dengue,6,1,37261
W59,Ward_59,8.536909626601252,77.08664031655115,2018,4,Dengue,7,1,37261
W59,Ward_59,8.536909626601252,77.08664031655115,2018,5,Dengue,1,0,37261
W59,Ward_59,8.536909626601252,77.08664031655115,2018,6,Dengue,17,2,37261
W59,Ward_59,8.536909626601252,77.08664031655115,2018,7,Dengue,13,1,37261
W59,Ward_59,8.536909626601252,77.08664031655115,2018,8,Dengue,16,2,37261
W59,Ward_59,8.536909626601252,77.08664031655115,2018,9,Dengue,21,3,37261
W59,Ward_59,8.536909626601252,77.08664031655115,2018,10,Dengue,12,1,37261
W59,Ward_59,8.536909626601252,77.08664031655115,2018,11,Dengue,3,0,37261
W59,Ward_59,8.536909626601252,77.08664031655115,2018,12,Dengue,3,0,37261
W59,Ward_59,8.536909626601252,77.08664031655115,2019,1,Dengue,6,1,37261
W59,Ward_59,8.536909626601252,77.08664031655115,2019,2,Dengue,5,1,37261
W59,Ward_59,8.536909626601252,77.08664031655115,2019,3,Dengue,8,1,37261
W59,Ward_59,8.536909626601252,77.08664031655115,2019,4,Dengue,6,1,37261
W59,Ward_59,8.536909626601252,77.08664031655115,2019,5,Dengue,10,2,37261
W59,Ward_59,8.536909626601252,77.08664031655115,2019,6,Dengue,24,4,37261
W59,Ward_59,8.536909626601252,77.08664031655115,2019,7,Dengue,21,2,37261
W59,Ward_59,8.536909626601252,77.08664031655115,2019,8,Dengue,29,6,37261
W59,Ward_59,8.536909626601252,77.08664031655115,2019,9,Dengue,22,4,37261
W59,Ward_59,8.536909626601252,77.08664031655115,2019,10,Dengue,13,2,37261
W59,Ward_59,8.536909626601252,77.08664031655115,2019,11,Dengue,5,1,37261
W59,Ward_59,8.536909626601252,77.08664031655115,2019,12,Dengue,2,0,37261
W59,Ward_59,8.536909626601252,77.08664031655115,2020,1,Dengue,7,1,37261
W59,Ward_59,8.536909626601252,77.08664031655115,2020,2,Dengue,4,0,37261
W59,Ward_59,8.536909626601252,77.08664031655115,2020,3,Dengue,4,0,37261
W59,Ward_59,8.536909626601252,77.08664031655115,2020,4,Dengue,5,1,37261
W59,Ward_59,8.536909626601252,77.08664031655115,2020,5,Dengue,5,0,37261
W59,Ward_59,8.536909626601252,77.08664031655115,2020,6,Dengue,26,3,37261
W59,Ward_59,8.536909626601252,77.08664031655115,2020,7,Dengue,20,4,37261
W59,Ward_59,8.536909626601252,77.08664031655115,2020,8,Dengue,19,4,37261
W59,Ward_59,8.536909626601252,77.08664031655115,2020,9,Dengue,16,3,37261
W59,Ward_59,8.536909626601252,77.08664031655115,2020,10,Dengue,7,1,37261
W59,Ward_59,8.536909626601252,77.08664031655115,2020,11,Dengue,5,0,37261
W59,Ward_59,8.536909626601252,77.08664031655115,2020,12,Dengue,5,1,37261
W59,Ward_59,8.536909626601252,77.08664031655115,2021,1,Dengue,4,0,37261
W59,Ward_59,8.536909626601252,77.08664031655115,2021,2,Dengue,7,1,37261
W59,Ward_59,8.536909626601252,77.08664031655115,2021,3,Dengue,4,0,37261
W59,Ward_59,8.536909626601252,77.08664031655115,2021,4,Dengue,4,0,37261
W59,Ward_59,8.536909626601252,77.08664031655115,2021,5,Dengue,6,1,37261
W59,Ward_59,8.536909626601252,77.08664031655115,2021,6,Dengue,19,2,37261
W59,Ward_59,8.536909626601252,77.08664031655115,2021,7,Dengue,24,3,37261
W59,Ward_59,8.536909626601252,77.08664031655115,2021,8,Dengue,15,1,37261
W59,Ward_59,8.536909626601252,77.08664031655115,2021,9,Dengue,17,2,37261
W59,Ward_59,8.536909626601252,77.08664031655115,2021,10,Dengue,2,0,37261
W59,Ward_59,8.536909626601252,77.08664031655115,2021,11,Dengue,7,1,37261
W59,Ward_59,8.536909626601252,77.08664031655115,2021,12,Dengue,3,0,37261
W59,Ward_59,8.536909626601252,77.08664031655115,2022,1,Dengue,3,0,37261
W59,Ward_59,8.536909626601252,77.08664031655115,2022,2,Dengue,3,0,37261
W59,Ward_59,8.536909626601252,77.08664031655115,2022,3,Dengue,6,0,37261
W59,Ward_59,8.536909626601252,77.08664031655115,2022,4,Dengue,4,0,37261
W59,Ward_59,8.536909626601252,77.08664031655115,2022,5,Dengue,2,0,37261
W59,Ward_59,8.536909626601252,77.08664031655115,2022,6,Dengue,15,2,37261
W59,Ward_59,8.536909626601252,77.08664031655115,2022,7,Dengue,22,4,37261
W59,Ward_59,8.536909626601252,77.08664031655115,2022,8,Dengue,16,3,37261
W59,Ward_59,8.536909626601252,77.08664031655115,2022,9,Dengue,21,3,37261
W59,Ward_59,8.536909626601252,77.08664031655115,2022,10,Dengue,3,0,37261
W59,Ward_59,8.536909626601252,77.08664031655115,2022,11,Dengue,7,1,37261
W59,Ward_59,8.536909626601252,77.08664031655115,2022,12,Dengue,7,0,37261
W59,Ward_59,8.536909626601252,77.08664031655115,2023,1,Dengue,5,0,37261
W59,Ward_59,8.536909626601252,77.08664031655115,2023,2,Dengue,3,0,37261
W59,Ward_59,8.536909626601252,77.08664031655115,2023,3,Dengue,11,1,37261
W59,Ward_59,8.536909626601252,77.08664031655115,2023,4,Dengue,5,1,37261
W59,Ward_59,8.536909626601252,77.08664031655115,2023,5,Dengue,3,0,37261
W59,Ward_59,8.536909626601252,77.08664031655115,2023,6,Dengue,19,4,37261
W59,Ward_59,8.536909626601252,77.08664031655115,2023,7,Dengue,19,4,37261
W59,Ward_59,8.536909626601252,77.08664031655115,2023,8,Dengue,29,6,37261
W59,Ward_59,8.536909626601252,77.08664031655115,2023,9,Dengue,20,2,37261
W59,Ward_59,8.536909626601252,77.08664031655115,2023,10,Dengue,2,0,37261
W59,Ward_59,8.536909626601252,77.08664031655115,2023,11,Dengue,4,0,37261
W59,Ward_59,8.536909626601252,77.08664031655115,2023,12,Dengue,8,1,37261
W60,Ward_60,8.317696060866645,77.07083737950818,2018,1,Dengue,5,0,20758
W60,Ward_60,8.317696060866645,77.07083737950818,2018,2,Dengue,7,1,20758
W60,Ward_60,8.317696060866645,77.07083737950818,2018,3,Dengue,4,0,20758
W60,Ward_60,8.317696060866645,77.07083737950818,2018,4,Dengue,5,0,20758
W60,Ward_60,8.317696060866645,77.07083737950818,2018,5,Dengue,8,1,20758
W60,Ward_60,8.317696060866645,77.07083737950818,2018,6,Dengue,29,4,20758
W60,Ward_60,8.317696060866645,77.07083737950818,2018,7,Dengue,24,5,20758
W60,Ward_60,8.317696060866645,77.07083737950818,2018,8,Dengue,17,3,20758
W60,Ward_60,8.317696060866645,77.07083737950818,2018,9,Dengue,30,7,20758
W60,Ward_60,8.317696060866645,77.07083737950818,2018,10,Dengue,13,1,20758
W60,Ward_60,8.317696060866645,77.07083737950818,2018,11,Dengue,2,0,20758
W60,Ward_60,8.317696060866645,77.07083737950818,2018,12,Dengue,8,1,20758
W60,Ward_60,8.317696060866645,77.07083737950818,2019,1,Dengue,4,0,20758
W60,Ward_60,8.317696060866645,77.07083737950818,2019,2,Dengue,10,1,20758
W60,Ward_60,8.317696060866645,77.07083737950818,2019,3,Dengue,8,1,20758
W60,Ward_60,8.317696060866645,77.07083737950818,2019,4,Dengue,18,2,20758
W60,Ward_60,8.317696060866645,77.07083737950818,2019,5,Dengue,8,1,20758
W60,Ward_60,8.317696060866645,77.07083737950818,2019,6,Dengue,27,5,20758
W60,Ward_60,8.317696060866645,77.07083737950818,2019,7,Dengue,39,7,20758
W60,Ward_60,8.317696060866645,77.07083737950818,2019,8,Dengue,36,7,20758
W60,Ward_60,8.317696060866645,77.07083737950818,2019,9,Dengue,26,5,20758
W60,Ward_60,8.317696060866645,77.07083737950818,2019,10,Dengue,2,0,20758
W60,Ward_60,8.317696060866645,77.07083737950818,2019,11,Dengue,14,1,20758
W60,Ward_60,8.317696060866645,77.07083737950818,2019,12,Dengue,7,1,20758
W60,Ward_60,8.317696060866645,77.07083737950818,2020,1,Dengue,10,1,20758
W60,Ward_60,8.317696060866645,77.07083737950818,2020,2,Dengue,4,0,20758
W60,Ward_60,8.317696060866645,77.07083737950818,2020,3,Dengue,16,1,20758
W60,Ward_60,8.317696060866645,77.07083737950818,2020,4,Dengue,7,1,20758
W60,Ward_60,8.317696060866645,77.07083737950818,2020,5,Dengue,2,0,20758
W60,Ward_60,8.317696060866645,77.07083737950818,2020,6,Dengue,32,6,20758
W60,Ward_60,8.317696060866645,77.07083737950818,2020,7,Dengue,33,7,20758
W60,Ward_60,8.317696060866645,77.07083737950818,2020,8,Dengue,26,4,20758
W60,Ward_60,8.317696060866645,77.07083737950818,2020,9,Dengue,29,4,20758
W60,Ward_60,8.317696060866645,77.07083737950818,2020,10,Dengue,8,0,20758
W60,Ward_60,8.317696060866645,77.07083737950818,2020,11,Dengue,8,1,20758
W60,Ward_60,8.317696060866645,77.07083737950818,2020,12,Dengue,1,0,20758
W60,Ward_60,8.317696060866645,77.07083737950818,2021,1,Dengue,4,0,20758
W60,Ward_60,8.317696060866645,77.07083737950818,2021,2,Dengue,2,0,20758
W60,Ward_60,8.317696060866645,77.07083737950818,2021,3,Dengue,14,3,20758
W60,Ward_60,8.317696060866645,77.07083737950818,2021,4,Dengue,5,1,20758
W60,Ward_60,8.317696060866645,77.07083737950818,2021,5,Dengue,10,1,20758
W60,Ward_60,8.317696060866645,77.07083737950818,2021,6,Dengue,16,2,20758
W60,Ward_60,8.317696060866645,77.07083737950818,2021,7,Dengue,26,3,20758
W60,Ward_60,8.317696060866645,77.07083737950818,2021,8,Dengue,23,3,20758
W60,Ward_60,8.317696060866645,77.07083737950818,2021,9,Dengue,37,8,20758
W60,Ward_60,8.317696060866645,77.07083737950818,2021,10,Dengue,4,0,20758
W60,Ward_60,8.317696060866645,77.07083737950818,2021,11,Dengue,5,0,20758
W60,Ward_60,8.317696060866645,77.07083737950818,2021,12,Dengue,10,2,20758
W60,Ward_60,8.317696060866645,77.07083737950818,2022,1,Dengue,7,0,20758
W60,Ward_60,8.317696060866645,77.07083737950818,2022,2,Dengue,7,0,20758
W60,Ward_60,8.317696060866645,77.07083737950818,2022,3,Dengue,7,1,20758
W60,Ward_60,8.317696060866645,77.07083737950818,2022,4,Dengue,8,1,20758
W60,Ward_60,8.317696060866645,77.07083737950818,2022,5,Dengue,11,1,20758
W60,Ward_60,8.317696060866645,77.07083737950818,2022,6,Dengue,21,3,20758
W60,Ward_60,8.317696060866645,77.07083737950818,2022,7,Dengue,14,2,20758
W60,Ward_60,8.317696060866645,77.07083737950818,2022,8,Dengue,26,5,20758
W60,Ward_60,8.317696060866645,77.07083737950818,2022,9,Dengue,11,1,20758
W60,Ward_60,8.317696060866645,77.07083737950818,2022,10,Dengue,4,0,20758
W60,Ward_60,8.317696060866645,77.07083737950818,2022,11,Dengue,14,2,20758
W60,Ward_60,8.317696060866645,77.07083737950818,2022,12,Dengue,7,1,20758
W60,Ward_60,8.317696060866645,77.07083737950818,2023,1,Dengue,4,0,20758
W60,Ward_60,8.317696060866645,77.07083737950818,2023,2,Dengue,8,1,20758
W60,Ward_60,8.317696060866645,77.07083737950818,2023,3,Dengue,11,2,20758
W60,Ward_60,8.317696060866645,77.07083737950818,2023,4,Dengue,5,1,20758
W60,Ward_60,8.317696060866645,77.07083737950818,2023,5,Dengue,8,1,20758
W60,Ward_60,8.317696060866645,77.07083737950818,2023,6,Dengue,20,3,20758
W60,Ward_60,8.317696060866645,77.07083737950818,2023,7,Dengue,42,6,20758
W60,Ward_60,8.317696060866645,77.07083737950818,2023,8,Dengue,29,7,20758
W60,Ward_60,8.317696060866645,77.07083737950818,2023,9,Dengue,34,6,20758
W60,Ward_60,8.317696060866645,77.07083737950818,2023,10,Dengue,5,1,20758
W60,Ward_60,8.317696060866645,77.07083737950818,2023,11,Dengue,4,0,20758
W60,Ward_60,8.317696060866645,77.07083737950818,2023,12,Dengue,14,3,20758
W61,Ward_61,8.417281655381803,77.02073338140119,2018,1,Dengue,6,1,17727
W61,Ward_61,8.417281655381803,77.02073338140119,2018,2,Dengue,7,1,17727
W61,Ward_61,8.417281655381803,77.02073338140119,2018,3,Dengue,7,1,17727
W61,Ward_61,8.417281655381803,77.02073338140119,2018,4,Dengue,6,0,17727
W61,Ward_61,8.417281655381803,77.02073338140119,2018,5,Dengue,9,1,17727
W61,Ward_61,8.417281655381803,77.02073338140119,2018,6,Dengue,21,3,17727
W61,Ward_61,8.417281655381803,77.02073338140119,2018,7,Dengue,18,2,17727
W61,Ward_61,8.417281655381803,77.02073338140119,2018,8,Dengue,17,2,17727
W61,Ward_61,8.417281655381803,77.02073338140119,2018,9,Dengue,29,5,17727
W61,Ward_61,8.417281655381803,77.02073338140119,2018,10,Dengue,6,1,17727
W61,Ward_61,8.417281655381803,77.02073338140119,2018,11,Dengue,6,1,17727
W61,Ward_61,8.417281655381803,77.02073338140119,2018,12,Dengue,2,0,17727
W61,Ward_61,8.417281655381803,77.02073338140119,2019,1,Dengue,3,0,17727
W61,Ward_61,8.417281655381803,77.02073338140119,2019,2,Dengue,2,0,17727
W61,Ward_61,8.417281655381803,77.02073338140119,2019,3,Dengue,4,0,17727
W61,Ward_61,8.417281655381803,77.02073338140119,2019,4,Dengue,6,1,17727
W61,Ward_61,8.417281655381803,77.02073338140119,2019,5,Dengue,4,0,17727
W61,Ward_61,8.417281655381803,77.02073338140119,2019,6,Dengue,24,3,17727
W61,Ward_61,8.417281655381803,77.02073338140119,2019,7,Dengue,29,4,17727
W61,Ward_61,8.417281655381803,77.02073338140119,2019,8,Dengue,26,5,17727
W61,Ward_61,8.417281655381803,77.02073338140119,2019,9,Dengue,24,2,17727
W61,Ward_61,8.417281655381803,77.02073338140119,2019,10,Dengue,4,0,17727
W61,Ward_61,8.417281655381803,77.02073338140119,2019,11,Dengue,6,0,17727
W61,Ward_61,8.417281655381803,77.02073338140119,2019,12,Dengue,6,1,17727
W61,Ward_61,8.417281655381803,77.02073338140119,2020,1,Dengue,11,2,17727
W61,Ward_61,8.417281655381803,77.02073338140119,2020,2,Dengue,6,1,17727
W61,Ward_61,8.417281655381803,77.02073338140119,2020,3,Dengue,9,0,17727
W61,Ward_61,8.417281655381803,77.02073338140119,2020,4,Dengue,7,1,17727
W61,Ward_61,8.417281655381803,77.02073338140119,2020,5,Dengue,1,0,17727
W61,Ward_61,8.417281655381803,77.02073338140119,2020,6,Dengue,24,2,17727
W61,Ward_61,8.417281655381803,77.02073338140119,2020,7,Dengue,31,4,17727
W61,Ward_61,8.417281655381803,77.02073338140119,2020,8,Dengue,33,3,17727
W61,Ward_61,8.417281655381803,77.02073338140119,2020,9,Dengue,26,2,17727
W61,Ward_61,8.417281655381803,77.02073338140119,2020,10,Dengue,8,0,17727
W61,Ward_61,8.417281655381803,77.02073338140119,2020,11,Dengue,3,0,17727
W61,Ward_61,8.417281655381803,77.02073338140119,2020,12,Dengue,6,1,17727
W61,Ward_61,8.417281655381803,77.02073338140119,2021,1,Dengue,6,1,17727
W61,Ward_61,8.417281655381803,77.02073338140119,2021,2,Dengue,4,0,17727
W61,Ward_61,8.417281655381803,77.02073338140119,2021,3,Dengue,8,1,17727
W61,Ward_61,8.417281655381803,77.02073338140119,2021,4,Dengue,2,0,17727
W61,Ward_61,8.417281655381803,77.02073338140119,2021,5,Dengue,7,1,17727
W61,Ward_61,8.417281655381803,77.02073338140119,2021,6,Dengue,22,4,17727
W61,Ward_61,8.417281655381803,77.02073338140119,2021,7,Dengue,18,2,17727
W61,Ward_61,8.417281655381803,77.02073338140119,2021,8,Dengue,27,3,17727
W61,Ward_61,8.417281655381803,77.02073338140119,2021,9,Dengue,28,6,17727
W61,Ward_61,8.417281655381803,77.02073338140119,2021,10,Dengue,3,0,17727
W61,Ward_61,8.417281655381803,77.02073338140119,2021,11,Dengue,3,0,17727
W61,Ward_61,8.417281655381803,77.02073338140119,2021,12,Dengue,6,1,17727
W61,Ward_61,8.417281655381803,77.02073338140119,2022,1,Dengue,3,0,17727
W61,Ward_61,8.417281655381803,77.02073338140119,2022,2,Dengue,3,0,17727
W61,Ward_61,8.417281655381803,77.02073338140119,2022,3,Dengue,8,1,17727
W61,Ward_61,8.417281655381803,77.02073338140119,2022,4,Dengue,6,0,17727
W61,Ward_61,8.417281655381803,77.02073338140119,2022,5,Dengue,1,0,17727
W61,Ward_61,8.417281655381803,77.02073338140119,2022,6,Dengue,8,1,17727
W61,Ward_61,8.417281655381803,77.02073338140119,2022,7,Dengue,24,4,17727
W61,Ward_61,8.417281655381803,77.02073338140119,2022,8,Dengue,27,4,17727
W61,Ward_61,8.417281655381803,77.02073338140119,2022,9,Dengue,36,5,17727
W61,Ward_61,8.417281655381803,77.02073338140119,2022,10,Dengue,7,0,17727
W61,Ward_61,8.417281655381803,77.02073338140119,2022,11,Dengue,2,0,17727
W61,Ward_61,8.417281655381803,77.02073338140119,2022,12,Dengue,2,0,17727
W61,Ward_61,8.417281655381803,77.02073338140119,2023,1,Dengue,8,1,17727
W61,Ward_61,8.417281655381803,77.02073338140119,2023,2,Dengue,1,0,17727
W61,Ward_61,8.417281655381803,77.02073338140119,2023,3,Dengue,8,1,17727
W61,Ward_61,8.417281655381803,77.02073338140119,2023,4,Dengue,3,0,17727
W61,Ward_61,8.417281655381803,77.02073338140119,2023,5,Dengue,7,1,17727
W61,Ward_61,8.417281655381803,77.02073338140119,2023,6,Dengue,12,2,17727
W61,Ward_61,8.417281655381803,77.02073338140119,2023,7,Dengue,29,4,17727
W61,Ward_61,8.417281655381803,77.02073338140119,2023,8,Dengue,28,5,17727
W61,Ward_61,8.417281655381803,77.02073338140119,2023,9,Dengue,17,2,17727
W61,Ward_61,8.417281655381803,77.02073338140119,2023,10,Dengue,4,0,17727
W61,Ward_61,8.417281655381803,77.02073338140119,2023,11,Dengue,7,1,17727
W61,Ward_61,8.417281655381803,77.02073338140119,2023,12,Dengue,2,0,17727
W62,Ward_62,8.432063198206905,77.05028029894395,2018,1,Dengue,3,0,17905
W62,Ward_62,8.432063198206905,77.05028029894395,2018,2,Dengue,6,1,17905
W62,Ward_62,8.432063198206905,77.05028029894395,2018,3,Dengue,3,0,17905
W62,Ward_62,8.432063198206905,77.05028029894395,2018,4,Dengue,7,1,17905
W62,Ward_62,8.432063198206905,77.05028029894395,2018,5,Dengue,4,0,17905
W62,Ward_62,8.432063198206905,77.05028029894395,2018,6,Dengue,21,4,17905
W62,Ward_62,8.432063198206905,77.05028029894395,2018,7,Dengue,20,3,17905
W62,Ward_62,8.432063198206905,77.05028029894395,2018,8,Dengue,20,4,17905
W62,Ward_62,8.432063198206905,77.05028029894395,2018,9,Dengue,20,4,17905
W62,Ward_62,8.432063198206905,77.05028029894395,2018,10,Dengue,2,0,17905
W62,Ward_62,8.432063198206905,77.05028029894395,2018,11,Dengue,9,1,17905
W62,Ward_62,8.432063198206905,77.05028029894395,2018,12,Dengue,7,1,17905
W62,Ward_62,8.432063198206905,77.05028029894395,2019,1,Dengue,4,0,17905
W62,Ward_62,8.432063198206905,77.05028029894395,2019,2,Dengue,3,0,17905
W62,Ward_62,8.432063198206905,77.05028029894395,2019,3,Dengue,3,0,17905
W62,Ward_62,8.432063198206905,77.05028029894395,2019,4,Dengue,2,0,17905
W62,Ward_62,8.432063198206905,77.05028029894395,2019,5,Dengue,6,0,17905
W62,Ward_62,8.432063198206905,77.05028029894395,2019,6,Dengue,16,3,17905
W62,Ward_62,8.432063198206905,77.05028029894395,2019,7,Dengue,28,5,17905
W62,Ward_62,8.432063198206905,77.05028029894395,2019,8,Dengue,20,2,17905
W62,Ward_62,8.432063198206905,77.05028029894395,2019,9,Dengue,13,1,17905
W62,Ward_62,8.432063198206905,77.05028029894395,2019,10,Dengue,7,1,17905
W62,Ward_62,8.432063198206905,77.05028029894395,2019,11,Dengue,6,0,17905
W62,Ward_62,8.432063198206905,77.05028029894395,2019,12,Dengue,9,1,17905
W62,Ward_62,8.432063198206905,77.05028029894395,2020,1,Dengue,4,0,17905
W62,Ward_62,8.432063198206905,77.05028029894395,2020,2,Dengue,8,1,17905
W62,Ward_62,8.432063198206905,77.05028029894395,2020,3,Dengue,6,0,17905
W62,Ward_62,8.432063198206905,77.05028029894395,2020,4,Dengue,10,2,17905
W62,Ward_62,8.432063198206905,77.05028029894395,2020,5,Dengue,6,1,17905
W62,Ward_62,8.432063198206905,77.05028029894395,2020,6,Dengue,19,4,17905
W62,Ward_62,8.432063198206905,77.05028029894395,2020,7,Dengue,13,3,17905
W62,Ward_62,8.432063198206905,77.05028029894395,2020,8,Dengue,25,5,17905
W62,Ward_62,8.432063198206905,77.05028029894395,2020,9,Dengue,10,1,17905
W62,Ward_62,8.432063198206905,77.05028029894395,2020,10,Dengue,3,0,17905
W62,Ward_62,8.432063198206905,77.05028029894395,2020,11,Dengue,0,0,17905
W62,Ward_62,8.432063198206905,77.05028029894395,2020,12,Dengue,6,1,17905
W62,Ward_62,8.432063198206905,77.05028029894395,2021,1,Dengue,6,0,17905
W62,Ward_62,8.432063198206905,77.05028029894395,2021,2,Dengue,2,0,17905
W62,Ward_62,8.432063198206905,77.05028029894395,2021,3,Dengue,7,1,17905
W62,Ward_62,8.432063198206905,77.05028029894395,2021,4,Dengue,2,0,17905
W62,Ward_62,8.432063198206905,77.05028029894395,2021,5,Dengue,4,0,17905
W62,Ward_62,8.432063198206905,77.05028029894395,2021,6,Dengue,21,2,17905
W62,Ward_62,8.432063198206905,77.05028029894395,2021,7,Dengue,21,3,17905
W62,Ward_62,8.432063198206905,77.05028029894395,2021,8,Dengue,22,3,17905
W62,Ward_62,8.432063198206905,77.05028029894395,2021,9,Dengue,16,2,17905
W62,Ward_62,8.432063198206905,77.05028029894395,2021,10,Dengue,12,2,17905
W62,Ward_62,8.432063198206905,77.05028029894395,2021,11,Dengue,8,1,17905
W62,Ward_62,8.432063198206905,77.05028029894395,2021,12,Dengue,3,0,17905
W62,Ward_62,8.432063198206905,77.05028029894395,2022,1,Dengue,2,0,17905
W62,Ward_62,8.432063198206905,77.05028029894395,2022,2,Dengue,7,1,17905
W62,Ward_62,8.432063198206905,77.05028029894395,2022,3,Dengue,7,1,17905
W62,Ward_62,8.432063198206905,77.05028029894395,2022,4,Dengue,2,0,17905
W62,Ward_62,8.432063198206905,77.05028029894395,2022,5,Dengue,8,0,17905
W62,Ward_62,8.432063198206905,77.05028029894395,2022,6,Dengue,20,2,17905
W62,Ward_62,8.432063198206905,77.05028029894395,2022,7,Dengue,24,4,17905
W62,Ward_62,8.432063198206905,77.05028029894395,2022,8,Dengue,20,2,17905
W62,Ward_62,8.432063198206905,77.05028029894395,2022,9,Dengue,16,3,17905
W62,Ward_62,8.432063198206905,77.05028029894395,2022,10,Dengue,6,1,17905
W62,Ward_62,8.432063198206905,77.05028029894395,2022,11,Dengue,4,0,17905
W62,Ward_62,8.432063198206905,77.05028029894395,2022,12,Dengue,4,0,17905
W62,Ward_62,8.432063198206905,77.05028029894395,2023,1,Dengue,6,0,17905
W62,Ward_62,8.432063198206905,77.05028029894395,2023,2,Dengue,4,0,17905
W62,Ward_62,8.432063198206905,77.05028029894395,2023,3,Dengue,7,1,17905
W62,Ward_62,8.432063198206905,77.05028029894395,2023,4,Dengue,2,0,17905
W62,Ward_62,8.432063198206905,77.05028029894395,2023,5,Dengue,9,1,17905
W62,Ward_62,8.432063198206905,77.05028029894395,2023,6,Dengue,18,2,17905
W62,Ward_62,8.432063198206905,77.05028029894395,2023,7,Dengue,27,5,17905
W62,Ward_62,8.432063198206905,77.05028029894395,2023,8,Dengue,25,5,17905
W62,Ward_62,8.432063198206905,77.05028029894395,2023,9,Dengue,22,5,17905
W62,Ward_62,8.432063198206905,77.05028029894395,2023,10,Dengue,6,1,17905
W62,Ward_62,8.432063198206905,77.05028029894395,2023,11,Dengue,8,1,17905
W62,Ward_62,8.432063198206905,77.05028029894395,2023,12,Dengue,7,1,17905
W63,Ward_63,8.809939300353339,76.81874579786482,2018,1,Dengue,5,1,32238
W63,Ward_63,8.809939300353339,76.81874579786482,2018,2,Dengue,7,1,32238
W63,Ward_63,8.809939300353339,76.81874579786482,2018,3,Dengue,8,1,32238
W63,Ward_63,8.809939300353339,76.81874579786482,2018,4,Dengue,4,0,32238
W63,Ward_63,8.809939300353339,76.81874579786482,2018,5,Dengue,2,0,32238
W63,Ward_63,8.809939300353339,76.81874579786482,2018,6,Dengue,36,7,32238
W63,Ward_63,8.809939300353339,76.81874579786482,2018,7,Dengue,29,4,32238
W63,Ward_63,8.809939300353339,76.81874579786482,2018,8,Dengue,28,5,32238
W63,Ward_63,8.809939300353339,76.81874579786482,2018,9,Dengue,25,5,32238
W63,Ward_63,8.809939300353339,76.81874579786482,2018,10,Dengue,11,2,32238
W63,Ward_63,8.809939300353339,76.81874579786482,2018,11,Dengue,8,1,32238
W63,Ward_63,8.809939300353339,76.81874579786482,2018,12,Dengue,7,0,32238
W63,Ward_63,8.809939300353339,76.81874579786482,2019,1,Dengue,0,0,32238
W63,Ward_63,8.809939300353339,76.81874579786482,2019,2,Dengue,5,1,32238
W63,Ward_63,8.809939300353339,76.81874579786482,2019,3,Dengue,2,0,32238
W63,Ward_63,8.809939300353339,76.81874579786482,2019,4,Dengue,8,1,32238
W63,Ward_63,8.809939300353339,76.81874579786482,2019,5,Dengue,8,1,32238
W63,Ward_63,8.809939300353339,76.81874579786482,2019,6,Dengue,29,5,32238
W63,Ward_63,8.809939300353339,76.81874579786482,2019,7,Dengue,21,4,32238
W63,Ward_63,8.809939300353339,76.81874579786482,2019,8,Dengue,30,6,32238
W63,Ward_63,8.809939300353339,76.81874579786482,2019,9,Dengue,22,3,32238
W63,Ward_63,8.809939300353339,76.81874579786482,2019,10,Dengue,4,0,32238
W63,Ward_63,8.809939300353339,76.81874579786482,2019,11,Dengue,2,0,32238
W63,Ward_63,8.809939300353339,76.81874579786482,2019,12,Dengue,8,1,32238
W63,Ward_63,8.809939300353339,76.81874579786482,2020,1,Dengue,9,2,32238
W63,Ward_63,8.809939300353339,76.81874579786482,2020,2,Dengue,7,1,32238
W63,Ward_63,8.809939300353339,76.81874579786482,2020,3,Dengue,5,0,32238
W63,Ward_63,8.809939300353339,76.81874579786482,2020,4,Dengue,7,1,32238
W63,Ward_63,8.809939300353339,76.81874579786482,2020,5,Dengue,4,0,32238
W63,Ward_63,8.809939300353339,76.81874579786482,2020,6,Dengue,19,3,32238
W63,Ward_63,8.809939300353339,76.81874579786482,2020,7,Dengue,19,3,32238
W63,Ward_63,8.809939300353339,76.81874579786482,2020,8,Dengue,29,4,32238
W63,Ward_63,8.809939300353339,76.81874579786482,2020,9,Dengue,25,4,32238
W63,Ward_63,8.809939300353339,76.81874579786482,2020,10,Dengue,5,0,32238
W63,Ward_63,8.809939300353339,76.81874579786482,2020,11,Dengue,4,0,32238
W63,Ward_63,8.809939300353339,76.81874579786482,2020,12,Dengue,12,1,32238
W63,Ward_63,8.809939300353339,76.81874579786482,2021,1,Dengue,4,0,32238
W63,Ward_63,8.809939300353339,76.81874579786482,2021,2,Dengue,7,1,32238
W63,Ward_63,8.809939300353339,76.81874579786482,2021,3,Dengue,5,0,32238
W63,Ward_63,8.809939300353339,76.81874579786482,2021,4,Dengue,8,1,32238
W63,Ward_63,8.809939300353339,76.81874579786482,2021,5,Dengue,7,1,32238
W63,Ward_63,8.809939300353339,76.81874579786482,2021,6,Dengue,21,5,32238
W63,Ward_63,8.809939300353339,76.81874579786482,2021,7,Dengue,22,3,32238
W63,Ward_63,8.809939300353339,76.81874579786482,2021,8,Dengue,28,4,32238
W63,Ward_63,8.809939300353339,76.81874579786482,2021,9,Dengue,23,5,32238
W63,Ward_63,8.809939300353339,76.81874579786482,2021,10,Dengue,5,0,32238
W63,Ward_63,8.809939300353339,76.81874579786482,2021,11,Dengue,4,0,32238
W63,Ward_63,8.809939300353339,76.81874579786482,2021,12,Dengue,5,0,32238
W63,Ward_63,8.809939300353339,76.81874579786482,2022,1,Dengue,5,0,32238
W63,Ward_63,8.809939300353339,76.81874579786482,2022,2,Dengue,12,2,32238
W63,Ward_63,8.809939300353339,76.81874579786482,2022,3,Dengue,7,1,32238
W63,Ward_63,8.809939300353339,76.81874579786482,2022,4,Dengue,14,1,32238
W63,Ward_63,8.809939300353339,76.81874579786482,2022,5,Dengue,5,0,32238
W63,Ward_63,8.809939300353339,76.81874579786482,2022,6,Dengue,19,3,32238
W63,Ward_63,8.809939300353339,76.81874579786482,2022,7,Dengue,26,3,32238
W63,Ward_63,8.809939300353339,76.81874579786482,2022,8,Dengue,21,5,32238
W63,Ward_63,8.809939300353339,76.81874579786482,2022,9,Dengue,25,5,32238
W63,Ward_63,8.809939300353339,76.81874579786482,2022,10,Dengue,12,2,32238
W63,Ward_63,8.809939300353339,76.81874579786482,2022,11,Dengue,4,0,32238
W63,Ward_63,8.809939300353339,76.81874579786482,2022,12,Dengue,12,1,32238
W63,Ward_63,8.809939300353339,76.81874579786482,2023,1,Dengue,8,0,32238
W63,Ward_63,8.809939300353339,76.81874579786482,2023,2,Dengue,4,0,32238
W63,Ward_63,8.809939300353339,76.81874579786482,2023,3,Dengue,9,1,32238
W63,Ward_63,8.809939300353339,76.81874579786482,2023,4,Dengue,11,1,32238
W63,Ward_63,8.809939300353339,76.81874579786482,2023,5,Dengue,2,0,32238
W63,Ward_63,8.809939300353339,76.81874579786482,2023,6,Dengue,18,2,32238
W63,Ward_63,8.809939300353339,76.81874579786482,2023,7,Dengue,30,5,32238
W63,Ward_63,8.809939300353339,76.81874579786482,2023,8,Dengue,28,3,32238
W63,Ward_63,8.809939300353339,76.81874579786482,2023,9,Dengue,29,3,32238
W63,Ward_63,8.809939300353339,76.81874579786482,2023,10,Dengue,8,1,32238
W63,Ward_63,8.809939300353339,76.81874579786482,2023,11,Dengue,7,1,32238
W63,Ward_63,8.809939300353339,76.81874579786482,2023,12,Dengue,4,0,32238
W64,Ward_64,8.744660050611008,76.79281833606603,2018,1,Dengue,5,0,15878
W64,Ward_64,8.744660050611008,76.79281833606603,2018,2,Dengue,8,1,15878
W64,Ward_64,8.744660050611008,76.79281833606603,2018,3,Dengue,9,1,15878
W64,Ward_64,8.744660050611008,76.79281833606603,2018,4,Dengue,9,1,15878
W64,Ward_64,8.744660050611008,76.79281833606603,2018,5,Dengue,6,0,15878
W64,Ward_64,8.744660050611008,76.79281833606603,2018,6,Dengue,40,8,15878
W64,Ward_64,8.744660050611008,76.79281833606603,2018,7,Dengue,21,3,15878
W64,Ward_64,8.744660050611008,76.79281833606603,2018,8,Dengue,20,3,15878
W64,Ward_64,8.744660050611008,76.79281833606603,2018,9,Dengue,21,4,15878
W64,Ward_64,8.744660050611008,76.79281833606603,2018,10,Dengue,4,0,15878
W64,Ward_64,8.744660050611008,76.79281833606603,2018,11,Dengue,2,0,15878
W64,Ward_64,8.744660050611008,76.79281833606603,2018,12,Dengue,5,0,15878
W64,Ward_64,8.744660050611008,76.79281833606603,2019,1,Dengue,9,1,15878
W64,Ward_64,8.744660050611008,76.79281833606603,2019,2,Dengue,5,0,15878
W64,Ward_64,8.744660050611008,76.79281833606603,2019,3,Dengue,9,1,15878
W64,Ward_64,8.744660050611008,76.79281833606603,2019,4,Dengue,14,1,15878
W64,Ward_64,8.744660050611008,76.79281833606603,2019,5,Dengue,9,1,15878
W64,Ward_64,8.744660050611008,76.79281833606603,2019,6,Dengue,24,3,15878
W64,Ward_64,8.744660050611008,76.79281833606603,2019,7,Dengue,26,5,15878
W64,Ward_64,8.744660050611008,76.79281833606603,2019,8,Dengue,21,3,15878
W64,Ward_64,8.744660050611008,76.79281833606603,2019,9,Dengue,21,2,15878
W64,Ward_64,8.744660050611008,76.79281833606603,2019,10,Dengue,9,1,15878
W64,Ward_64,8.744660050611008,76.79281833606603,2019,11,Dengue,9,1,15878
W64,Ward_64,8.744660050611008,76.79281833606603,2019,12,Dengue,4,0,15878
W64,Ward_64,8.744660050611008,76.79281833606603,2020,1,Dengue,5,0,15878
W64,Ward_64,8.744660050611008,76.79281833606603,2020,2,Dengue,5,1,15878
W64,Ward_64,8.744660050611008,76.79281833606603,2020,3,Dengue,8,1,15878
W64,Ward_64,8.744660050611008,76.79281833606603,2020,4,Dengue,4,0,15878
W64,Ward_64,8.744660050611008,76.79281833606603,2020,5,Dengue,2,0,15878
W64,Ward_64,8.744660050611008,76.79281833606603,2020,6,Dengue,28,4,15878
W64,Ward_64,8.744660050611008,76.79281833606603,2020,7,Dengue,33,7,15878
W64,Ward_64,8.744660050611008,76.79281833606603,2020,8,Dengue,13,1,15878
W64,Ward_64,8.744660050611008,76.79281833606603,2020,9,Dengue,21,4,15878
W64,Ward_64,8.744660050611008,76.79281833606603,2020,10,Dengue,6,0,15878
W64,Ward_64,8.744660050611008,76.79281833606603,2020,11,Dengue,4,0,15878
W64,Ward_64,8.744660050611008,76.79281833606603,2020,12,Dengue,5,0,15878
W64,Ward_64,8.744660050611008,76.79281833606603,2021,1,Dengue,8,1,15878
W64,Ward_64,8.744660050611008,76.79281833606603,2021,2,Dengue,2,0,15878
W64,Ward_64,8.744660050611008,76.79281833606603,2021,3,Dengue,8,1,15878
W64,Ward_64,8.744660050611008,76.79281833606603,2021,4,Dengue,6,1,15878
W64,Ward_64,8.744660050611008,76.79281833606603,2021,5,Dengue,4,0,15878
W64,Ward_64,8.744660050611008,76.79281833606603,2021,6,Dengue,26,4,15878
W64,Ward_64,8.744660050611008,76.79281833606603,2021,7,Dengue,24,4,15878
W64,Ward_64,8.744660050611008,76.79281833606603,2021,8,Dengue,33,6,15878
W64,Ward_64,8.744660050611008,76.79281833606603,2021,9,Dengue,8,0,15878
W64,Ward_64,8.744660050611008,76.79281833606603,2021,10,Dengue,6,0,15878
W64,Ward_64,8.744660050611008,76.79281833606603,2021,11,Dengue,12,2,15878
W64,Ward_64,8.744660050611008,76.79281833606603,2021,12,Dengue,8,1,15878
W64,Ward_64,8.744660050611008,76.79281833606603,2022,1,Dengue,5,0,15878
W64,Ward_64,8.744660050611008,76.79281833606603,2022,2,Dengue,5,0,15878
W64,Ward_64,8.744660050611008,76.79281833606603,2022,3,Dengue,9,1,15878
W64,Ward_64,8.744660050611008,76.79281833606603,2022,4,Dengue,4,0,15878
W64,Ward_64,8.744660050611008,76.79281833606603,2022,5,Dengue,1,0,15878
W64,Ward_64,8.744660050611008,76.79281833606603,2022,6,Dengue,25,3,15878
W64,Ward_64,8.744660050611008,76.79281833606603,2022,7,Dengue,29,5,15878
W64,Ward_64,8.744660050611008,76.79281833606603,2022,8,Dengue,22,5,15878
W64,Ward_64,8.744660050611008,76.79281833606603,2022,9,Dengue,25,4,15878
W64,Ward_64,8.744660050611008,76.79281833606603,2022,10,Dengue,6,1,15878
W64,Ward_64,8.744660050611008,76.79281833606603,2022,11,Dengue,12,1,15878
W64,Ward_64,8.744660050611008,76.79281833606603,2022,12,Dengue,2,0,15878
W64,Ward_64,8.744660050611008,76.79281833606603,2023,1,Dengue,6,1,15878
W64,Ward_64,8.744660050611008,76.79281833606603,2023,2,Dengue,8,1,15878
W64,Ward_64,8.744660050611008,76.79281833606603,2023,3,Dengue,4,0,15878
W64,Ward_64,8.744660050611008,76.79281833606603,2023,4,Dengue,10,1,15878
W64,Ward_64,8.744660050611008,76.79281833606603,2023,5,Dengue,9,0,15878
W64,Ward_64,8.744660050611008,76.79281833606603,2023,6,Dengue,25,2,15878
W64,Ward_64,8.744660050611008,76.79281833606603,2023,7,Dengue,22,2,15878
W64,Ward_64,8.744660050611008,76.79281833606603,2023,8,Dengue,24,3,15878
W64,Ward_64,8.744660050611008,76.79281833606603,2023,9,Dengue,20,3,15878
W64,Ward_64,8.744660050611008,76.79281833606603,2023,10,Dengue,5,1,15878
W64,Ward_64,8.744660050611008,76.79281833606603,2023,11,Dengue,5,1,15878
W64,Ward_64,8.744660050611008,76.79281833606603,2023,12,Dengue,2,0,15878
W65,Ward_65,8.49016719752116,77.03605130638678,2018,1,Dengue,3,0,27096
W65,Ward_65,8.49016719752116,77.03605130638678,2018,2,Dengue,5,1,27096
W65,Ward_65,8.49016719752116,77.03605130638678,2018,3,Dengue,5,0,27096
W65,Ward_65,8.49016719752116,77.03605130638678,2018,4,Dengue,3,0,27096
W65,Ward_65,8.49016719752116,77.03605130638678,2018,5,Dengue,7,0,27096
W65,Ward_65,8.49016719752116,77.03605130638678,2018,6,Dengue,19,4,27096
W65,Ward_65,8.49016719752116,77.03605130638678,2018,7,Dengue,23,2,27096
W65,Ward_65,8.49016719752116,77.03605130638678,2018,8,Dengue,19,2,27096
W65,Ward_65,8.49016719752116,77.03605130638678,2018,9,Dengue,12,2,27096
W65,Ward_65,8.49016719752116,77.03605130638678,2018,10,Dengue,3,0,27096
W65,Ward_65,8.49016719752116,77.03605130638678,2018,11,Dengue,7,1,27096
W65,Ward_65,8.49016719752116,77.03605130638678,2018,12,Dengue,5,0,27096
W65,Ward_65,8.49016719752116,77.03605130638678,2019,1,Dengue,4,0,27096
W65,Ward_65,8.49016719752116,77.03605130638678,2019,2,Dengue,4,0,27096
W65,Ward_65,8.49016719752116,77.03605130638678,2019,3,Dengue,4,0,27096
W65,Ward_65,8.49016719752116,77.03605130638678,2019,4,Dengue,2,0,27096
W65,Ward_65,8.49016719752116,77.03605130638678,2019,5,Dengue,3,0,27096
W65,Ward_65,8.49016719752116,77.03605130638678,2019,6,Dengue,20,2,27096
W65,Ward_65,8.49016719752116,77.03605130638678,2019,7,Dengue,22,4,27096
W65,Ward_65,8.49016719752116,77.03605130638678,2019,8,Dengue,20,4,27096
W65,Ward_65,8.49016719752116,77.03605130638678,2019,9,Dengue,15,1,27096
W65,Ward_65,8.49016719752116,77.03605130638678,2019,10,Dengue,4,0,27096
W65,Ward_65,8.49016719752116,77.03605130638678,2019,11,Dengue,0,0,27096
W65,Ward_65,8.49016719752116,77.03605130638678,2019,12,Dengue,5,0,27096
W65,Ward_65,8.49016719752116,77.03605130638678,2020,1,Dengue,1,0,27096
W65,Ward_65,8.49016719752116,77.03605130638678,2020,2,Dengue,5,0,27096
W65,Ward_65,8.49016719752116,77.03605130638678,2020,3,Dengue,3,0,27096
W65,Ward_65,8.49016719752116,77.03605130638678,2020,4,Dengue,5,1,27096
W65,Ward_65,8.49016719752116,77.03605130638678,2020,5,Dengue,4,0,27096
W65,Ward_65,8.49016719752116,77.03605130638678,2020,6,Dengue,17,3,27096
W65,Ward_65,8.49016719752116,77.03605130638678,2020,7,Dengue,15,3,27096
W65,Ward_65,8.49016719752116,77.03605130638678,2020,8,Dengue,23,4,27096
W65,Ward_65,8.49016719752116,77.03605130638678,2020,9,Dengue,19,4,27096
W65,Ward_65,8.49016719752116,77.03605130638678,2020,10,Dengue,8,1,27096
W65,Ward_65,8.49016719752116,77.03605130638678,2020,11,Dengue,8,0,27096
W65,Ward_65,8.49016719752116,77.03605130638678,2020,12,Dengue,6,0,27096
W65,Ward_65,8.49016719752116,77.03605130638678,2021,1,Dengue,3,0,27096
W65,Ward_65,8.49016719752116,77.03605130638678,2021,2,Dengue,11,1,27096
W65,Ward_65,8.49016719752116,77.03605130638678,2021,3,Dengue,4,0,27096
W65,Ward_65,8.49016719752116,77.03605130638678,2021,4,Dengue,2,0,27096
W65,Ward_65,8.49016719752116,77.03605130638678,2021,5,Dengue,3,0,27096
W65,Ward_65,8.49016719752116,77.03605130638678,2021,6,Dengue,15,3,27096
W65,Ward_65,8.49016719752116,77.03605130638678,2021,7,Dengue,16,2,27096
W65,Ward_65,8.49016719752116,77.03605130638678,2021,8,Dengue,21,2,27096
W65,Ward_65,8.49016719752116,77.03605130638678,2021,9,Dengue,20,3,27096
W65,Ward_65,8.49016719752116,77.03605130638678,2021,10,Dengue,6,1,27096
W65,Ward_65,8.49016719752116,77.03605130638678,2021,11,Dengue,7,1,27096
W65,Ward_65,8.49016719752116,77.03605130638678,2021,12,Dengue,4,0,27096
W65,Ward_65,8.49016719752116,77.03605130638678,2022,1,Dengue,7,0,27096
W65,Ward_65,8.49016719752116,77.03605130638678,2022,2,Dengue,6,0,27096
W65,Ward_65,8.49016719752116,77.03605130638678,2022,3,Dengue,5,0,27096
W65,Ward_65,8.49016719752116,77.03605130638678,2022,4,Dengue,7,1,27096
W65,Ward_65,8.49016719752116,77.03605130638678,2022,5,Dengue,11,1,27096
W65,Ward_65,8.49016719752116,77.03605130638678,2022,6,Dengue,17,1,27096
W65,Ward_65,8.49016719752116,77.03605130638678,2022,7,Dengue,27,6,27096
W65,Ward_65,8.49016719752116,77.03605130638678,2022,8,Dengue,20,2,27096
W65,Ward_65,8.49016719752116,77.03605130638678,2022,9,Dengue,28,5,27096
W65,Ward_65,8.49016719752116,77.03605130638678,2022,10,Dengue,2,0,27096
W65,Ward_65,8.49016719752116,77.03605130638678,2022,11,Dengue,10,1,27096
W65,Ward_65,8.49016719752116,77.03605130638678,2022,12,Dengue,10,1,27096
W65,Ward_65,8.49016719752116,77.03605130638678,2023,1,Dengue,5,0,27096
W65,Ward_65,8.49016719752116,77.03605130638678,2023,2,Dengue,4,0,27096
W65,Ward_65,8.49016719752116,77.03605130638678,2023,3,Dengue,3,0,27096
W65,Ward_65,8.49016719752116,77.03605130638678,2023,4,Dengue,7,0,27096
W65,Ward_65,8.49016719752116,77.03605130638678,2023,5,Dengue,9,1,27096
W65,Ward_65,8.49016719752116,77.03605130638678,2023,6,Dengue,14,2,27096
W65,Ward_65,8.49016719752116,77.03605130638678,2023,7,Dengue,13,2,27096
W65,Ward_65,8.49016719752116,77.03605130638678,2023,8,Dengue,13,2,27096
W65,Ward_65,8.49016719752116,77.03605130638678,2023,9,Dengue,25,6,27096
W65,Ward_65,8.49016719752116,77.03605130638678,2023,10,Dengue,2,0,27096
W65,Ward_65,8.49016719752116,77.03605130638678,2023,11,Dengue,1,0,27096
W65,Ward_65,8.49016719752116,77.03605130638678,2023,12,Dengue,3,0,27096
W66,Ward_66,8.471725501408931,77.07248789642753,2018,1,Dengue,5,1,19183
W66,Ward_66,8.471725501408931,77.07248789642753,2018,2,Dengue,8,0,19183
W66,Ward_66,8.471725501408931,77.07248789642753,2018,3,Dengue,6,0,19183
W66,Ward_66,8.471725501408931,77.07248789642753,2018,4,Dengue,5,1,19183
W66,Ward_66,8.471725501408931,77.07248789642753,2018,5,Dengue,5,0,19183
W66,Ward_66,8.471725501408931,77.07248789642753,2018,6,Dengue,23,3,19183
W66,Ward_66,8.471725501408931,77.07248789642753,2018,7,Dengue,20,3,19183
W66,Ward_66,8.471725501408931,77.07248789642753,2018,8,Dengue,35,8,19183
W66,Ward_66,8.471725501408931,77.07248789642753,2018,9,Dengue,20,3,19183
W66,Ward_66,8.471725501408931,77.07248789642753,2018,10,Dengue,5,0,19183
W66,Ward_66,8.471725501408931,77.07248789642753,2018,11,Dengue,8,1,19183
W66,Ward_66,8.471725501408931,77.07248789642753,2018,12,Dengue,6,0,19183
W66,Ward_66,8.471725501408931,77.07248789642753,2019,1,Dengue,8,1,19183
W66,Ward_66,8.471725501408931,77.07248789642753,2019,2,Dengue,2,0,19183
W66,Ward_66,8.471725501408931,77.07248789642753,2019,3,Dengue,5,1,19183
W66,Ward_66,8.471725501408931,77.07248789642753,2019,4,Dengue,12,1,19183
W66,Ward_66,8.471725501408931,77.07248789642753,2019,5,Dengue,7,0,19183
W66,Ward_66,8.471725501408931,77.07248789642753,2019,6,Dengue,13,2,19183
W66,Ward_66,8.471725501408931,77.07248789642753,2019,7,Dengue,18,3,19183
W66,Ward_66,8.471725501408931,77.07248789642753,2019,8,Dengue,29,6,19183
W66,Ward_66,8.471725501408931,77.07248789642753,2019,9,Dengue,18,2,19183
W66,Ward_66,8.471725501408931,77.07248789642753,2019,10,Dengue,2,0,19183
W66,Ward_66,8.471725501408931,77.07248789642753,2019,11,Dengue,5,0,19183
W66,Ward_66,8.471725501408931,77.07248789642753,2019,12,Dengue,1,0,19183
W66,Ward_66,8.471725501408931,77.07248789642753,2020,1,Dengue,3,0,19183
W66,Ward_66,8.471725501408931,77.07248789642753,2020,2,Dengue,5,0,19183
W66,Ward_66,8.471725501408931,77.07248789642753,2020,3,Dengue,5,0,19183
W66,Ward_66,8.471725501408931,77.07248789642753,2020,4,Dengue,5,0,19183
W66,Ward_66,8.471725501408931,77.07248789642753,2020,5,Dengue,2,0,19183
W66,Ward_66,8.471725501408931,77.07248789642753,2020,6,Dengue,23,4,19183
W66,Ward_66,8.471725501408931,77.07248789642753,2020,7,Dengue,20,2,19183
W66,Ward_66,8.471725501408931,77.07248789642753,2020,8,Dengue,25,3,19183
W66,Ward_66,8.471725501408931,77.07248789642753,2020,9,Dengue,17,3,19183
W66,Ward_66,8.471725501408931,77.07248789642753,2020,10,Dengue,6,0,19183
W66,Ward_66,8.471725501408931,77.07248789642753,2020,11,Dengue,3,0,19183
W66,Ward_66,8.471725501408931,77.07248789642753,2020,12,Dengue,5,0,19183
W66,Ward_66,8.471725501408931,77.07248789642753,2021,1,Dengue,7,1,19183
W66,Ward_66,8.471725501408931,77.07248789642753,2021,2,Dengue,3,0,19183
W66,Ward_66,8.471725501408931,77.07248789642753,2021,3,Dengue,6,1,19183
W66,Ward_66,8.471725501408931,77.07248789642753,2021,4,Dengue,3,0,19183
W66,Ward_66,8.471725501408931,77.07248789642753,2021,5,Dengue,3,0,19183
W66,Ward_66,8.471725501408931,77.07248789642753,2021,6,Dengue,15,2,19183
W66,Ward_66,8.471725501408931,77.07248789642753,2021,7,Dengue,21,4,19183
W66,Ward_66,8.471725501408931,77.07248789642753,2021,8,Dengue,12,1,19183
W66,Ward_66,8.471725501408931,77.07248789642753,2021,9,Dengue,17,3,19183
W66,Ward_66,8.471725501408931,77.07248789642753,2021,10,Dengue,7,1,19183
W66,Ward_66,8.471725501408931,77.07248789642753,2021,11,Dengue,6,1,19183
W66,Ward_66,8.471725501408931,77.07248789642753,2021,12,Dengue,3,0,19183
W66,Ward_66,8.471725501408931,77.07248789642753,2022,1,Dengue,2,0,19183
W66,Ward_66,8.471725501408931,77.07248789642753,2022,2,Dengue,5,0,19183
W66,Ward_66,8.471725501408931,77.07248789642753,2022,3,Dengue,6,0,19183
W66,Ward_66,8.471725501408931,77.07248789642753,2022,4,Dengue,7,1,19183
W66,Ward_66,8.471725501408931,77.07248789642753,2022,5,Dengue,7,1,19183
W66,Ward_66,8.471725501408931,77.07248789642753,2022,6,Dengue,26,4,19183
W66,Ward_66,8.471725501408931,77.07248789642753,2022,7,Dengue,30,3,19183
W66,Ward_66,8.471725501408931,77.07248789642753,2022,8,Dengue,25,5,19183
W66,Ward_66,8.471725501408931,77.07248789642753,2022,9,Dengue,25,5,19183
W66,Ward_66,8.471725501408931,77.07248789642753,2022,10,Dengue,3,0,19183
W66,Ward_66,8.471725501408931,77.07248789642753,2022,11,Dengue,3,0,19183
W66,Ward_66,8.471725501408931,77.07248789642753,2022,12,Dengue,8,1,19183
W66,Ward_66,8.471725501408931,77.07248789642753,2023,1,Dengue,10,1,19183
W66,Ward_66,8.471725501408931,77.07248789642753,2023,2,Dengue,2,0,19183
W66,Ward_66,8.471725501408931,77.07248789642753,2023,3,Dengue,5,1,19183
W66,Ward_66,8.471725501408931,77.07248789642753,2023,4,Dengue,6,1,19183
W66,Ward_66,8.471725501408931,77.07248789642753,2023,5,Dengue,1,0,19183
W66,Ward_66,8.471725501408931,77.07248789642753,2023,6,Dengue,26,4,19183
W66,Ward_66,8.471725501408931,77.07248789642753,2023,7,Dengue,25,6,19183
W66,Ward_66,8.471725501408931,77.07248789642753,2023,8,Dengue,25,2,19183
W66,Ward_66,8.471725501408931,77.07248789642753,2023,9,Dengue,27,4,19183
W66,Ward_66,8.471725501408931,77.07248789642753,2023,10,Dengue,2,0,19183
W66,Ward_66,8.471725501408931,77.07248789642753,2023,11,Dengue,10,1,19183
W66,Ward_66,8.471725501408931,77.07248789642753,2023,12,Dengue,7,0,19183
W67,Ward_67,8.688280901278185,76.75962210152174,2018,1,Dengue,5,1,23804
W67,Ward_67,8.688280901278185,76.75962210152174,2018,2,Dengue,6,1,23804
W67,Ward_67,8.688280901278185,76.75962210152174,2018,3,Dengue,2,0,23804
W67,Ward_67,8.688280901278185,76.75962210152174,2018,4,Dengue,3,0,23804
W67,Ward_67,8.688280901278185,76.75962210152174,2018,5,Dengue,6,0,23804
W67,Ward_67,8.688280901278185,76.75962210152174,2018,6,Dengue,21,4,23804
W67,Ward_67,8.688280901278185,76.75962210152174,2018,7,Dengue,24,2,23804
W67,Ward_67,8.688280901278185,76.75962210152174,2018,8,Dengue,20,3,23804
W67,Ward_67,8.688280901278185,76.75962210152174,2018,9,Dengue,21,3,23804
W67,Ward_67,8.688280901278185,76.75962210152174,2018,10,Dengue,4,0,23804
W67,Ward_67,8.688280901278185,76.75962210152174,2018,11,Dengue,3,0,23804
W67,Ward_67,8.688280901278185,76.75962210152174,2018,12,Dengue,5,0,23804
W67,Ward_67,8.688280901278185,76.75962210152174,2019,1,Dengue,9,2,23804
W67,Ward_67,8.688280901278185,76.75962210152174,2019,2,Dengue,10,1,23804
W67,Ward_67,8.688280901278185,76.75962210152174,2019,3,Dengue,12,2,23804
W67,Ward_67,8.688280901278185,76.75962210152174,2019,4,Dengue,10,2,23804
W67,Ward_67,8.688280901278185,76.75962210152174,2019,5,Dengue,5,0,23804
W67,Ward_67,8.688280901278185,76.75962210152174,2019,6,Dengue,16,2,23804
W67,Ward_67,8.688280901278185,76.75962210152174,2019,7,Dengue,28,3,23804
W67,Ward_67,8.688280901278185,76.75962210152174,2019,8,Dengue,24,5,23804
W67,Ward_67,8.688280901278185,76.75962210152174,2019,9,Dengue,19,2,23804
W67,Ward_67,8.688280901278185,76.75962210152174,2019,10,Dengue,8,1,23804
W67,Ward_67,8.688280901278185,76.75962210152174,2019,11,Dengue,3,0,23804
W67,Ward_67,8.688280901278185,76.75962210152174,2019,12,Dengue,9,2,23804
W67,Ward_67,8.688280901278185,76.75962210152174,2020,1,Dengue,8,1,23804
W67,Ward_67,8.688280901278185,76.75962210152174,2020,2,Dengue,5,0,23804
W67,Ward_67,8.688280901278185,76.75962210152174,2020,3,Dengue,4,0,23804
W67,Ward_67,8.688280901278185,76.75962210152174,2020,4,Dengue,2,0,23804
W67,Ward_67,8.688280901278185,76.75962210152174,2020,5,Dengue,6,1,23804
W67,Ward_67,8.688280901278185,76.75962210152174,2020,6,Dengue,27,6,23804
W67,Ward_67,8.688280901278185,76.75962210152174,2020,7,Dengue,18,3,23804
W67,Ward_67,8.688280901278185,76.75962210152174,2020,8,Dengue,21,3,23804
W67,Ward_67,8.688280901278185,76.75962210152174,2020,9,Dengue,13,3,23804
W67,Ward_67,8.688280901278185,76.75962210152174,2020,10,Dengue,2,0,23804
W67,Ward_67,8.688280901278185,76.75962210152174,2020,11,Dengue,4,0,23804
W67,Ward_67,8.688280901278185,76.75962210152174,2020,12,Dengue,3,0,23804
W67,Ward_67,8.688280901278185,76.75962210152174,2021,1,Dengue,1,0,23804
W67,Ward_67,8.688280901278185,76.75962210152174,2021,2,Dengue,5,1,23804
W67,Ward_67,8.688280901278185,76.75962210152174,2021,3,Dengue,6,0,23804
W67,Ward_67,8.688280901278185,76.75962210152174,2021,4,Dengue,4,0,23804
W67,Ward_67,8.688280901278185,76.75962210152174,2021,5,Dengue,2,0,23804
W67,Ward_67,8.688280901278185,76.75962210152174,2021,6,Dengue,27,5,23804
W67,Ward_67,8.688280901278185,76.75962210152174,2021,7,Dengue,21,3,23804
W67,Ward_67,8.688280901278185,76.75962210152174,2021,8,Dengue,18,3,23804
W67,Ward_67,8.688280901278185,76.75962210152174,2021,9,Dengue,23,2,23804
W67,Ward_67,8.688280901278185,76.75962210152174,2021,10,Dengue,8,1,23804
W67,Ward_67,8.688280901278185,76.75962210152174,2021,11,Dengue,8,1,23804
W67,Ward_67,8.688280901278185,76.75962210152174,2021,12,Dengue,2,0,23804
W67,Ward_67,8.688280901278185,76.75962210152174,2022,1,Dengue,3,0,23804
W67,Ward_67,8.688280901278185,76.75962210152174,2022,2,Dengue,8,1,23804
W67,Ward_67,8.688280901278185,76.75962210152174,2022,3,Dengue,9,1,23804
W67,Ward_67,8.688280901278185,76.75962210152174,2022,4,Dengue,5,0,23804
W67,Ward_67,8.688280901278185,76.75962210152174,2022,5,Dengue,8,1,23804
W67,Ward_67,8.688280901278185,76.75962210152174,2022,6,Dengue,19,3,23804
W67,Ward_67,8.688280901278185,76.75962210152174,2022,7,Dengue,27,2,23804
W67,Ward_67,8.688280901278185,76.75962210152174,2022,8,Dengue,19,3,23804
W67,Ward_67,8.688280901278185,76.75962210152174,2022,9,Dengue,17,2,23804
W67,Ward_67,8.688280901278185,76.75962210152174,2022,10,Dengue,2,0,23804
W67,Ward_67,8.688280901278185,76.75962210152174,2022,11,Dengue,1,0,23804
W67,Ward_67,8.688280901278185,76.75962210152174,2022,12,Dengue,3,0,23804
W67,Ward_67,8.688280901278185,76.75962210152174,2023,1,Dengue,3,0,23804
W67,Ward_67,8.688280901278185,76.75962210152174,2023,2,Dengue,1,0,23804
W67,Ward_67,8.688280901278185,76.75962210152174,2023,3,Dengue,6,1,23804
W67,Ward_67,8.688280901278185,76.75962210152174,2023,4,Dengue,6,0,23804
W67,Ward_67,8.688280901278185,76.75962210152174,2023,5,Dengue,8,1,23804
W67,Ward_67,8.688280901278185,76.75962210152174,2023,6,Dengue,12,2,23804
W67,Ward_67,8.688280901278185,76.75962210152174,2023,7,Dengue,25,4,23804
W67,Ward_67,8.688280901278185,76.75962210152174,2023,8,Dengue,23,4,23804
W67,Ward_67,8.688280901278185,76.75962210152174,2023,9,Dengue,18,2,23804
W67,Ward_67,8.688280901278185,76.75962210152174,2023,10,Dengue,4,0,23804
W67,Ward_67,8.688280901278185,76.75962210152174,2023,11,Dengue,11,2,23804
W67,Ward_67,8.688280901278185,76.75962210152174,2023,12,Dengue,8,1,23804
W68,Ward_68,8.675349899661974,77.08521573958853,2018,1,Dengue,4,0,26485
W68,Ward_68,8.675349899661974,77.08521573958853,2018,2,Dengue,11,1,26485
W68,Ward_68,8.675349899661974,77.08521573958853,2018,3,Dengue,6,1,26485
W68,Ward_68,8.675349899661974,77.08521573958853,2018,4,Dengue,5,0,26485
W68,Ward_68,8.675349899661974,77.08521573958853,2018,5,Dengue,4,0,26485
W68,Ward_68,8.675349899661974,77.08521573958853,2018,6,Dengue,23,4,26485
W68,Ward_68,8.675349899661974,77.08521573958853,2018,7,Dengue,23,5,26485
W68,Ward_68,8.675349899661974,77.08521573958853,2018,8,Dengue,37,6,26485
W68,Ward_68,8.675349899661974,77.08521573958853,2018,9,Dengue,19,2,26485
W68,Ward_68,8.675349899661974,77.08521573958853,2018,10,Dengue,5,0,26485
W68,Ward_68,8.675349899661974,77.08521573958853,2018,11,Dengue,2,0,26485
W68,Ward_68,8.675349899661974,77.08521573958853,2018,12,Dengue,5,0,26485
W68,Ward_68,8.675349899661974,77.08521573958853,2019,1,Dengue,8,1,26485
W68,Ward_68,8.675349899661974,77.08521573958853,2019,2,Dengue,9,1,26485
W68,Ward_68,8.675349899661974,77.08521573958853,2019,3,Dengue,2,0,26485
W68,Ward_68,8.675349899661974,77.08521573958853,2019,4,Dengue,2,0,26485
W68,Ward_68,8.675349899661974,77.08521573958853,2019,5,Dengue,4,0,26485
W68,Ward_68,8.675349899661974,77.08521573958853,2019,6,Dengue,20,3,26485
W68,Ward_68,8.675349899661974,77.08521573958853,2019,7,Dengue,11,2,26485
W68,Ward_68,8.675349899661974,77.08521573958853,2019,8,Dengue,31,7,26485
W68,Ward_68,8.675349899661974,77.08521573958853,2019,9,Dengue,27,4,26485
W68,Ward_68,8.675349899661974,77.08521573958853,2019,10,Dengue,5,0,26485
W68,Ward_68,8.675349899661974,77.08521573958853,2019,11,Dengue,8,1,26485
W68,Ward_68,8.675349899661974,77.08521573958853,2019,12,Dengue,8,1,26485
W68,Ward_68,8.675349899661974,77.08521573958853,2020,1,Dengue,16,1,26485
W68,Ward_68,8.675349899661974,77.08521573958853,2020,2,Dengue,5,0,26485
W68,Ward_68,8.675349899661974,77.08521573958853,2020,3,Dengue,5,0,26485
W68,Ward_68,8.675349899661974,77.08521573958853,2020,4,Dengue,8,1,26485
W68,Ward_68,8.675349899661974,77.08521573958853,2020,5,Dengue,9,0,26485
W68,Ward_68,8.675349899661974,77.08521573958853,2020,6,Dengue,41,5,26485
W68,Ward_68,8.675349899661974,77.08521573958853,2020,7,Dengue,30,3,26485
W68,Ward_68,8.675349899661974,77.08521573958853,2020,8,Dengue,24,4,26485
W68,Ward_68,8.675349899661974,77.08521573958853,2020,9,Dengue,34,6,26485
W68,Ward_68,8.675349899661974,77.08521573958853,2020,10,Dengue,5,0,26485
W68,Ward_68,8.675349899661974,77.08521573958853,2020,11,Dengue,4,0,26485
W68,Ward_68,8.675349899661974,77.08521573958853,2020,12,Dengue,2,0,26485
W68,Ward_68,8.675349899661974,77.08521573958853,2021,1,Dengue,6,0,26485
W68,Ward_68,8.675349899661974,77.08521573958853,2021,2,Dengue,5,1,26485
W68,Ward_68,8.675349899661974,77.08521573958853,2021,3,Dengue,6,0,26485
W68,Ward_68,8.675349899661974,77.08521573958853,2021,4,Dengue,8,1,26485
W68,Ward_68,8.675349899661974,77.08521573958853,2021,5,Dengue,9,0,26485
W68,Ward_68,8.675349899661974,77.08521573958853,2021,6,Dengue,26,5,26485
W68,Ward_68,8.675349899661974,77.08521573958853,2021,7,Dengue,31,3,26485
W68,Ward_68,8.675349899661974,77.08521573958853,2021,8,Dengue,17,2,26485
W68,Ward_68,8.675349899661974,77.08521573958853,2021,9,Dengue,26,4,26485
W68,Ward_68,8.675349899661974,77.08521573958853,2021,10,Dengue,1,0,26485
W68,Ward_68,8.675349899661974,77.08521573958853,2021,11,Dengue,9,1,26485
W68,Ward_68,8.675349899661974,77.08521573958853,2021,12,Dengue,9,1,26485
W68,Ward_68,8.675349899661974,77.08521573958853,2022,1,Dengue,5,0,26485
W68,Ward_68,8.675349899661974,77.08521573958853,2022,2,Dengue,11,1,26485
W68,Ward_68,8.675349899661974,77.08521573958853,2022,3,Dengue,6,0,26485
W68,Ward_68,8.675349899661974,77.08521573958853,2022,4,Dengue,8,1,26485
W68,Ward_68,8.675349899661974,77.08521573958853,2022,5,Dengue,5,0,26485
W68,Ward_68,8.675349899661974,77.08521573958853,2022,6,Dengue,31,6,26485
W68,Ward_68,8.675349899661974,77.08521573958853,2022,7,Dengue,24,5,26485
W68,Ward_68,8.675349899661974,77.08521573958853,2022,8,Dengue,23,2,26485
W68,Ward_68,8.675349899661974,77.08521573958853,2022,9,Dengue,27,6,26485
W68,Ward_68,8.675349899661974,77.08521573958853,2022,10,Dengue,5,0,26485
W68,Ward_68,8.675349899661974,77.08521573958853,2022,11,Dengue,11,2,26485
W68,Ward_68,8.675349899661974,77.08521573958853,2022,12,Dengue,8,1,26485
W68,Ward_68,8.675349899661974,77.08521573958853,2023,1,Dengue,9,1,26485
W68,Ward_68,8.675349899661974,77.08521573958853,2023,2,Dengue,9,1,26485
W68,Ward_68,8.675349899661974,77.08521573958853,2023,3,Dengue,8,1,26485
W68,Ward_68,8.675349899661974,77.08521573958853,2023,4,Dengue,6,0,26485
W68,Ward_68,8.675349899661974,77.08521573958853,2023,5,Dengue,6,0,26485
W68,Ward_68,8.675349899661974,77.08521573958853,2023,6,Dengue,22,2,26485
W68,Ward_68,8.675349899661974,77.08521573958853,2023,7,Dengue,20,4,26485
W68,Ward_68,8.675349899661974,77.08521573958853,2023,8,Dengue,12,2,26485
W68,Ward_68,8.675349899661974,77.08521573958853,2023,9,Dengue,30,6,26485
W68,Ward_68,8.675349899661974,77.08521573958853,2023,10,Dengue,6,0,26485
W68,Ward_68,8.675349899661974,77.08521573958853,2023,11,Dengue,5,0,26485
W68,Ward_68,8.675349899661974,77.08521573958853,2023,12,Dengue,6,0,26485
W69,Ward_69,8.523193298129163,77.03917539963705,2018,1,Dengue,2,0,21714
W69,Ward_69,8.523193298129163,77.03917539963705,2018,2,Dengue,5,0,21714
W69,Ward_69,8.523193298129163,77.03917539963705,2018,3,Dengue,6,1,21714
W69,Ward_69,8.523193298129163,77.03917539963705,2018,4,Dengue,5,0,21714
W69,Ward_69,8.523193298129163,77.03917539963705,2018,5,Dengue,10,2,21714
W69,Ward_69,8.523193298129163,77.03917539963705,2018,6,Dengue,20,2,21714
W69,Ward_69,8.523193298129163,77.03917539963705,2018,7,Dengue,23,4,21714
W69,Ward_69,8.523193298129163,77.03917539963705,2018,8,Dengue,28,6,21714
W69,Ward_69,8.523193298129163,77.03917539963705,2018,9,Dengue,18,2,21714
W69,Ward_69,8.523193298129163,77.03917539963705,2018,10,Dengue,6,1,21714
W69,Ward_69,8.523193298129163,77.03917539963705,2018,11,Dengue,6,0,21714
W69,Ward_69,8.523193298129163,77.03917539963705,2018,12,Dengue,4,0,21714
W69,Ward_69,8.523193298129163,77.03917539963705,2019,1,Dengue,5,0,21714
W69,Ward_69,8.523193298129163,77.03917539963705,2019,2,Dengue,6,1,21714
W69,Ward_69,8.523193298129163,77.03917539963705,2019,3,Dengue,9,1,21714
W69,Ward_69,8.523193298129163,77.03917539963705,2019,4,Dengue,5,0,21714
W69,Ward_69,8.523193298129163,77.03917539963705,2019,5,Dengue,5,1,21714
W69,Ward_69,8.523193298129163,77.03917539963705,2019,6,Dengue,31,5,21714
W69,Ward_69,8.523193298129163,77.03917539963705,2019,7,Dengue,32,6,21714
W69,Ward_69,8.523193298129163,77.03917539963705,2019,8,Dengue,13,1,21714
W69,Ward_69,8.523193298129163,77.03917539963705,2019,9,Dengue,25,3,21714
W69,Ward_69,8.523193298129163,77.03917539963705,2019,10,Dengue,8,1,21714
W69,Ward_69,8.523193298129163,77.03917539963705,2019,11,Dengue,5,0,21714
W69,Ward_69,8.523193298129163,77.03917539963705,2019,12,Dengue,9,1,21714
W69,Ward_69,8.523193298129163,77.03917539963705,2020,1,Dengue,9,1,21714
W69,Ward_69,8.523193298129163,77.03917539963705,2020,2,Dengue,5,0,21714
W69,Ward_69,8.523193298129163,77.03917539963705,2020,3,Dengue,4,0,21714
W69,Ward_69,8.523193298129163,77.03917539963705,2020,4,Dengue,5,0,21714
W69,Ward_69,8.523193298129163,77.03917539963705,2020,5,Dengue,12,1,21714
W69,Ward_69,8.523193298129163,77.03917539963705,2020,6,Dengue,36,7,21714
W69,Ward_69,8.523193298129163,77.03917539963705,2020,7,Dengue,21,2,21714
W69,Ward_69,8.523193298129163,77.03917539963705,2020,8,Dengue,29,3,21714
W69,Ward_69,8.523193298129163,77.03917539963705,2020,9,Dengue,21,4,21714
W69,Ward_69,8.523193298129163,77.03917539963705,2020,10,Dengue,5,1,21714
W69,Ward_69,8.523193298129163,77.03917539963705,2020,11,Dengue,6,1,21714
W69,Ward_69,8.523193298129163,77.03917539963705,2020,12,Dengue,1,0,21714
W69,Ward_69,8.523193298129163,77.03917539963705,2021,1,Dengue,5,0,21714
W69,Ward_69,8.523193298129163,77.03917539963705,2021,2,Dengue,6,1,21714
W69,Ward_69,8.523193298129163,77.03917539963705,2021,3,Dengue,8,1,21714
W69,Ward_69,8.523193298129163,77.03917539963705,2021,4,Dengue,1,0,21714
W69,Ward_69,8.523193298129163,77.03917539963705,2021,5,Dengue,13,1,21714
W69,Ward_69,8.523193298129163,77.03917539963705,2021,6,Dengue,24,3,21714
W69,Ward_69,8.523193298129163,77.03917539963705,2021,7,Dengue,33,6,21714
W69,Ward_69,8.523193298129163,77.03917539963705,2021,8,Dengue,21,2,21714
W69,Ward_69,8.523193298129163,77.03917539963705,2021,9,Dengue,23,3,21714
W69,Ward_69,8.523193298129163,77.03917539963705,2021,10,Dengue,4,0,21714
W69,Ward_69,8.523193298129163,77.03917539963705,2021,11,Dengue,5,1,21714
W69,Ward_69,8.523193298129163,77.03917539963705,2021,12,Dengue,6,1,21714
W69,Ward_69,8.523193298129163,77.03917539963705,2022,1,Dengue,4,0,21714
W69,Ward_69,8.523193298129163,77.03917539963705,2022,2,Dengue,10,1,21714
W69,Ward_69,8.523193298129163,77.03917539963705,2022,3,Dengue,5,0,21714
W69,Ward_69,8.523193298129163,77.03917539963705,2022,4,Dengue,9,1,21714
W69,Ward_69,8.523193298129163,77.03917539963705,2022,5,Dengue,9,1,21714
W69,Ward_69,8.523193298129163,77.03917539963705,2022,6,Dengue,27,5,21714
W69,Ward_69,8.523193298129163,77.03917539963705,2022,7,Dengue,29,3,21714
W69,Ward_69,8.523193298129163,77.03917539963705,2022,8,Dengue,28,5,21714
W69,Ward_69,8.523193298129163,77.03917539963705,2022,9,Dengue,20,2,21714
W69,Ward_69,8.523193298129163,77.03917539963705,2022,10,Dengue,8,0,21714
W69,Ward_69,8.523193298129163,77.03917539963705,2022,11,Dengue,10,1,21714
W69,Ward_69,8.523193298129163,77.03917539963705,2022,12,Dengue,8,0,21714
W69,Ward_69,8.523193298129163,77.03917539963705,2023,1,Dengue,9,1,21714
W69,Ward_69,8.523193298129163,77.03917539963705,2023,2,Dengue,8,1,21714
W69,Ward_69,8.523193298129163,77.03917539963705,2023,3,Dengue,9,1,21714
W69,Ward_69,8.523193298129163,77.03917539963705,2023,4,Dengue,2,0,21714
W69,Ward_69,8.523193298129163,77.03917539963705,2023,5,Dengue,6,1,21714
W69,Ward_69,8.523193298129163,77.03917539963705,2023,6,Dengue,28,4,21714
W69,Ward_69,8.523193298129163,77.03917539963705,2023,7,Dengue,20,3,21714
W69,Ward_69,8.523193298129163,77.03917539963705,2023,8,Dengue,25,2,21714
W69,Ward_69,8.523193298129163,77.03917539963705,2023,9,Dengue,25,2,21714
W69,Ward_69,8.523193298129163,77.03917539963705,2023,10,Dengue,12,2,21714
W69,Ward_69,8.523193298129163,77.03917539963705,2023,11,Dengue,6,0,21714
W69,Ward_69,8.523193298129163,77.03917539963705,2023,12,Dengue,4,0,21714
W70,Ward_70,8.48217910123553,77.02332650008255,2018,1,Dengue,5,1,20144
W70,Ward_70,8.48217910123553,77.02332650008255,2018,2,Dengue,5,0,20144
W70,Ward_70,8.48217910123553,77.02332650008255,2018,3,Dengue,1,0,20144
W70,Ward_70,8.48217910123553,77.02332650008255,2018,4,Dengue,2,0,20144
W70,Ward_70,8.48217910123553,77.02332650008255,2018,5,Dengue,3,0,20144
W70,Ward_70,8.48217910123553,77.02332650008255,2018,6,Dengue,14,3,20144
W70,Ward_70,8.48217910123553,77.02332650008255,2018,7,Dengue,13,3,20144
W70,Ward_70,8.48217910123553,77.02332650008255,2018,8,Dengue,11,2,20144
W70,Ward_70,8.48217910123553,77.02332650008255,2018,9,Dengue,17,2,20144
W70,Ward_70,8.48217910123553,77.02332650008255,2018,10,Dengue,3,0,20144
W70,Ward_70,8.48217910123553,77.02332650008255,2018,11,Dengue,5,0,20144
W70,Ward_70,8.48217910123553,77.02332650008255,2018,12,Dengue,2,0,20144
W70,Ward_70,8.48217910123553,77.02332650008255,2019,1,Dengue,2,0,20144
W70,Ward_70,8.48217910123553,77.02332650008255,2019,2,Dengue,2,0,20144
W70,Ward_70,8.48217910123553,77.02332650008255,2019,3,Dengue,5,0,20144
W70,Ward_70,8.48217910123553,77.02332650008255,2019,4,Dengue,3,0,20144
W70,Ward_70,8.48217910123553,77.02332650008255,2019,5,Dengue,2,0,20144
W70,Ward_70,8.48217910123553,77.02332650008255,2019,6,Dengue,21,2,20144
W70,Ward_70,8.48217910123553,77.02332650008255,2019,7,Dengue,11,2,20144
W70,Ward_70,8.48217910123553,77.02332650008255,2019,8,Dengue,9,0,20144
W70,Ward_70,8.48217910123553,77.02332650008255,2019,9,Dengue,6,1,20144
W70,Ward_70,8.48217910123553,77.02332650008255,2019,10,Dengue,4,0,20144
W70,Ward_70,8.48217910123553,77.02332650008255,2019,11,Dengue,4,0,20144
W70,Ward_70,8.48217910123553,77.02332650008255,2019,12,Dengue,1,0,20144
W70,Ward_70,8.48217910123553,77.02332650008255,2020,1,Dengue,4,0,20144
W70,Ward_70,8.48217910123553,77.02332650008255,2020,2,Dengue,3,0,20144
W70,Ward_70,8.48217910123553,77.02332650008255,2020,3,Dengue,3,0,20144
W70,Ward_70,8.48217910123553,77.02332650008255,2020,4,Dengue,4,0,20144
W70,Ward_70,8.48217910123553,77.02332650008255,2020,5,Dengue,3,0,20144
W70,Ward_70,8.48217910123553,77.02332650008255,2020,6,Dengue,15,2,20144
W70,Ward_70,8.48217910123553,77.02332650008255,2020,7,Dengue,17,1,20144
W70,Ward_70,8.48217910123553,77.02332650008255,2020,8,Dengue,13,2,20144
W70,Ward_70,8.48217910123553,77.02332650008255,2020,9,Dengue,20,3,20144
W70,Ward_70,8.48217910123553,77.02332650008255,2020,10,Dengue,4,0,20144
W70,Ward_70,8.48217910123553,77.02332650008255,2020,11,Dengue,4,0,20144
W70,Ward_70,8.48217910123553,77.02332650008255,2020,12,Dengue,2,0,20144
W70,Ward_70,8.48217910123553,77.02332650008255,2021,1,Dengue,5,0,20144
W70,Ward_70,8.48217910123553,77.02332650008255,2021,2,Dengue,4,0,20144
W70,Ward_70,8.48217910123553,77.02332650008255,2021,3,Dengue,1,0,20144
W70,Ward_70,8.48217910123553,77.02332650008255,2021,4,Dengue,2,0,20144
W70,Ward_70,8.48217910123553,77.02332650008255,2021,5,Dengue,2,0,20144
W70,Ward_70,8.48217910123553,77.02332650008255,2021,6,Dengue,17,4,20144
W70,Ward_70,8.48217910123553,77.02332650008255,2021,7,Dengue,23,4,20144
W70,Ward_70,8.48217910123553,77.02332650008255,2021,8,Dengue,13,2,20144
W70,Ward_70,8.48217910123553,77.02332650008255,2021,9,Dengue,22,3,20144
W70,Ward_70,8.48217910123553,77.02332650008255,2021,10,Dengue,3,0,20144
W70,Ward_70,8.48217910123553,77.02332650008255,2021,11,Dengue,3,0,20144
W70,Ward_70,8.48217910123553,77.02332650008255,2021,12,Dengue,5,0,20144
W70,Ward_70,8.48217910123553,77.02332650008255,2022,1,Dengue,3,0,20144
W70,Ward_70,8.48217910123553,77.02332650008255,2022,2,Dengue,0,0,20144
W70,Ward_70,8.48217910123553,77.02332650008255,2022,3,Dengue,5,0,20144
W70,Ward_70,8.48217910123553,77.02332650008255,2022,4,Dengue,0,0,20144
W70,Ward_70,8.48217910123553,77.02332650008255,2022,5,Dengue,5,0,20144
W70,Ward_70,8.48217910123553,77.02332650008255,2022,6,Dengue,13,2,20144
W70,Ward_70,8.48217910123553,77.02332650008255,2022,7,Dengue,14,3,20144
W70,Ward_70,8.48217910123553,77.02332650008255,2022,8,Dengue,13,3,20144
W70,Ward_70,8.48217910123553,77.02332650008255,2022,9,Dengue,5,0,20144
W70,Ward_70,8.48217910123553,77.02332650008255,2022,10,Dengue,4,0,20144
W70,Ward_70,8.48217910123553,77.02332650008255,2022,11,Dengue,4,0,20144
W70,Ward_70,8.48217910123553,77.02332650008255,2022,12,Dengue,3,0,20144
W70,Ward_70,8.48217910123553,77.02332650008255,2023,1,Dengue,0,0,20144
W70,Ward_70,8.48217910123553,77.02332650008255,2023,2,Dengue,5,0,20144
W70,Ward_70,8.48217910123553,77.02332650008255,2023,3,Dengue,1,0,20144
W70,Ward_70,8.48217910123553,77.02332650008255,2023,4,Dengue,5,0,20144
W70,Ward_70,8.48217910123553,77.02332650008255,2023,5,Dengue,4,0,20144
W70,Ward_70,8.48217910123553,77.02332650008255,2023,6,Dengue,17,2,20144
W70,Ward_70,8.48217910123553,77.02332650008255,2023,7,Dengue,15,3,20144
W70,Ward_70,8.48217910123553,77.02332650008255,2023,8,Dengue,17,1,20144
W70,Ward_70,8.48217910123553,77.02332650008255,2023,9,Dengue,16,2,20144
W70,Ward_70,8.48217910123553,77.02332650008255,2023,10,Dengue,6,1,20144
W70,Ward_70,8.48217910123553,77.02332650008255,2023,11,Dengue,6,1,20144
W70,Ward_70,8.48217910123553,77.02332650008255,2023,12,Dengue,5,0,20144
W71,Ward_71,8.40507430265588,77.00559250175576,2018,1,Dengue,7,1,17472
W71,Ward_71,8.40507430265588,77.00559250175576,2018,2,Dengue,5,0,17472
W71,Ward_71,8.40507430265588,77.00559250175576,2018,3,Dengue,7,0,17472
W71,Ward_71,8.40507430265588,77.00559250175576,2018,4,Dengue,2,0,17472
W71,Ward_71,8.40507430265588,77.00559250175576,2018,5,Dengue,14,3,17472
W71,Ward_71,8.40507430265588,77.00559250175576,2018,6,Dengue,22,4,17472
W71,Ward_71,8.40507430265588,77.00559250175576,2018,7,Dengue,22,5,17472
W71,Ward_71,8.40507430265588,77.00559250175576,2018,8,Dengue,27,5,17472
W71,Ward_71,8.40507430265588,77.00559250175576,2018,9,Dengue,27,4,17472
W71,Ward_71,8.40507430265588,77.00559250175576,2018,10,Dengue,1,0,17472
W71,Ward_71,8.40507430265588,77.00559250175576,2018,11,Dengue,5,1,17472
W71,Ward_71,8.40507430265588,77.00559250175576,2018,12,Dengue,12,1,17472
W71,Ward_71,8.40507430265588,77.00559250175576,2019,1,Dengue,7,1,17472
W71,Ward_71,8.40507430265588,77.00559250175576,2019,2,Dengue,11,2,17472
W71,Ward_71,8.40507430265588,77.00559250175576,2019,3,Dengue,10,2,17472
W71,Ward_71,8.40507430265588,77.00559250175576,2019,4,Dengue,2,0,17472
W71,Ward_71,8.40507430265588,77.00559250175576,2019,5,Dengue,10,1,17472
W71,Ward_71,8.40507430265588,77.00559250175576,2019,6,Dengue,34,8,17472
W71,Ward_71,8.40507430265588,77.00559250175576,2019,7,Dengue,17,2,17472
W71,Ward_71,8.40507430265588,77.00559250175576,2019,8,Dengue,31,3,17472
W71,Ward_71,8.40507430265588,77.00559250175576,2019,9,Dengue,27,2,17472
W71,Ward_71,8.40507430265588,77.00559250175576,2019,10,Dengue,7,1,17472
W71,Ward_71,8.40507430265588,77.00559250175576,2019,11,Dengue,7,1,17472
W71,Ward_71,8.40507430265588,77.00559250175576,2019,12,Dengue,1,0,17472
W71,Ward_71,8.40507430265588,77.00559250175576,2020,1,Dengue,10,1,17472
W71,Ward_71,8.40507430265588,77.00559250175576,2020,2,Dengue,7,1,17472
W71,Ward_71,8.40507430265588,77.00559250175576,2020,3,Dengue,4,0,17472
W71,Ward_71,8.40507430265588,77.00559250175576,2020,4,Dengue,8,1,17472
W71,Ward_71,8.40507430265588,77.00559250175576,2020,5,Dengue,8,1,17472
W71,Ward_71,8.40507430265588,77.00559250175576,2020,6,Dengue,30,3,17472
W71,Ward_71,8.40507430265588,77.00559250175576,2020,7,Dengue,20,2,17472
W71,Ward_71,8.40507430265588,77.00559250175576,2020,8,Dengue,30,5,17472
W71,Ward_71,8.40507430265588,77.00559250175576,2020,9,Dengue,28,4,17472
W71,Ward_71,8.40507430265588,77.00559250175576,2020,10,Dengue,11,1,17472
W71,Ward_71,8.40507430265588,77.00559250175576,2020,11,Dengue,5,0,17472
W71,Ward_71,8.40507430265588,77.00559250175576,2020,12,Dengue,4,0,17472
W71,Ward_71,8.40507430265588,77.00559250175576,2021,1,Dengue,8,0,17472
W71,Ward_71,8.40507430265588,77.00559250175576,2021,2,Dengue,10,2,17472
W71,Ward_71,8.40507430265588,77.00559250175576,2021,3,Dengue,10,1,17472
W71,Ward_71,8.40507430265588,77.00559250175576,2021,4,Dengue,5,1,17472
W71,Ward_71,8.40507430265588,77.00559250175576,2021,5,Dengue,4,0,17472
W71,Ward_71,8.40507430265588,77.00559250175576,2021,6,Dengue,27,6,17472
W71,Ward_71,8.40507430265588,77.00559250175576,2021,7,Dengue,21,4,17472
W71,Ward_71,8.40507430265588,77.00559250175576,2021,8,Dengue,22,4,17472
W71,Ward_71,8.40507430265588,77.00559250175576,2021,9,Dengue,17,2,17472
W71,Ward_71,8.40507430265588,77.00559250175576,2021,10,Dengue,4,0,17472
W71,Ward_71,8.40507430265588,77.00559250175576,2021,11,Dengue,7,0,17472
W71,Ward_71,8.40507430265588,77.00559250175576,2021,12,Dengue,10,2,17472
W71,Ward_71,8.40507430265588,77.00559250175576,2022,1,Dengue,5,0,17472
W71,Ward_71,8.40507430265588,77.00559250175576,2022,2,Dengue,5,0,17472
W71,Ward_71,8.40507430265588,77.00559250175576,2022,3,Dengue,10,2,17472
W71,Ward_71,8.40507430265588,77.00559250175576,2022,4,Dengue,7,1,17472
W71,Ward_71,8.40507430265588,77.00559250175576,2022,5,Dengue,2,0,17472
W71,Ward_71,8.40507430265588,77.00559250175576,2022,6,Dengue,17,3,17472
W71,Ward_71,8.40507430265588,77.00559250175576,2022,7,Dengue,20,4,17472
W71,Ward_71,8.40507430265588,77.00559250175576,2022,8,Dengue,21,3,17472
W71,Ward_71,8.40507430265588,77.00559250175576,2022,9,Dengue,24,5,17472
W71,Ward_71,8.40507430265588,77.00559250175576,2022,10,Dengue,12,2,17472
W71,Ward_71,8.40507430265588,77.00559250175576,2022,11,Dengue,8,1,17472
W71,Ward_71,8.40507430265588,77.00559250175576,2022,12,Dengue,5,0,17472
W71,Ward_71,8.40507430265588,77.00559250175576,2023,1,Dengue,4,0,17472
W71,Ward_71,8.40507430265588,77.00559250175576,2023,2,Dengue,14,1,17472
W71,Ward_71,8.40507430265588,77.00559250175576,2023,3,Dengue,2,0,17472
W71,Ward_71,8.40507430265588,77.00559250175576,2023,4,Dengue,2,0,17472
W71,Ward_71,8.40507430265588,77.00559250175576,2023,5,Dengue,2,0,17472
W71,Ward_71,8.40507430265588,77.00559250175576,2023,6,Dengue,28,4,17472
W71,Ward_71,8.40507430265588,77.00559250175576,2023,7,Dengue,24,2,17472
W71,Ward_71,8.40507430265588,77.00559250175576,2023,8,Dengue,31,4,17472
W71,Ward_71,8.40507430265588,77.00559250175576,2023,9,Dengue,25,3,17472
W71,Ward_71,8.40507430265588,77.00559250175576,2023,10,Dengue,1,0,17472
W71,Ward_71,8.40507430265588,77.00559250175576,2023,11,Dengue,10,1,17472
W71,Ward_71,8.40507430265588,77.00559250175576,2023,12,Dengue,10,1,17472
W72,Ward_72,8.726171398399302,76.75402660017043,2018,1,Dengue,4,0,37788
W72,Ward_72,8.726171398399302,76.75402660017043,2018,2,Dengue,5,0,37788
W72,Ward_72,8.726171398399302,76.75402660017043,2018,3,Dengue,5,0,37788
W72,Ward_72,8.726171398399302,76.75402660017043,2018,4,Dengue,3,0,37788
W72,Ward_72,8.726171398399302,76.75402660017043,2018,5,Dengue,2,0,37788
W72,Ward_72,8.726171398399302,76.75402660017043,2018,6,Dengue,22,3,37788
W72,Ward_72,8.726171398399302,76.75402660017043,2018,7,Dengue,15,2,37788
W72,Ward_72,8.726171398399302,76.75402660017043,2018,8,Dengue,30,5,37788
W72,Ward_72,8.726171398399302,76.75402660017043,2018,9,Dengue,18,2,37788
W72,Ward_72,8.726171398399302,76.75402660017043,2018,10,Dengue,6,0,37788
W72,Ward_72,8.726171398399302,76.75402660017043,2018,11,Dengue,8,1,37788
W72,Ward_72,8.726171398399302,76.75402660017043,2018,12,Dengue,3,0,37788
W72,Ward_72,8.726171398399302,76.75402660017043,2019,1,Dengue,5,0,37788
W72,Ward_72,8.726171398399302,76.75402660017043,2019,2,Dengue,3,0,37788
W72,Ward_72,8.726171398399302,76.75402660017043,2019,3,Dengue,9,1,37788
W72,Ward_72,8.726171398399302,76.75402660017043,2019,4,Dengue,5,1,37788
W72,Ward_72,8.726171398399302,76.75402660017043,2019,5,Dengue,2,0,37788
W72,Ward_72,8.726171398399302,76.75402660017043,2019,6,Dengue,15,3,37788
W72,Ward_72,8.726171398399302,76.75402660017043,2019,7,Dengue,12,1,37788
W72,Ward_72,8.726171398399302,76.75402660017043,2019,8,Dengue,24,3,37788
W72,Ward_72,8.726171398399302,76.75402660017043,2019,9,Dengue,20,3,37788
W72,Ward_72,8.726171398399302,76.75402660017043,2019,10,Dengue,6,1,37788
W72,Ward_72,8.726171398399302,76.75402660017043,2019,11,Dengue,9,0,37788
W72,Ward_72,8.726171398399302,76.75402660017043,2019,12,Dengue,4,0,37788
W72,Ward_72,8.726171398399302,76.75402660017043,2020,1,Dengue,2,0,37788
W72,Ward_72,8.726171398399302,76.75402660017043,2020,2,Dengue,2,0,37788
W72,Ward_72,8.726171398399302,76.75402660017043,2020,3,Dengue,3,0,37788
W72,Ward_72,8.726171398399302,76.75402660017043,2020,4,Dengue,3,0,37788
W72,Ward_72,8.726171398399302,76.75402660017043,2020,5,Dengue,7,0,37788
W72,Ward_72,8.726171398399302,76.75402660017043,2020,6,Dengue,15,3,37788
W72,Ward_72,8.726171398399302,76.75402660017043,2020,7,Dengue,26,5,37788
W72,Ward_72,8.726171398399302,76.75402660017043,2020,8,Dengue,28,4,37788
W72,Ward_72,8.726171398399302,76.75402660017043,2020,9,Dengue,22,4,37788
W72,Ward_72,8.726171398399302,76.75402660017043,2020,10,Dengue,2,0,37788
W72,Ward_72,8.726171398399302,76.75402660017043,2020,11,Dengue,6,0,37788
W72,Ward_72,8.726171398399302,76.75402660017043,2020,12,Dengue,1,0,37788
W72,Ward_72,8.726171398399302,76.75402660017043,2021,1,Dengue,10,1,37788
W72,Ward_72,8.726171398399302,76.75402660017043,2021,2,Dengue,5,0,37788
W72,Ward_72,8.726171398399302,76.75402660017043,2021,3,Dengue,4,0,37788
W72,Ward_72,8.726171398399302,76.75402660017043,2021,4,Dengue,6,1,37788
W72,Ward_72,8.726171398399302,76.75402660017043,2021,5,Dengue,10,1,37788
W72,Ward_72,8.726171398399302,76.75402660017043,2021,6,Dengue,24,4,37788
W72,Ward_72,8.726171398399302,76.75402660017043,2021,7,Dengue,24,3,37788
W72,Ward_72,8.726171398399302,76.75402660017043,2021,8,Dengue,20,2,37788
W72,Ward_72,8.726171398399302,76.75402660017043,2021,9,Dengue,11,1,37788
W72,Ward_72,8.726171398399302,76.75402660017043,2021,10,Dengue,4,0,37788
W72,Ward_72,8.726171398399302,76.75402660017043,2021,11,Dengue,5,0,37788
W72,Ward_72,8.726171398399302,76.75402660017043,2021,12,Dengue,5,0,37788
W72,Ward_72,8.726171398399302,76.75402660017043,2022,1,Dengue,8,0,37788
W72,Ward_72,8.726171398399302,76.75402660017043,2022,2,Dengue,6,1,37788
W72,Ward_72,8.726171398399302,76.75402660017043,2022,3,Dengue,6,0,37788
W72,Ward_72,8.726171398399302,76.75402660017043,2022,4,Dengue,5,0,37788
W72,Ward_72,8.726171398399302,76.75402660017043,2022,5,Dengue,6,0,37788
W72,Ward_72,8.726171398399302,76.75402660017043,2022,6,Dengue,15,3,37788
W72,Ward_72,8.726171398399302,76.75402660017043,2022,7,Dengue,15,3,37788
W72,Ward_72,8.726171398399302,76.75402660017043,2022,8,Dengue,19,2,37788
W72,Ward_72,8.726171398399302,76.75402660017043,2022,9,Dengue,18,4,37788
W72,Ward_72,8.726171398399302,76.75402660017043,2022,10,Dengue,8,1,37788
W72,Ward_72,8.726171398399302,76.75402660017043,2022,11,Dengue,6,1,37788
W72,Ward_72,8.726171398399302,76.75402660017043,2022,12,Dengue,2,0,37788
W72,Ward_72,8.726171398399302,76.75402660017043,2023,1,Dengue,7,0,37788
W72,Ward_72,8.726171398399302,76.75402660017043,2023,2,Dengue,6,0,37788
W72,Ward_72,8.726171398399302,76.75402660017043,2023,3,Dengue,4,0,37788
W72,Ward_72,8.726171398399302,76.75402660017043,2023,4,Dengue,7,1,37788
W72,Ward_72,8.726171398399302,76.75402660017043,2023,5,Dengue,8,0,37788
W72,Ward_72,8.726171398399302,76.75402660017043,2023,6,Dengue,24,4,37788
W72,Ward_72,8.726171398399302,76.75402660017043,2023,7,Dengue,13,1,37788
W72,Ward_72,8.726171398399302,76.75402660017043,2023,8,Dengue,17,2,37788
W72,Ward_72,8.726171398399302,76.75402660017043,2023,9,Dengue,18,3,37788
W72,Ward_72,8.726171398399302,76.75402660017043,2023,10,Dengue,5,0,37788
W72,Ward_72,8.726171398399302,76.75402660017043,2023,11,Dengue,5,1,37788
W72,Ward_72,8.726171398399302,76.75402660017043,2023,12,Dengue,11,2,37788
W73,Ward_73,8.639315498470367,76.93693839952276,2018,1,Dengue,2,0,32928
W73,Ward_73,8.639315498470367,76.93693839952276,2018,2,Dengue,4,0,32928
W73,Ward_73,8.639315498470367,76.93693839952276,2018,3,Dengue,5,0,32928
W73,Ward_73,8.639315498470367,76.93693839952276,2018,4,Dengue,14,2,32928
W73,Ward_73,8.639315498470367,76.93693839952276,2018,5,Dengue,13,2,32928
W73,Ward_73,8.639315498470367,76.93693839952276,2018,6,Dengue,25,4,32928
W73,Ward_73,8.639315498470367,76.93693839952276,2018,7,Dengue,38,8,32928
W73,Ward_73,8.639315498470367,76.93693839952276,2018,8,Dengue,30,4,32928
W73,Ward_73,8.639315498470367,76.93693839952276,2018,9,Dengue,32,6,32928
W73,Ward_73,8.639315498470367,76.93693839952276,2018,10,Dengue,2,0,32928
W73,Ward_73,8.639315498470367,76.93693839952276,2018,11,Dengue,8,1,32928
W73,Ward_73,8.639315498470367,76.93693839952276,2018,12,Dengue,8,1,32928
W73,Ward_73,8.639315498470367,76.93693839952276,2019,1,Dengue,5,0,32928
W73,Ward_73,8.639315498470367,76.93693839952276,2019,2,Dengue,10,1,32928
W73,Ward_73,8.639315498470367,76.93693839952276,2019,3,Dengue,10,1,32928
W73,Ward_73,8.639315498470367,76.93693839952276,2019,4,Dengue,11,1,32928
W73,Ward_73,8.639315498470367,76.93693839952276,2019,5,Dengue,5,0,32928
W73,Ward_73,8.639315498470367,76.93693839952276,2019,6,Dengue,22,4,32928
W73,Ward_73,8.639315498470367,76.93693839952276,2019,7,Dengue,29,4,32928
W73,Ward_73,8.639315498470367,76.93693839952276,2019,8,Dengue,26,3,32928
W73,Ward_73,8.639315498470367,76.93693839952276,2019,9,Dengue,23,3,32928
W73,Ward_73,8.639315498470367,76.93693839952276,2019,10,Dengue,5,1,32928
W73,Ward_73,8.639315498470367,76.93693839952276,2019,11,Dengue,2,0,32928
W73,Ward_73,8.639315498470367,76.93693839952276,2019,12,Dengue,10,2,32928
W73,Ward_73,8.639315498470367,76.93693839952276,2020,1,Dengue,10,1,32928
W73,Ward_73,8.639315498470367,76.93693839952276,2020,2,Dengue,4,0,32928
W73,Ward_73,8.639315498470367,76.93693839952276,2020,3,Dengue,1,0,32928
W73,Ward_73,8.639315498470367,76.93693839952276,2020,4,Dengue,10,1,32928
W73,Ward_73,8.639315498470367,76.93693839952276,2020,5,Dengue,7,0,32928
W73,Ward_73,8.639315498470367,76.93693839952276,2020,6,Dengue,23,4,32928
W73,Ward_73,8.639315498470367,76.93693839952276,2020,7,Dengue,27,5,32928
W73,Ward_73,8.639315498470367,76.93693839952276,2020,8,Dengue,25,4,32928
W73,Ward_73,8.639315498470367,76.93693839952276,2020,9,Dengue,33,6,32928
W73,Ward_73,8.639315498470367,76.93693839952276,2020,10,Dengue,5,0,32928
W73,Ward_73,8.639315498470367,76.93693839952276,2020,11,Dengue,13,2,32928
W73,Ward_73,8.639315498470367,76.93693839952276,2020,12,Dengue,2,0,32928
W73,Ward_73,8.639315498470367,76.93693839952276,2021,1,Dengue,13,2,32928
W73,Ward_73,8.639315498470367,76.93693839952276,2021,2,Dengue,10,1,32928
W73,Ward_73,8.639315498470367,76.93693839952276,2021,3,Dengue,2,0,32928
W73,Ward_73,8.639315498470367,76.93693839952276,2021,4,Dengue,4,0,32928
W73,Ward_73,8.639315498470367,76.93693839952276,2021,5,Dengue,2,0,32928
W73,Ward_73,8.639315498470367,76.93693839952276,2021,6,Dengue,23,4,32928
W73,Ward_73,8.639315498470367,76.93693839952276,2021,7,Dengue,23,4,32928
W73,Ward_73,8.639315498470367,76.93693839952276,2021,8,Dengue,33,4,32928
W73,Ward_73,8.639315498470367,76.93693839952276,2021,9,Dengue,14,3,32928
W73,Ward_73,8.639315498470367,76.93693839952276,2021,10,Dengue,5,1,32928
W73,Ward_73,8.639315498470367,76.93693839952276,2021,11,Dengue,5,1,32928
W73,Ward_73,8.639315498470367,76.93693839952276,2021,12,Dengue,10,2,32928
W73,Ward_73,8.639315498470367,76.93693839952276,2022,1,Dengue,16,2,32928
W73,Ward_73,8.639315498470367,76.93693839952276,2022,2,Dengue,5,1,32928
W73,Ward_73,8.639315498470367,76.93693839952276,2022,3,Dengue,10,2,32928
W73,Ward_73,8.639315498470367,76.93693839952276,2022,4,Dengue,11,1,32928
W73,Ward_73,8.639315498470367,76.93693839952276,2022,5,Dengue,7,1,32928
W73,Ward_73,8.639315498470367,76.93693839952276,2022,6,Dengue,22,5,32928
W73,Ward_73,8.639315498470367,76.93693839952276,2022,7,Dengue,33,5,32928
W73,Ward_73,8.639315498470367,76.93693839952276,2022,8,Dengue,19,2,32928
W73,Ward_73,8.639315498470367,76.93693839952276,2022,9,Dengue,26,6,32928
W73,Ward_73,8.639315498470367,76.93693839952276,2022,10,Dengue,5,0,32928
W73,Ward_73,8.639315498470367,76.93693839952276,2022,11,Dengue,7,0,32928
W73,Ward_73,8.639315498470367,76.93693839952276,2022,12,Dengue,8,1,32928
W73,Ward_73,8.639315498470367,76.93693839952276,2023,1,Dengue,5,1,32928
W73,Ward_73,8.639315498470367,76.93693839952276,2023,2,Dengue,4,0,32928
W73,Ward_73,8.639315498470367,76.93693839952276,2023,3,Dengue,7,0,32928
W73,Ward_73,8.639315498470367,76.93693839952276,2023,4,Dengue,14,2,32928
W73,Ward_73,8.639315498470367,76.93693839952276,2023,5,Dengue,5,0,32928
W73,Ward_73,8.639315498470367,76.93693839952276,2023,6,Dengue,26,4,32928
W73,Ward_73,8.639315498470367,76.93693839952276,2023,7,Dengue,29,4,32928
W73,Ward_73,8.639315498470367,76.93693839952276,2023,8,Dengue,13,1,32928
W73,Ward_73,8.639315498470367,76.93693839952276,2023,9,Dengue,41,9,32928
W73,Ward_73,8.639315498470367,76.93693839952276,2023,10,Dengue,7,0,32928
W73,Ward_73,8.639315498470367,76.93693839952276,2023,11,Dengue,7,1,32928
W73,Ward_73,8.639315498470367,76.93693839952276,2023,12,Dengue,2,0,32928
