District,Subdivision,Police Station,Longitude,Latitude,Date,Time,Crime Type,Law Sections,Victim Name,Victim Age,Offender Name,Offender Age,Year,Crime_Count
Ernakulam,Ernakulam Rural,Aluva,76.3587729,10.10286591,NA,NA,Crime Against Children,NA,NA,NA,NA,NA,2024,18
Ernakulam,Ernakulam Rural,Aluva,76.3587729,10.10286591,NA,NA,Crime Against Children,NA,NA,NA,NA,NA,2023,30
Ernakulam,Ernakulam Rural,Aluva,76.3587729,10.10286591,NA,NA,Crime Against Children,NA,NA,NA,NA,NA,2022,23
Ernakulam,Ernakulam Rural,Aluva,76.3587729,10.10286591,NA,NA,Crime Against Children,NA,NA,NA,NA,NA,2021,20
Ernakulam,Ernakulam Rural,Aluva,76.3587729,10.10286591,NA,NA,Crime Against Children,NA,NA,NA,NA,NA,2020,12
Ernakulam,Ernakulam Rural,Aluva,76.3587729,10.10286591,NA,NA,Crime Against Children,NA,NA,NA,NA,NA,2024,2
Ernakulam,Ernakulam Rural,Aluva,76.3587729,10.10286591,NA,NA,Crime Against Children,NA,NA,NA,NA,NA,2023,9
Ernakulam,Ernakulam Rural,Aluva,76.3587729,10.10286591,NA,NA,Crime Against Children,NA,NA,NA,NA,NA,2022,8
Ernakulam,Ernakulam Rural,Aluva,76.3587729,10.10286591,NA,NA,Crime Against Children,NA,NA,NA,NA,NA,2021,5
Ernakulam,Ernakulam Rural,Aluva,76.3587729,10.10286591,NA,NA,Crime Against Children,NA,NA,NA,NA,NA,2020,6
Ernakulam,Ernakulam Rural,Aluva,76.3587729,10.10286591,NA,NA,Crime Against Children,NA,NA,NA,NA,NA,2024,4
Ernakulam,Ernakulam Rural,Aluva,76.3587729,10.10286591,NA,NA,Crime Against Children,NA,NA,NA,NA,NA,2023,7
Ernakulam,Ernakulam Rural,Aluva,76.3587729,10.10286591,NA,NA,Crime Against Children,NA,NA,NA,NA,NA,2022,4
Ernakulam,Ernakulam Rural,Aluva,76.3587729,10.10286591,NA,NA,Crime Against Children,NA,NA,NA,NA,NA,2021,9
Ernakulam,Ernakulam Rural,Aluva,76.3587729,10.10286591,NA,NA,Crime Against Children,NA,NA,NA,NA,NA,2020,3
Ernakulam,Ernakulam Rural,Aluva,76.3587729,10.10286591,NA,NA,Crime Against Children,NA,NA,NA,NA,NA,2024,17
Ernakulam,Ernakulam Rural,Aluva,76.3587729,10.10286591,NA,NA,Crime Against Children,NA,NA,NA,NA,NA,2023,18
Ernakulam,Ernakulam Rural,Aluva,76.3587729,10.10286591,NA,NA,Crime Against Children,NA,NA,NA,NA,NA,2022,7
Ernakulam,Ernakulam Rural,Aluva,76.3587729,10.10286591,NA,NA,Crime Against Children,NA,NA,NA,NA,NA,2021,10
Ernakulam,Ernakulam Rural,Aluva,76.3587729,10.10286591,NA,NA,Crime Against Children,NA,NA,NA,NA,NA,2020,6
Ernakulam,Ernakulam Rural,Aluva,76.3587729,10.10286591,NA,NA,Crime Against Children,NA,NA,NA,NA,NA,2024,8
Ernakulam,Ernakulam Rural,Aluva,76.3587729,10.10286591,NA,NA,Crime Against Children,NA,NA,NA,NA,NA,2023,9
Ernakulam,Ernakulam Rural,Aluva,76.3587729,10.10286591,NA,NA,Crime Against Children,NA,NA,NA,NA,NA,2022,9
Ernakulam,Ernakulam Rural,Aluva,76.3587729,10.10286591,NA,NA,Crime Against Children,NA,NA,NA,NA,NA,2021,10
Ernakulam,Ernakulam Rural,Aluva,76.3587729,10.10286591,NA,NA,Crime Against Children,NA,NA,NA,NA,NA,2020,9
Ernakulam,Ernakulam Rural,Aluva West,76.30032138,10.12677759,NA,NA,Crime Against Children,NA,NA,NA,NA,NA,2024,6
Ernakulam,Ernakulam Rural,Aluva West,76.30032138,10.12677759,NA,NA,Crime Against Children,NA,NA,NA,NA,NA,2023,11
Ernakulam,Ernakulam Rural,Aluva West,76.30032138,10.12677759,NA,NA,Crime Against Children,NA,NA,NA,NA,NA,2022,13
Ernakulam,Ernakulam Rural,Aluva West,76.30032138,10.12677759,NA,NA,Crime Against Children,NA,NA,NA,NA,NA,2021,8
Ernakulam,Ernakulam Rural,Aluva West,76.30032138,10.12677759,NA,NA,Crime Against Children,NA,NA,NA,NA,NA,2020,8
Ernakulam,Ernakulam Rural,Aluva West,76.30032138,10.12677759,NA,NA,Crime Against Children,NA,NA,NA,NA,NA,2024,3
Ernakulam,Ernakulam Rural,Aluva West,76.30032138,10.12677759,NA,NA,Crime Against Children,NA,NA,NA,NA,NA,2023,11
Ernakulam,Ernakulam Rural,Aluva West,76.30032138,10.12677759,NA,NA,Crime Against Children,NA,NA,NA,NA,NA,2022,2
Ernakulam,Ernakulam Rural,Aluva West,76.30032138,10.12677759,NA,NA,Crime Against Children,NA,NA,NA,NA,NA,2021,7
Ernakulam,Ernakulam Rural,Aluva West,76.30032138,10.12677759,NA,NA,Crime Against Children,NA,NA,NA,NA,NA,2020,1
Ernakulam,Ernakulam Rural,Aluva West,76.30032138,10.12677759,NA,NA,Crime Against Children,NA,NA,NA,NA,NA,2024,9
Ernakulam,Ernakulam Rural,Aluva West,76.30032138,10.12677759,NA,NA,Crime Against Children,NA,NA,NA,NA,NA,2023,30
Ernakulam,Ernakulam Rural,Aluva West,76.30032138,10.12677759,NA,NA,Crime Against Children,NA,NA,NA,NA,NA,2022,16
Ernakulam,Ernakulam Rural,Aluva West,76.30032138,10.12677759,NA,NA,Crime Against Children,NA,NA,NA,NA,NA,2021,8
Ernakulam,Ernakulam Rural,Aluva West,76.30032138,10.12677759,NA,NA,Crime Against Children,NA,NA,NA,NA,NA,2020,9
Ernakulam,Ernakulam Rural,Aluva West,76.30032138,10.12677759,NA,NA,Crime Against Children,NA,NA,NA,NA,NA,2024,3
Ernakulam,Ernakulam Rural,Aluva West,76.30032138,10.12677759,NA,NA,Crime Against Children,NA,NA,NA,NA,NA,2023,8
Ernakulam,Ernakulam Rural,Aluva West,76.30032138,10.12677759,NA,NA,Crime Against Children,NA,NA,NA,NA,NA,2022,8
Ernakulam,Ernakulam Rural,Aluva West,76.30032138,10.12677759,NA,NA,Crime Against Children,NA,NA,NA,NA,NA,2021,5
Ernakulam,Ernakulam Rural,Aluva West,76.30032138,10.12677759,NA,NA,Crime Against Children,NA,NA,NA,NA,NA,2020,1
Ernakulam,Ernakulam Rural,Aluva West,76.30032138,10.12677759,NA,NA,Crime Against Children,NA,NA,NA,NA,NA,2024,11
Ernakulam,Ernakulam Rural,Aluva West,76.30032138,10.12677759,NA,NA,Crime Against Children,NA,NA,NA,NA,NA,2023,17
Ernakulam,Ernakulam Rural,Aluva West,76.30032138,10.12677759,NA,NA,Crime Against Children,NA,NA,NA,NA,NA,2022,7
Ernakulam,Ernakulam Rural,Aluva West,76.30032138,10.12677759,NA,NA,Crime Against Children,NA,NA,NA,NA,NA,2021,5
Ernakulam,Ernakulam Rural,Aluva West,76.30032138,10.12677759,NA,NA,Crime Against Children,NA,NA,NA,NA,NA,2020,6
Ernakulam,Ernakulam Rural,Binanipuram,76.32073789,10.09614916,NA,NA,Crime Against Children,NA,NA,NA,NA,NA,2024,6
Ernakulam,Ernakulam Rural,Binanipuram,76.32073789,10.09614916,NA,NA,Crime Against Children,NA,NA,NA,NA,NA,2023,5
Ernakulam,Ernakulam Rural,Binanipuram,76.32073789,10.09614916,NA,NA,Crime Against Children,NA,NA,NA,NA,NA,2022,4
Ernakulam,Ernakulam Rural,Binanipuram,76.32073789,10.09614916,NA,NA,Crime Against Children,NA,NA,NA,NA,NA,2021,6
Ernakulam,Ernakulam Rural,Binanipuram,76.32073789,10.09614916,NA,NA,Crime Against Children,NA,NA,NA,NA,NA,2020,2
Ernakulam,Ernakulam Rural,Binanipuram,76.32073789,10.09614916,NA,NA,Crime Against Children,NA,NA,NA,NA,NA,2024,17
Ernakulam,Ernakulam Rural,Binanipuram,76.32073789,10.09614916,NA,NA,Crime Against Children,NA,NA,NA,NA,NA,2023,32
Ernakulam,Ernakulam Rural,Binanipuram,76.32073789,10.09614916,NA,NA,Crime Against Children,NA,NA,NA,NA,NA,2022,17
Ernakulam,Ernakulam Rural,Binanipuram,76.32073789,10.09614916,NA,NA,Crime Against Children,NA,NA,NA,NA,NA,2021,10
Ernakulam,Ernakulam Rural,Binanipuram,76.32073789,10.09614916,NA,NA,Crime Against Children,NA,NA,NA,NA,NA,2020,10
Ernakulam,Ernakulam Rural,Binanipuram,76.32073789,10.09614916,NA,NA,Crime Against Children,NA,NA,NA,NA,NA,2024,4
Ernakulam,Ernakulam Rural,Binanipuram,76.32073789,10.09614916,NA,NA,Crime Against Children,NA,NA,NA,NA,NA,2023,10
Ernakulam,Ernakulam Rural,Binanipuram,76.32073789,10.09614916,NA,NA,Crime Against Children,NA,NA,NA,NA,NA,2022,8
Ernakulam,Ernakulam Rural,Binanipuram,76.32073789,10.09614916,NA,NA,Crime Against Children,NA,NA,NA,NA,NA,2021,5
Ernakulam,Ernakulam Rural,Binanipuram,76.32073789,10.09614916,NA,NA,Crime Against Children,NA,NA,NA,NA,NA,2020,2
Ernakulam,Ernakulam Rural,Binanipuram,76.32073789,10.09614916,NA,NA,Crime Against Children,NA,NA,NA,NA,NA,2024,19
Ernakulam,Ernakulam Rural,Binanipuram,76.32073789,10.09614916,NA,NA,Crime Against Children,NA,NA,NA,NA,NA,2023,40
Ernakulam,Ernakulam Rural,Binanipuram,76.32073789,10.09614916,NA,NA,Crime Against Children,NA,NA,NA,NA,NA,2022,31
Ernakulam,Ernakulam Rural,Binanipuram,76.32073789,10.09614916,NA,NA,Crime Against Children,NA,NA,NA,NA,NA,2021,25
Ernakulam,Ernakulam Rural,Binanipuram,76.32073789,10.09614916,NA,NA,Crime Against Children,NA,NA,NA,NA,NA,2020,15
Ernakulam,Ernakulam Rural,Binanipuram,76.32073789,10.09614916,NA,NA,Crime Against Children,NA,NA,NA,NA,NA,2024,6
Ernakulam,Ernakulam Rural,Binanipuram,76.32073789,10.09614916,NA,NA,Crime Against Children,NA,NA,NA,NA,NA,2023,1
Ernakulam,Ernakulam Rural,Binanipuram,76.32073789,10.09614916,NA,NA,Crime Against Children,NA,NA,NA,NA,NA,2022,6
Ernakulam,Ernakulam Rural,Binanipuram,76.32073789,10.09614916,NA,NA,Crime Against Children,NA,NA,NA,NA,NA,2021,4
Ernakulam,Ernakulam Rural,Binanipuram,76.32073789,10.09614916,NA,NA,Crime Against Children,NA,NA,NA,NA,NA,2020,1
Ernakulam,Ernakulam Rural,Edathala,76.39435152,10.0897053,NA,NA,Crime Against Children,NA,NA,NA,NA,NA,2024,17
Ernakulam,Ernakulam Rural,Edathala,76.39435152,10.0897053,NA,NA,Crime Against Children,NA,NA,NA,NA,NA,2023,8
Ernakulam,Ernakulam Rural,Edathala,76.39435152,10.0897053,NA,NA,Crime Against Children,NA,NA,NA,NA,NA,2022,13
Ernakulam,Ernakulam Rural,Edathala,76.39435152,10.0897053,NA,NA,Crime Against Children,NA,NA,NA,NA,NA,2021,8
Ernakulam,Ernakulam Rural,Edathala,76.39435152,10.0897053,NA,NA,Crime Against Children,NA,NA,NA,NA,NA,2020,15
Ernakulam,Ernakulam Rural,Edathala,76.39435152,10.0897053,NA,NA,Crime Against Children,NA,NA,NA,NA,NA,2024,0
Ernakulam,Ernakulam Rural,Edathala,76.39435152,10.0897053,NA,NA,Crime Against Children,NA,NA,NA,NA,NA,2023,1
Ernakulam,Ernakulam Rural,Edathala,76.39435152,10.0897053,NA,NA,Crime Against Children,NA,NA,NA,NA,NA,2022,3
Ernakulam,Ernakulam Rural,Edathala,76.39435152,10.0897053,NA,NA,Crime Against Children,NA,NA,NA,NA,NA,2021,0
Ernakulam,Ernakulam Rural,Edathala,76.39435152,10.0897053,NA,NA,Crime Against Children,NA,NA,NA,NA,NA,2020,0
Ernakulam,Ernakulam Rural,Edathala,76.39435152,10.0897053,NA,NA,Crime Against Children,NA,NA,NA,NA,NA,2024,15
Ernakulam,Ernakulam Rural,Edathala,76.39435152,10.0897053,NA,NA,Crime Against Children,NA,NA,NA,NA,NA,2023,9
Ernakulam,Ernakulam Rural,Edathala,76.39435152,10.0897053,NA,NA,Crime Against Children,NA,NA,NA,NA,NA,2022,15
Ernakulam,Ernakulam Rural,Edathala,76.39435152,10.0897053,NA,NA,Crime Against Children,NA,NA,NA,NA,NA,2021,14
Ernakulam,Ernakulam Rural,Edathala,76.39435152,10.0897053,NA,NA,Crime Against Children,NA,NA,NA,NA,NA,2020,11
Ernakulam,Ernakulam Rural,Edathala,76.39435152,10.0897053,NA,NA,Crime Against Children,NA,NA,NA,NA,NA,2024,1
Ernakulam,Ernakulam Rural,Edathala,76.39435152,10.0897053,NA,NA,Crime Against Children,NA,NA,NA,NA,NA,2023,4
Ernakulam,Ernakulam Rural,Edathala,76.39435152,10.0897053,NA,NA,Crime Against Children,NA,NA,NA,NA,NA,2022,7
Ernakulam,Ernakulam Rural,Edathala,76.39435152,10.0897053,NA,NA,Crime Against Children,NA,NA,NA,NA,NA,2021,0
Ernakulam,Ernakulam Rural,Edathala,76.39435152,10.0897053,NA,NA,Crime Against Children,NA,NA,NA,NA,NA,2020,1
Ernakulam,Ernakulam Rural,Edathala,76.39435152,10.0897053,NA,NA,Crime Against Children,NA,NA,NA,NA,NA,2024,9
Ernakulam,Ernakulam Rural,Edathala,76.39435152,10.0897053,NA,NA,Crime Against Children,NA,NA,NA,NA,NA,2023,12
Ernakulam,Ernakulam Rural,Edathala,76.39435152,10.0897053,NA,NA,Crime Against Children,NA,NA,NA,NA,NA,2022,16
Ernakulam,Ernakulam Rural,Edathala,76.39435152,10.0897053,NA,NA,Crime Against Children,NA,NA,NA,NA,NA,2021,5
Ernakulam,Ernakulam Rural,Edathala,76.39435152,10.0897053,NA,NA,Crime Against Children,NA,NA,NA,NA,NA,2020,10
Ernakulam,Ernakulam Rural,Angamaly,76.38580562,10.19510885,NA,NA,Crime Against Children,NA,NA,NA,NA,NA,2024,5
Ernakulam,Ernakulam Rural,Angamaly,76.38580562,10.19510885,NA,NA,Crime Against Children,NA,NA,NA,NA,NA,2023,10
Ernakulam,Ernakulam Rural,Angamaly,76.38580562,10.19510885,NA,NA,Crime Against Children,NA,NA,NA,NA,NA,2022,5
Ernakulam,Ernakulam Rural,Angamaly,76.38580562,10.19510885,NA,NA,Crime Against Children,NA,NA,NA,NA,NA,2021,9
Ernakulam,Ernakulam Rural,Angamaly,76.38580562,10.19510885,NA,NA,Crime Against Children,NA,NA,NA,NA,NA,2020,3
Ernakulam,Ernakulam Rural,Angamaly,76.38580562,10.19510885,NA,NA,Crime Against Children,NA,NA,NA,NA,NA,2024,13
Ernakulam,Ernakulam Rural,Angamaly,76.38580562,10.19510885,NA,NA,Crime Against Children,NA,NA,NA,NA,NA,2023,29
Ernakulam,Ernakulam Rural,Angamaly,76.38580562,10.19510885,NA,NA,Crime Against Children,NA,NA,NA,NA,NA,2022,22
Ernakulam,Ernakulam Rural,Angamaly,76.38580562,10.19510885,NA,NA,Crime Against Children,NA,NA,NA,NA,NA,2021,20
Ernakulam,Ernakulam Rural,Angamaly,76.38580562,10.19510885,NA,NA,Crime Against Children,NA,NA,NA,NA,NA,2020,11
Ernakulam,Ernakulam Rural,Angamaly,76.38580562,10.19510885,NA,NA,Crime Against Children,NA,NA,NA,NA,NA,2024,4
Ernakulam,Ernakulam Rural,Angamaly,76.38580562,10.19510885,NA,NA,Crime Against Children,NA,NA,NA,NA,NA,2023,5
Ernakulam,Ernakulam Rural,Angamaly,76.38580562,10.19510885,NA,NA,Crime Against Children,NA,NA,NA,NA,NA,2022,3
Ernakulam,Ernakulam Rural,Angamaly,76.38580562,10.19510885,NA,NA,Crime Against Children,NA,NA,NA,NA,NA,2021,0
Ernakulam,Ernakulam Rural,Angamaly,76.38580562,10.19510885,NA,NA,Crime Against Children,NA,NA,NA,NA,NA,2020,4
Ernakulam,Ernakulam Rural,Angamaly,76.38580562,10.19510885,NA,NA,Crime Against Children,NA,NA,NA,NA,NA,2024,15
Ernakulam,Ernakulam Rural,Angamaly,76.38580562,10.19510885,NA,NA,Crime Against Children,NA,NA,NA,NA,NA,2023,23
Ernakulam,Ernakulam Rural,Angamaly,76.38580562,10.19510885,NA,NA,Crime Against Children,NA,NA,NA,NA,NA,2022,14
Ernakulam,Ernakulam Rural,Angamaly,76.38580562,10.19510885,NA,NA,Crime Against Children,NA,NA,NA,NA,NA,2021,17
Ernakulam,Ernakulam Rural,Angamaly,76.38580562,10.19510885,NA,NA,Crime Against Children,NA,NA,NA,NA,NA,2020,7
Ernakulam,Ernakulam Rural,Angamaly,76.38580562,10.19510885,NA,NA,Crime Against Children,NA,NA,NA,NA,NA,2024,4
Ernakulam,Ernakulam Rural,Angamaly,76.38580562,10.19510885,NA,NA,Crime Against Children,NA,NA,NA,NA,NA,2023,7
Ernakulam,Ernakulam Rural,Angamaly,76.38580562,10.19510885,NA,NA,Crime Against Children,NA,NA,NA,NA,NA,2022,6
Ernakulam,Ernakulam Rural,Angamaly,76.38580562,10.19510885,NA,NA,Crime Against Children,NA,NA,NA,NA,NA,2021,7
Ernakulam,Ernakulam Rural,Angamaly,76.38580562,10.19510885,NA,NA,Crime Against Children,NA,NA,NA,NA,NA,2020,5
Ernakulam,Ernakulam Rural,Chengamanadu,76.3384191,10.1519942,NA,NA,Crime Against Children,NA,NA,NA,NA,NA,2024,5
Ernakulam,Ernakulam Rural,Chengamanadu,76.3384191,10.1519942,NA,NA,Crime Against Children,NA,NA,NA,NA,NA,2023,3
Ernakulam,Ernakulam Rural,Chengamanadu,76.3384191,10.1519942,NA,NA,Crime Against Children,NA,NA,NA,NA,NA,2022,2
Ernakulam,Ernakulam Rural,Chengamanadu,76.3384191,10.1519942,NA,NA,Crime Against Children,NA,NA,NA,NA,NA,2021,1
Ernakulam,Ernakulam Rural,Chengamanadu,76.3384191,10.1519942,NA,NA,Crime Against Children,NA,NA,NA,NA,NA,2020,6
Ernakulam,Ernakulam Rural,Chengamanadu,76.3384191,10.1519942,NA,NA,Crime Against Children,NA,NA,NA,NA,NA,2024,1
Ernakulam,Ernakulam Rural,Chengamanadu,76.3384191,10.1519942,NA,NA,Crime Against Children,NA,NA,NA,NA,NA,2023,4
Ernakulam,Ernakulam Rural,Chengamanadu,76.3384191,10.1519942,NA,NA,Crime Against Children,NA,NA,NA,NA,NA,2022,1
Ernakulam,Ernakulam Rural,Chengamanadu,76.3384191,10.1519942,NA,NA,Crime Against Children,NA,NA,NA,NA,NA,2021,1
Ernakulam,Ernakulam Rural,Chengamanadu,76.3384191,10.1519942,NA,NA,Crime Against Children,NA,NA,NA,NA,NA,2020,1
Ernakulam,Ernakulam Rural,Chengamanadu,76.3384191,10.1519942,NA,NA,Crime Against Children,NA,NA,NA,NA,NA,2024,3
Ernakulam,Ernakulam Rural,Chengamanadu,76.3384191,10.1519942,NA,NA,Crime Against Children,NA,NA,NA,NA,NA,2023,8
Ernakulam,Ernakulam Rural,Chengamanadu,76.3384191,10.1519942,NA,NA,Crime Against Children,NA,NA,NA,NA,NA,2022,12
Ernakulam,Ernakulam Rural,Chengamanadu,76.3384191,10.1519942,NA,NA,Crime Against Children,NA,NA,NA,NA,NA,2021,8
Ernakulam,Ernakulam Rural,Chengamanadu,76.3384191,10.1519942,NA,NA,Crime Against Children,NA,NA,NA,NA,NA,2020,6
Ernakulam,Ernakulam Rural,Chengamanadu,76.3384191,10.1519942,NA,NA,Crime Against Children,NA,NA,NA,NA,NA,2024,2
Ernakulam,Ernakulam Rural,Chengamanadu,76.3384191,10.1519942,NA,NA,Crime Against Children,NA,NA,NA,NA,NA,2023,11
Ernakulam,Ernakulam Rural,Chengamanadu,76.3384191,10.1519942,NA,NA,Crime Against Children,NA,NA,NA,NA,NA,2022,4
Ernakulam,Ernakulam Rural,Chengamanadu,76.3384191,10.1519942,NA,NA,Crime Against Children,NA,NA,NA,NA,NA,2021,10
Ernakulam,Ernakulam Rural,Chengamanadu,76.3384191,10.1519942,NA,NA,Crime Against Children,NA,NA,NA,NA,NA,2020,8
Ernakulam,Ernakulam Rural,Chengamanadu,76.3384191,10.1519942,NA,NA,Crime Against Children,NA,NA,NA,NA,NA,2024,6
Ernakulam,Ernakulam Rural,Chengamanadu,76.3384191,10.1519942,NA,NA,Crime Against Children,NA,NA,NA,NA,NA,2023,5
Ernakulam,Ernakulam Rural,Chengamanadu,76.3384191,10.1519942,NA,NA,Crime Against Children,NA,NA,NA,NA,NA,2022,5
Ernakulam,Ernakulam Rural,Chengamanadu,76.3384191,10.1519942,NA,NA,Crime Against Children,NA,NA,NA,NA,NA,2021,1
Ernakulam,Ernakulam Rural,Chengamanadu,76.3384191,10.1519942,NA,NA,Crime Against Children,NA,NA,NA,NA,NA,2020,1
Ernakulam,Ernakulam Rural,Airport,76.39270329,10.16000399,NA,NA,Crime Against Children,NA,NA,NA,NA,NA,2024,4
Ernakulam,Ernakulam Rural,Airport,76.39270329,10.16000399,NA,NA,Crime Against Children,NA,NA,NA,NA,NA,2023,6
Ernakulam,Ernakulam Rural,Airport,76.39270329,10.16000399,NA,NA,Crime Against Children,NA,NA,NA,NA,NA,2022,6
Ernakulam,Ernakulam Rural,Airport,76.39270329,10.16000399,NA,NA,Crime Against Children,NA,NA,NA,NA,NA,2021,4
Ernakulam,Ernakulam Rural,Airport,76.39270329,10.16000399,NA,NA,Crime Against Children,NA,NA,NA,NA,NA,2020,1
Ernakulam,Ernakulam Rural,Airport,76.39270329,10.16000399,NA,NA,Crime Against Children,NA,NA,NA,NA,NA,2024,6
Ernakulam,Ernakulam Rural,Airport,76.39270329,10.16000399,NA,NA,Crime Against Children,NA,NA,NA,NA,NA,2023,13
Ernakulam,Ernakulam Rural,Airport,76.39270329,10.16000399,NA,NA,Crime Against Children,NA,NA,NA,NA,NA,2022,10
Ernakulam,Ernakulam Rural,Airport,76.39270329,10.16000399,NA,NA,Crime Against Children,NA,NA,NA,NA,NA,2021,2
Ernakulam,Ernakulam Rural,Airport,76.39270329,10.16000399,NA,NA,Crime Against Children,NA,NA,NA,NA,NA,2020,6
Ernakulam,Ernakulam Rural,Airport,76.39270329,10.16000399,NA,NA,Crime Against Children,NA,NA,NA,NA,NA,2024,13
Ernakulam,Ernakulam Rural,Airport,76.39270329,10.16000399,NA,NA,Crime Against Children,NA,NA,NA,NA,NA,2023,15
Ernakulam,Ernakulam Rural,Airport,76.39270329,10.16000399,NA,NA,Crime Against Children,NA,NA,NA,NA,NA,2022,11
Ernakulam,Ernakulam Rural,Airport,76.39270329,10.16000399,NA,NA,Crime Against Children,NA,NA,NA,NA,NA,2021,10
Ernakulam,Ernakulam Rural,Airport,76.39270329,10.16000399,NA,NA,Crime Against Children,NA,NA,NA,NA,NA,2020,5
Ernakulam,Ernakulam Rural,Airport,76.39270329,10.16000399,NA,NA,Crime Against Children,NA,NA,NA,NA,NA,2024,6
Ernakulam,Ernakulam Rural,Airport,76.39270329,10.16000399,NA,NA,Crime Against Children,NA,NA,NA,NA,NA,2023,7
Ernakulam,Ernakulam Rural,Airport,76.39270329,10.16000399,NA,NA,Crime Against Children,NA,NA,NA,NA,NA,2022,2
Ernakulam,Ernakulam Rural,Airport,76.39270329,10.16000399,NA,NA,Crime Against Children,NA,NA,NA,NA,NA,2021,3
Ernakulam,Ernakulam Rural,Airport,76.39270329,10.16000399,NA,NA,Crime Against Children,NA,NA,NA,NA,NA,2020,3
Ernakulam,Ernakulam Rural,Aluva,76.3587729,10.10286591,NA,NA,Crime Against Women,NA,NA,NA,NA,NA,2024,9
Ernakulam,Ernakulam Rural,Aluva,76.3587729,10.10286591,NA,NA,Crime Against Women,NA,NA,NA,NA,NA,2024,24
Ernakulam,Ernakulam Rural,Aluva,76.3587729,10.10286591,NA,NA,Crime Against Women,NA,NA,NA,NA,NA,2024,15
Ernakulam,Ernakulam Rural,Aluva,76.3587729,10.10286591,NA,NA,Crime Against Women,NA,NA,NA,NA,NA,2024,12
Ernakulam,Ernakulam Rural,Aluva,76.3587729,10.10286591,NA,NA,Crime Against Women,NA,NA,NA,NA,NA,2024,13
Ernakulam,Ernakulam Rural,Aluva,76.3587729,10.10286591,NA,NA,Crime Against Women,NA,NA,NA,NA,NA,2023,7
Ernakulam,Ernakulam Rural,Aluva,76.3587729,10.10286591,NA,NA,Crime Against Women,NA,NA,NA,NA,NA,2023,9
Ernakulam,Ernakulam Rural,Aluva,76.3587729,10.10286591,NA,NA,Crime Against Women,NA,NA,NA,NA,NA,2023,6
Ernakulam,Ernakulam Rural,Aluva,76.3587729,10.10286591,NA,NA,Crime Against Women,NA,NA,NA,NA,NA,2023,2
Ernakulam,Ernakulam Rural,Aluva,76.3587729,10.10286591,NA,NA,Crime Against Women,NA,NA,NA,NA,NA,2023,3
Ernakulam,Ernakulam Rural,Aluva,76.3587729,10.10286591,NA,NA,Crime Against Women,NA,NA,NA,NA,NA,2022,48
Ernakulam,Ernakulam Rural,Aluva,76.3587729,10.10286591,NA,NA,Crime Against Women,NA,NA,NA,NA,NA,2022,53
Ernakulam,Ernakulam Rural,Aluva,76.3587729,10.10286591,NA,NA,Crime Against Women,NA,NA,NA,NA,NA,2022,34
Ernakulam,Ernakulam Rural,Aluva,76.3587729,10.10286591,NA,NA,Crime Against Women,NA,NA,NA,NA,NA,2022,34
Ernakulam,Ernakulam Rural,Aluva,76.3587729,10.10286591,NA,NA,Crime Against Women,NA,NA,NA,NA,NA,2022,19
Ernakulam,Ernakulam Rural,Aluva,76.3587729,10.10286591,NA,NA,Crime Against Women,NA,NA,NA,NA,NA,2021,5
Ernakulam,Ernakulam Rural,Aluva,76.3587729,10.10286591,NA,NA,Crime Against Women,NA,NA,NA,NA,NA,2021,6
Ernakulam,Ernakulam Rural,Aluva,76.3587729,10.10286591,NA,NA,Crime Against Women,NA,NA,NA,NA,NA,2021,7
Ernakulam,Ernakulam Rural,Aluva,76.3587729,10.10286591,NA,NA,Crime Against Women,NA,NA,NA,NA,NA,2021,3
Ernakulam,Ernakulam Rural,Aluva,76.3587729,10.10286591,NA,NA,Crime Against Women,NA,NA,NA,NA,NA,2021,3
Ernakulam,Ernakulam Rural,Aluva,76.3587729,10.10286591,NA,NA,Crime Against Women,NA,NA,NA,NA,NA,2020,56
Ernakulam,Ernakulam Rural,Aluva,76.3587729,10.10286591,NA,NA,Crime Against Women,NA,NA,NA,NA,NA,2020,103
Ernakulam,Ernakulam Rural,Aluva,76.3587729,10.10286591,NA,NA,Crime Against Women,NA,NA,NA,NA,NA,2020,74
Ernakulam,Ernakulam Rural,Aluva,76.3587729,10.10286591,NA,NA,Crime Against Women,NA,NA,NA,NA,NA,2020,39
Ernakulam,Ernakulam Rural,Aluva,76.3587729,10.10286591,NA,NA,Crime Against Women,NA,NA,NA,NA,NA,2020,3
Ernakulam,Ernakulam Rural,Aluva West,76.30032138,10.12677759,NA,NA,Crime Against Women,NA,NA,NA,NA,NA,2024,12
Ernakulam,Ernakulam Rural,Aluva West,76.30032138,10.12677759,NA,NA,Crime Against Women,NA,NA,NA,NA,NA,2024,18
Ernakulam,Ernakulam Rural,Aluva West,76.30032138,10.12677759,NA,NA,Crime Against Women,NA,NA,NA,NA,NA,2024,14
Ernakulam,Ernakulam Rural,Aluva West,76.30032138,10.12677759,NA,NA,Crime Against Women,NA,NA,NA,NA,NA,2024,10
Ernakulam,Ernakulam Rural,Aluva West,76.30032138,10.12677759,NA,NA,Crime Against Women,NA,NA,NA,NA,NA,2024,33
Ernakulam,Ernakulam Rural,Aluva West,76.30032138,10.12677759,NA,NA,Crime Against Women,NA,NA,NA,NA,NA,2023,16
Ernakulam,Ernakulam Rural,Aluva West,76.30032138,10.12677759,NA,NA,Crime Against Women,NA,NA,NA,NA,NA,2023,28
Ernakulam,Ernakulam Rural,Aluva West,76.30032138,10.12677759,NA,NA,Crime Against Women,NA,NA,NA,NA,NA,2023,30
Ernakulam,Ernakulam Rural,Aluva West,76.30032138,10.12677759,NA,NA,Crime Against Women,NA,NA,NA,NA,NA,2023,12
Ernakulam,Ernakulam Rural,Aluva West,76.30032138,10.12677759,NA,NA,Crime Against Women,NA,NA,NA,NA,NA,2023,28
Ernakulam,Ernakulam Rural,Aluva West,76.30032138,10.12677759,NA,NA,Crime Against Women,NA,NA,NA,NA,NA,2022,9
Ernakulam,Ernakulam Rural,Aluva West,76.30032138,10.12677759,NA,NA,Crime Against Women,NA,NA,NA,NA,NA,2022,13
Ernakulam,Ernakulam Rural,Aluva West,76.30032138,10.12677759,NA,NA,Crime Against Women,NA,NA,NA,NA,NA,2022,14
Ernakulam,Ernakulam Rural,Aluva West,76.30032138,10.12677759,NA,NA,Crime Against Women,NA,NA,NA,NA,NA,2022,6
Ernakulam,Ernakulam Rural,Aluva West,76.30032138,10.12677759,NA,NA,Crime Against Women,NA,NA,NA,NA,NA,2022,5
Ernakulam,Ernakulam Rural,Aluva West,76.30032138,10.12677759,NA,NA,Crime Against Women,NA,NA,NA,NA,NA,2021,8
Ernakulam,Ernakulam Rural,Aluva West,76.30032138,10.12677759,NA,NA,Crime Against Women,NA,NA,NA,NA,NA,2021,11
Ernakulam,Ernakulam Rural,Aluva West,76.30032138,10.12677759,NA,NA,Crime Against Women,NA,NA,NA,NA,NA,2021,17
Ernakulam,Ernakulam Rural,Aluva West,76.30032138,10.12677759,NA,NA,Crime Against Women,NA,NA,NA,NA,NA,2021,11
Ernakulam,Ernakulam Rural,Aluva West,76.30032138,10.12677759,NA,NA,Crime Against Women,NA,NA,NA,NA,NA,2021,6
Ernakulam,Ernakulam Rural,Aluva West,76.30032138,10.12677759,NA,NA,Crime Against Women,NA,NA,NA,NA,NA,2020,49
Ernakulam,Ernakulam Rural,Aluva West,76.30032138,10.12677759,NA,NA,Crime Against Women,NA,NA,NA,NA,NA,2020,87
Ernakulam,Ernakulam Rural,Aluva West,76.30032138,10.12677759,NA,NA,Crime Against Women,NA,NA,NA,NA,NA,2020,83
Ernakulam,Ernakulam Rural,Aluva West,76.30032138,10.12677759,NA,NA,Crime Against Women,NA,NA,NA,NA,NA,2020,68
Ernakulam,Ernakulam Rural,Aluva West,76.30032138,10.12677759,NA,NA,Crime Against Women,NA,NA,NA,NA,NA,2020,41
Ernakulam,Ernakulam Rural,Binanipuram,76.32073789,10.09614916,NA,NA,Crime Against Women,NA,NA,NA,NA,NA,2024,19
Ernakulam,Ernakulam Rural,Binanipuram,76.32073789,10.09614916,NA,NA,Crime Against Women,NA,NA,NA,NA,NA,2024,25
Ernakulam,Ernakulam Rural,Binanipuram,76.32073789,10.09614916,NA,NA,Crime Against Women,NA,NA,NA,NA,NA,2024,18
Ernakulam,Ernakulam Rural,Binanipuram,76.32073789,10.09614916,NA,NA,Crime Against Women,NA,NA,NA,NA,NA,2024,3
Ernakulam,Ernakulam Rural,Binanipuram,76.32073789,10.09614916,NA,NA,Crime Against Women,NA,NA,NA,NA,NA,2024,12
Ernakulam,Ernakulam Rural,Binanipuram,76.32073789,10.09614916,NA,NA,Crime Against Women,NA,NA,NA,NA,NA,2023,34
Ernakulam,Ernakulam Rural,Binanipuram,76.32073789,10.09614916,NA,NA,Crime Against Women,NA,NA,NA,NA,NA,2023,30
Ernakulam,Ernakulam Rural,Binanipuram,76.32073789,10.09614916,NA,NA,Crime Against Women,NA,NA,NA,NA,NA,2023,33
Ernakulam,Ernakulam Rural,Binanipuram,76.32073789,10.09614916,NA,NA,Crime Against Women,NA,NA,NA,NA,NA,2023,30
Ernakulam,Ernakulam Rural,Binanipuram,76.32073789,10.09614916,NA,NA,Crime Against Women,NA,NA,NA,NA,NA,2023,12
Ernakulam,Ernakulam Rural,Binanipuram,76.32073789,10.09614916,NA,NA,Crime Against Women,NA,NA,NA,NA,NA,2022,9
Ernakulam,Ernakulam Rural,Binanipuram,76.32073789,10.09614916,NA,NA,Crime Against Women,NA,NA,NA,NA,NA,2022,25
Ernakulam,Ernakulam Rural,Binanipuram,76.32073789,10.09614916,NA,NA,Crime Against Women,NA,NA,NA,NA,NA,2022,32
Ernakulam,Ernakulam Rural,Binanipuram,76.32073789,10.09614916,NA,NA,Crime Against Women,NA,NA,NA,NA,NA,2022,25
Ernakulam,Ernakulam Rural,Binanipuram,76.32073789,10.09614916,NA,NA,Crime Against Women,NA,NA,NA,NA,NA,2022,18
Ernakulam,Ernakulam Rural,Binanipuram,76.32073789,10.09614916,NA,NA,Crime Against Women,NA,NA,NA,NA,NA,2021,13
Ernakulam,Ernakulam Rural,Binanipuram,76.32073789,10.09614916,NA,NA,Crime Against Women,NA,NA,NA,NA,NA,2021,32
Ernakulam,Ernakulam Rural,Binanipuram,76.32073789,10.09614916,NA,NA,Crime Against Women,NA,NA,NA,NA,NA,2021,44
Ernakulam,Ernakulam Rural,Binanipuram,76.32073789,10.09614916,NA,NA,Crime Against Women,NA,NA,NA,NA,NA,2021,21
Ernakulam,Ernakulam Rural,Binanipuram,76.32073789,10.09614916,NA,NA,Crime Against Women,NA,NA,NA,NA,NA,2021,25
Ernakulam,Ernakulam Rural,Binanipuram,76.32073789,10.09614916,NA,NA,Crime Against Women,NA,NA,NA,NA,NA,2020,22
Ernakulam,Ernakulam Rural,Binanipuram,76.32073789,10.09614916,NA,NA,Crime Against Women,NA,NA,NA,NA,NA,2020,29
Ernakulam,Ernakulam Rural,Binanipuram,76.32073789,10.09614916,NA,NA,Crime Against Women,NA,NA,NA,NA,NA,2020,30
Ernakulam,Ernakulam Rural,Binanipuram,76.32073789,10.09614916,NA,NA,Crime Against Women,NA,NA,NA,NA,NA,2020,21
Ernakulam,Ernakulam Rural,Binanipuram,76.32073789,10.09614916,NA,NA,Crime Against Women,NA,NA,NA,NA,NA,2020,10
Ernakulam,Ernakulam Rural,Edathala,76.39435152,10.0897053,NA,NA,Crime Against Women,NA,NA,NA,NA,NA,2024,47
Ernakulam,Ernakulam Rural,Edathala,76.39435152,10.0897053,NA,NA,Crime Against Women,NA,NA,NA,NA,NA,2024,69
Ernakulam,Ernakulam Rural,Edathala,76.39435152,10.0897053,NA,NA,Crime Against Women,NA,NA,NA,NA,NA,2024,49
Ernakulam,Ernakulam Rural,Edathala,76.39435152,10.0897053,NA,NA,Crime Against Women,NA,NA,NA,NA,NA,2024,26
Ernakulam,Ernakulam Rural,Edathala,76.39435152,10.0897053,NA,NA,Crime Against Women,NA,NA,NA,NA,NA,2024,32
Ernakulam,Ernakulam Rural,Edathala,76.39435152,10.0897053,NA,NA,Crime Against Women,NA,NA,NA,NA,NA,2023,35
Ernakulam,Ernakulam Rural,Edathala,76.39435152,10.0897053,NA,NA,Crime Against Women,NA,NA,NA,NA,NA,2023,64
Ernakulam,Ernakulam Rural,Edathala,76.39435152,10.0897053,NA,NA,Crime Against Women,NA,NA,NA,NA,NA,2023,33
Ernakulam,Ernakulam Rural,Edathala,76.39435152,10.0897053,NA,NA,Crime Against Women,NA,NA,NA,NA,NA,2023,24
Ernakulam,Ernakulam Rural,Edathala,76.39435152,10.0897053,NA,NA,Crime Against Women,NA,NA,NA,NA,NA,2023,23
Ernakulam,Ernakulam Rural,Edathala,76.39435152,10.0897053,NA,NA,Crime Against Women,NA,NA,NA,NA,NA,2022,29
Ernakulam,Ernakulam Rural,Edathala,76.39435152,10.0897053,NA,NA,Crime Against Women,NA,NA,NA,NA,NA,2022,32
Ernakulam,Ernakulam Rural,Edathala,76.39435152,10.0897053,NA,NA,Crime Against Women,NA,NA,NA,NA,NA,2022,24
Ernakulam,Ernakulam Rural,Edathala,76.39435152,10.0897053,NA,NA,Crime Against Women,NA,NA,NA,NA,NA,2022,20
Ernakulam,Ernakulam Rural,Edathala,76.39435152,10.0897053,NA,NA,Crime Against Women,NA,NA,NA,NA,NA,2022,20
Ernakulam,Ernakulam Rural,Edathala,76.39435152,10.0897053,NA,NA,Crime Against Women,NA,NA,NA,NA,NA,2021,79
Ernakulam,Ernakulam Rural,Edathala,76.39435152,10.0897053,NA,NA,Crime Against Women,NA,NA,NA,NA,NA,2021,147
Ernakulam,Ernakulam Rural,Edathala,76.39435152,10.0897053,NA,NA,Crime Against Women,NA,NA,NA,NA,NA,2021,86
Ernakulam,Ernakulam Rural,Edathala,76.39435152,10.0897053,NA,NA,Crime Against Women,NA,NA,NA,NA,NA,2021,71
Ernakulam,Ernakulam Rural,Edathala,76.39435152,10.0897053,NA,NA,Crime Against Women,NA,NA,NA,NA,NA,2021,41
Ernakulam,Ernakulam Rural,Edathala,76.39435152,10.0897053,NA,NA,Crime Against Women,NA,NA,NA,NA,NA,2020,21
Ernakulam,Ernakulam Rural,Edathala,76.39435152,10.0897053,NA,NA,Crime Against Women,NA,NA,NA,NA,NA,2020,39
Ernakulam,Ernakulam Rural,Edathala,76.39435152,10.0897053,NA,NA,Crime Against Women,NA,NA,NA,NA,NA,2020,41
Ernakulam,Ernakulam Rural,Edathala,76.39435152,10.0897053,NA,NA,Crime Against Women,NA,NA,NA,NA,NA,2020,37
Ernakulam,Ernakulam Rural,Edathala,76.39435152,10.0897053,NA,NA,Crime Against Women,NA,NA,NA,NA,NA,2020,31
Ernakulam,Ernakulam Rural,Angamaly,76.38580562,10.19510885,NA,NA,Crime Against Women,NA,NA,NA,NA,NA,2024,27
Ernakulam,Ernakulam Rural,Angamaly,76.38580562,10.19510885,NA,NA,Crime Against Women,NA,NA,NA,NA,NA,2024,33
Ernakulam,Ernakulam Rural,Angamaly,76.38580562,10.19510885,NA,NA,Crime Against Women,NA,NA,NA,NA,NA,2024,31
Ernakulam,Ernakulam Rural,Angamaly,76.38580562,10.19510885,NA,NA,Crime Against Women,NA,NA,NA,NA,NA,2024,22
Ernakulam,Ernakulam Rural,Angamaly,76.38580562,10.19510885,NA,NA,Crime Against Women,NA,NA,NA,NA,NA,2024,7
Ernakulam,Ernakulam Rural,Angamaly,76.38580562,10.19510885,NA,NA,Crime Against Women,NA,NA,NA,NA,NA,2023,13
Ernakulam,Ernakulam Rural,Angamaly,76.38580562,10.19510885,NA,NA,Crime Against Women,NA,NA,NA,NA,NA,2023,24
Ernakulam,Ernakulam Rural,Angamaly,76.38580562,10.19510885,NA,NA,Crime Against Women,NA,NA,NA,NA,NA,2023,15
Ernakulam,Ernakulam Rural,Angamaly,76.38580562,10.19510885,NA,NA,Crime Against Women,NA,NA,NA,NA,NA,2023,0
Ernakulam,Ernakulam Rural,Angamaly,76.38580562,10.19510885,NA,NA,Crime Against Women,NA,NA,NA,NA,NA,2023,10
Ernakulam,Ernakulam Rural,Angamaly,76.38580562,10.19510885,NA,NA,Crime Against Women,NA,NA,NA,NA,NA,2022,16
Ernakulam,Ernakulam Rural,Angamaly,76.38580562,10.19510885,NA,NA,Crime Against Women,NA,NA,NA,NA,NA,2022,23
Ernakulam,Ernakulam Rural,Angamaly,76.38580562,10.19510885,NA,NA,Crime Against Women,NA,NA,NA,NA,NA,2022,34
Ernakulam,Ernakulam Rural,Angamaly,76.38580562,10.19510885,NA,NA,Crime Against Women,NA,NA,NA,NA,NA,2022,21
Ernakulam,Ernakulam Rural,Angamaly,76.38580562,10.19510885,NA,NA,Crime Against Women,NA,NA,NA,NA,NA,2022,20
Ernakulam,Ernakulam Rural,Angamaly,76.38580562,10.19510885,NA,NA,Crime Against Women,NA,NA,NA,NA,NA,2021,90
Ernakulam,Ernakulam Rural,Angamaly,76.38580562,10.19510885,NA,NA,Crime Against Women,NA,NA,NA,NA,NA,2021,107
Ernakulam,Ernakulam Rural,Angamaly,76.38580562,10.19510885,NA,NA,Crime Against Women,NA,NA,NA,NA,NA,2021,76
Ernakulam,Ernakulam Rural,Angamaly,76.38580562,10.19510885,NA,NA,Crime Against Women,NA,NA,NA,NA,NA,2021,69
Ernakulam,Ernakulam Rural,Angamaly,76.38580562,10.19510885,NA,NA,Crime Against Women,NA,NA,NA,NA,NA,2021,37
Ernakulam,Ernakulam Rural,Angamaly,76.38580562,10.19510885,NA,NA,Crime Against Women,NA,NA,NA,NA,NA,2020,17
Ernakulam,Ernakulam Rural,Angamaly,76.38580562,10.19510885,NA,NA,Crime Against Women,NA,NA,NA,NA,NA,2020,38
Ernakulam,Ernakulam Rural,Angamaly,76.38580562,10.19510885,NA,NA,Crime Against Women,NA,NA,NA,NA,NA,2020,28
Ernakulam,Ernakulam Rural,Angamaly,76.38580562,10.19510885,NA,NA,Crime Against Women,NA,NA,NA,NA,NA,2020,23
Ernakulam,Ernakulam Rural,Angamaly,76.38580562,10.19510885,NA,NA,Crime Against Women,NA,NA,NA,NA,NA,2020,15
Ernakulam,Ernakulam Rural,Chengamanadu,76.3384191,10.1519942,NA,NA,Crime Against Women,NA,NA,NA,NA,NA,2024,16
Ernakulam,Ernakulam Rural,Chengamanadu,76.3384191,10.1519942,NA,NA,Crime Against Women,NA,NA,NA,NA,NA,2024,19
Ernakulam,Ernakulam Rural,Chengamanadu,76.3384191,10.1519942,NA,NA,Crime Against Women,NA,NA,NA,NA,NA,2024,15
Ernakulam,Ernakulam Rural,Chengamanadu,76.3384191,10.1519942,NA,NA,Crime Against Women,NA,NA,NA,NA,NA,2024,7
Ernakulam,Ernakulam Rural,Chengamanadu,76.3384191,10.1519942,NA,NA,Crime Against Women,NA,NA,NA,NA,NA,2024,20
Ernakulam,Ernakulam Rural,Chengamanadu,76.3384191,10.1519942,NA,NA,Crime Against Women,NA,NA,NA,NA,NA,2023,19
Ernakulam,Ernakulam Rural,Chengamanadu,76.3384191,10.1519942,NA,NA,Crime Against Women,NA,NA,NA,NA,NA,2023,67
Ernakulam,Ernakulam Rural,Chengamanadu,76.3384191,10.1519942,NA,NA,Crime Against Women,NA,NA,NA,NA,NA,2023,38
Ernakulam,Ernakulam Rural,Chengamanadu,76.3384191,10.1519942,NA,NA,Crime Against Women,NA,NA,NA,NA,NA,2023,23
Ernakulam,Ernakulam Rural,Chengamanadu,76.3384191,10.1519942,NA,NA,Crime Against Women,NA,NA,NA,NA,NA,2023,1
Ernakulam,Ernakulam Rural,Chengamanadu,76.3384191,10.1519942,NA,NA,Crime Against Women,NA,NA,NA,NA,NA,2022,24
Ernakulam,Ernakulam Rural,Chengamanadu,76.3384191,10.1519942,NA,NA,Crime Against Women,NA,NA,NA,NA,NA,2022,31
Ernakulam,Ernakulam Rural,Chengamanadu,76.3384191,10.1519942,NA,NA,Crime Against Women,NA,NA,NA,NA,NA,2022,70
Ernakulam,Ernakulam Rural,Chengamanadu,76.3384191,10.1519942,NA,NA,Crime Against Women,NA,NA,NA,NA,NA,2022,22
Ernakulam,Ernakulam Rural,Chengamanadu,76.3384191,10.1519942,NA,NA,Crime Against Women,NA,NA,NA,NA,NA,2022,17
Ernakulam,Ernakulam Rural,Chengamanadu,76.3384191,10.1519942,NA,NA,Crime Against Women,NA,NA,NA,NA,NA,2021,52
Ernakulam,Ernakulam Rural,Chengamanadu,76.3384191,10.1519942,NA,NA,Crime Against Women,NA,NA,NA,NA,NA,2021,101
Ernakulam,Ernakulam Rural,Chengamanadu,76.3384191,10.1519942,NA,NA,Crime Against Women,NA,NA,NA,NA,NA,2021,70
Ernakulam,Ernakulam Rural,Chengamanadu,76.3384191,10.1519942,NA,NA,Crime Against Women,NA,NA,NA,NA,NA,2021,35
Ernakulam,Ernakulam Rural,Chengamanadu,76.3384191,10.1519942,NA,NA,Crime Against Women,NA,NA,NA,NA,NA,2021,5
Ernakulam,Ernakulam Rural,Chengamanadu,76.3384191,10.1519942,NA,NA,Crime Against Women,NA,NA,NA,NA,NA,2020,16
Ernakulam,Ernakulam Rural,Chengamanadu,76.3384191,10.1519942,NA,NA,Crime Against Women,NA,NA,NA,NA,NA,2020,42
Ernakulam,Ernakulam Rural,Chengamanadu,76.3384191,10.1519942,NA,NA,Crime Against Women,NA,NA,NA,NA,NA,2020,36
Ernakulam,Ernakulam Rural,Chengamanadu,76.3384191,10.1519942,NA,NA,Crime Against Women,NA,NA,NA,NA,NA,2020,12
Ernakulam,Ernakulam Rural,Chengamanadu,76.3384191,10.1519942,NA,NA,Crime Against Women,NA,NA,NA,NA,NA,2020,13
Ernakulam,Ernakulam Rural,Airport,76.39270329,10.16000399,NA,NA,Crime Against Women,NA,NA,NA,NA,NA,2024,21
Ernakulam,Ernakulam Rural,Airport,76.39270329,10.16000399,NA,NA,Crime Against Women,NA,NA,NA,NA,NA,2024,21
Ernakulam,Ernakulam Rural,Airport,76.39270329,10.16000399,NA,NA,Crime Against Women,NA,NA,NA,NA,NA,2024,13
Ernakulam,Ernakulam Rural,Airport,76.39270329,10.16000399,NA,NA,Crime Against Women,NA,NA,NA,NA,NA,2024,26
Ernakulam,Ernakulam Rural,Airport,76.39270329,10.16000399,NA,NA,Crime Against Women,NA,NA,NA,NA,NA,2024,16
Ernakulam,Ernakulam Rural,Airport,76.39270329,10.16000399,NA,NA,Crime Against Women,NA,NA,NA,NA,NA,2023,46
Ernakulam,Ernakulam Rural,Airport,76.39270329,10.16000399,NA,NA,Crime Against Women,NA,NA,NA,NA,NA,2023,167
Ernakulam,Ernakulam Rural,Airport,76.39270329,10.16000399,NA,NA,Crime Against Women,NA,NA,NA,NA,NA,2023,84
Ernakulam,Ernakulam Rural,Airport,76.39270329,10.16000399,NA,NA,Crime Against Women,NA,NA,NA,NA,NA,2023,45
Ernakulam,Ernakulam Rural,Airport,76.39270329,10.16000399,NA,NA,Crime Against Women,NA,NA,NA,NA,NA,2023,11
Ernakulam,Ernakulam Rural,Airport,76.39270329,10.16000399,NA,NA,Crime Against Women,NA,NA,NA,NA,NA,2022,18
Ernakulam,Ernakulam Rural,Airport,76.39270329,10.16000399,NA,NA,Crime Against Women,NA,NA,NA,NA,NA,2022,30
Ernakulam,Ernakulam Rural,Airport,76.39270329,10.16000399,NA,NA,Crime Against Women,NA,NA,NA,NA,NA,2022,16
Ernakulam,Ernakulam Rural,Airport,76.39270329,10.16000399,NA,NA,Crime Against Women,NA,NA,NA,NA,NA,2022,18
Ernakulam,Ernakulam Rural,Airport,76.39270329,10.16000399,NA,NA,Crime Against Women,NA,NA,NA,NA,NA,2022,11
Ernakulam,Ernakulam Rural,Airport,76.39270329,10.16000399,NA,NA,Crime Against Women,NA,NA,NA,NA,NA,2021,29
Ernakulam,Ernakulam Rural,Airport,76.39270329,10.16000399,NA,NA,Crime Against Women,NA,NA,NA,NA,NA,2021,52
Ernakulam,Ernakulam Rural,Airport,76.39270329,10.16000399,NA,NA,Crime Against Women,NA,NA,NA,NA,NA,2021,54
Ernakulam,Ernakulam Rural,Airport,76.39270329,10.16000399,NA,NA,Crime Against Women,NA,NA,NA,NA,NA,2021,45
Ernakulam,Ernakulam Rural,Airport,76.39270329,10.16000399,NA,NA,Crime Against Women,NA,NA,NA,NA,NA,2021,17
Ernakulam,Ernakulam Rural,Aluva,76.3587729,10.10286591,NA,NA,Kidnap,NA,NA,NA,NA,NA,2024,4
Ernakulam,Ernakulam Rural,Aluva,76.3587729,10.10286591,NA,NA,Kidnap,NA,NA,NA,NA,NA,2023,2
Ernakulam,Ernakulam Rural,Aluva,76.3587729,10.10286591,NA,NA,Kidnap,NA,NA,NA,NA,NA,2022,1
Ernakulam,Ernakulam Rural,Aluva,76.3587729,10.10286591,NA,NA,Kidnap,NA,NA,NA,NA,NA,2021,1
Ernakulam,Ernakulam Rural,Aluva,76.3587729,10.10286591,NA,NA,Kidnap,NA,NA,NA,NA,NA,2020,1
Ernakulam,Ernakulam Rural,Aluva,76.3587729,10.10286591,NA,NA,Kidnap,NA,NA,NA,NA,NA,2024,0
Ernakulam,Ernakulam Rural,Aluva,76.3587729,10.10286591,NA,NA,Kidnap,NA,NA,NA,NA,NA,2023,1
Ernakulam,Ernakulam Rural,Aluva,76.3587729,10.10286591,NA,NA,Kidnap,NA,NA,NA,NA,NA,2022,1
Ernakulam,Ernakulam Rural,Aluva,76.3587729,10.10286591,NA,NA,Kidnap,NA,NA,NA,NA,NA,2021,0
Ernakulam,Ernakulam Rural,Aluva,76.3587729,10.10286591,NA,NA,Kidnap,NA,NA,NA,NA,NA,2020,0
Ernakulam,Ernakulam Rural,Aluva,76.3587729,10.10286591,NA,NA,Kidnap,NA,NA,NA,NA,NA,2024,0
Ernakulam,Ernakulam Rural,Aluva,76.3587729,10.10286591,NA,NA,Kidnap,NA,NA,NA,NA,NA,2023,1
Ernakulam,Ernakulam Rural,Aluva,76.3587729,10.10286591,NA,NA,Kidnap,NA,NA,NA,NA,NA,2022,0
Ernakulam,Ernakulam Rural,Aluva,76.3587729,10.10286591,NA,NA,Kidnap,NA,NA,NA,NA,NA,2021,0
Ernakulam,Ernakulam Rural,Aluva,76.3587729,10.10286591,NA,NA,Kidnap,NA,NA,NA,NA,NA,2020,1
Ernakulam,Ernakulam Rural,Aluva,76.3587729,10.10286591,NA,NA,Kidnap,NA,NA,NA,NA,NA,2024,0
Ernakulam,Ernakulam Rural,Aluva,76.3587729,10.10286591,NA,NA,Kidnap,NA,NA,NA,NA,NA,2023,0
Ernakulam,Ernakulam Rural,Aluva,76.3587729,10.10286591,NA,NA,Kidnap,NA,NA,NA,NA,NA,2022,1
Ernakulam,Ernakulam Rural,Aluva,76.3587729,10.10286591,NA,NA,Kidnap,NA,NA,NA,NA,NA,2021,1
Ernakulam,Ernakulam Rural,Aluva,76.3587729,10.10286591,NA,NA,Kidnap,NA,NA,NA,NA,NA,2020,1
Ernakulam,Ernakulam Rural,Aluva,76.3587729,10.10286591,NA,NA,Kidnap,NA,NA,NA,NA,NA,2024,1
Ernakulam,Ernakulam Rural,Aluva,76.3587729,10.10286591,NA,NA,Kidnap,NA,NA,NA,NA,NA,2023,1
Ernakulam,Ernakulam Rural,Aluva,76.3587729,10.10286591,NA,NA,Kidnap,NA,NA,NA,NA,NA,2022,0
Ernakulam,Ernakulam Rural,Aluva,76.3587729,10.10286591,NA,NA,Kidnap,NA,NA,NA,NA,NA,2021,0
Ernakulam,Ernakulam Rural,Aluva,76.3587729,10.10286591,NA,NA,Kidnap,NA,NA,NA,NA,NA,2020,0
Ernakulam,Ernakulam Rural,Aluva West,76.30032138,10.12677759,NA,NA,Kidnap,NA,NA,NA,NA,NA,2024,0
Ernakulam,Ernakulam Rural,Aluva West,76.30032138,10.12677759,NA,NA,Kidnap,NA,NA,NA,NA,NA,2023,2
Ernakulam,Ernakulam Rural,Aluva West,76.30032138,10.12677759,NA,NA,Kidnap,NA,NA,NA,NA,NA,2022,0
Ernakulam,Ernakulam Rural,Aluva West,76.30032138,10.12677759,NA,NA,Kidnap,NA,NA,NA,NA,NA,2021,2
Ernakulam,Ernakulam Rural,Aluva West,76.30032138,10.12677759,NA,NA,Kidnap,NA,NA,NA,NA,NA,2020,0
Ernakulam,Ernakulam Rural,Aluva West,76.30032138,10.12677759,NA,NA,Kidnap,NA,NA,NA,NA,NA,2024,0
Ernakulam,Ernakulam Rural,Aluva West,76.30032138,10.12677759,NA,NA,Kidnap,NA,NA,NA,NA,NA,2023,1
Ernakulam,Ernakulam Rural,Aluva West,76.30032138,10.12677759,NA,NA,Kidnap,NA,NA,NA,NA,NA,2022,1
Ernakulam,Ernakulam Rural,Aluva West,76.30032138,10.12677759,NA,NA,Kidnap,NA,NA,NA,NA,NA,2021,0
Ernakulam,Ernakulam Rural,Aluva West,76.30032138,10.12677759,NA,NA,Kidnap,NA,NA,NA,NA,NA,2020,1
Ernakulam,Ernakulam Rural,Aluva West,76.30032138,10.12677759,NA,NA,Kidnap,NA,NA,NA,NA,NA,2024,0
Ernakulam,Ernakulam Rural,Aluva West,76.30032138,10.12677759,NA,NA,Kidnap,NA,NA,NA,NA,NA,2023,0
Ernakulam,Ernakulam Rural,Aluva West,76.30032138,10.12677759,NA,NA,Kidnap,NA,NA,NA,NA,NA,2022,1
Ernakulam,Ernakulam Rural,Aluva West,76.30032138,10.12677759,NA,NA,Kidnap,NA,NA,NA,NA,NA,2021,2
Ernakulam,Ernakulam Rural,Aluva West,76.30032138,10.12677759,NA,NA,Kidnap,NA,NA,NA,NA,NA,2020,0
Ernakulam,Ernakulam Rural,Aluva West,76.30032138,10.12677759,NA,NA,Kidnap,NA,NA,NA,NA,NA,2024,1
Ernakulam,Ernakulam Rural,Aluva West,76.30032138,10.12677759,NA,NA,Kidnap,NA,NA,NA,NA,NA,2023,0
Ernakulam,Ernakulam Rural,Aluva West,76.30032138,10.12677759,NA,NA,Kidnap,NA,NA,NA,NA,NA,2022,0
Ernakulam,Ernakulam Rural,Aluva West,76.30032138,10.12677759,NA,NA,Kidnap,NA,NA,NA,NA,NA,2021,0
Ernakulam,Ernakulam Rural,Aluva West,76.30032138,10.12677759,NA,NA,Kidnap,NA,NA,NA,NA,NA,2020,1
Ernakulam,Ernakulam Rural,Aluva West,76.30032138,10.12677759,NA,NA,Kidnap,NA,NA,NA,NA,NA,2024,2
Ernakulam,Ernakulam Rural,Aluva West,76.30032138,10.12677759,NA,NA,Kidnap,NA,NA,NA,NA,NA,2023,3
Ernakulam,Ernakulam Rural,Aluva West,76.30032138,10.12677759,NA,NA,Kidnap,NA,NA,NA,NA,NA,2022,3
Ernakulam,Ernakulam Rural,Aluva West,76.30032138,10.12677759,NA,NA,Kidnap,NA,NA,NA,NA,NA,2021,0
Ernakulam,Ernakulam Rural,Aluva West,76.30032138,10.12677759,NA,NA,Kidnap,NA,NA,NA,NA,NA,2020,0
Ernakulam,Ernakulam Rural,Binanipuram,76.32073789,10.09614916,NA,NA,Kidnap,NA,NA,NA,NA,NA,2024,0
Ernakulam,Ernakulam Rural,Binanipuram,76.32073789,10.09614916,NA,NA,Kidnap,NA,NA,NA,NA,NA,2023,1
Ernakulam,Ernakulam Rural,Binanipuram,76.32073789,10.09614916,NA,NA,Kidnap,NA,NA,NA,NA,NA,2022,1
Ernakulam,Ernakulam Rural,Binanipuram,76.32073789,10.09614916,NA,NA,Kidnap,NA,NA,NA,NA,NA,2021,0
Ernakulam,Ernakulam Rural,Binanipuram,76.32073789,10.09614916,NA,NA,Kidnap,NA,NA,NA,NA,NA,2020,2
Ernakulam,Ernakulam Rural,Binanipuram,76.32073789,10.09614916,NA,NA,Kidnap,NA,NA,NA,NA,NA,2024,3
Ernakulam,Ernakulam Rural,Binanipuram,76.32073789,10.09614916,NA,NA,Kidnap,NA,NA,NA,NA,NA,2023,1
Ernakulam,Ernakulam Rural,Binanipuram,76.32073789,10.09614916,NA,NA,Kidnap,NA,NA,NA,NA,NA,2022,4
Ernakulam,Ernakulam Rural,Binanipuram,76.32073789,10.09614916,NA,NA,Kidnap,NA,NA,NA,NA,NA,2021,5
Ernakulam,Ernakulam Rural,Binanipuram,76.32073789,10.09614916,NA,NA,Kidnap,NA,NA,NA,NA,NA,2020,0
Ernakulam,Ernakulam Rural,Binanipuram,76.32073789,10.09614916,NA,NA,Kidnap,NA,NA,NA,NA,NA,2024,2
Ernakulam,Ernakulam Rural,Binanipuram,76.32073789,10.09614916,NA,NA,Kidnap,NA,NA,NA,NA,NA,2023,1
Ernakulam,Ernakulam Rural,Binanipuram,76.32073789,10.09614916,NA,NA,Kidnap,NA,NA,NA,NA,NA,2022,1
Ernakulam,Ernakulam Rural,Binanipuram,76.32073789,10.09614916,NA,NA,Kidnap,NA,NA,NA,NA,NA,2021,1
Ernakulam,Ernakulam Rural,Binanipuram,76.32073789,10.09614916,NA,NA,Kidnap,NA,NA,NA,NA,NA,2020,0
Ernakulam,Ernakulam Rural,Binanipuram,76.32073789,10.09614916,NA,NA,Kidnap,NA,NA,NA,NA,NA,2024,3
Ernakulam,Ernakulam Rural,Binanipuram,76.32073789,10.09614916,NA,NA,Kidnap,NA,NA,NA,NA,NA,2023,6
Ernakulam,Ernakulam Rural,Binanipuram,76.32073789,10.09614916,NA,NA,Kidnap,NA,NA,NA,NA,NA,2022,2
Ernakulam,Ernakulam Rural,Binanipuram,76.32073789,10.09614916,NA,NA,Kidnap,NA,NA,NA,NA,NA,2021,6
Ernakulam,Ernakulam Rural,Binanipuram,76.32073789,10.09614916,NA,NA,Kidnap,NA,NA,NA,NA,NA,2020,4
Ernakulam,Ernakulam Rural,Binanipuram,76.32073789,10.09614916,NA,NA,Kidnap,NA,NA,NA,NA,NA,2024,0
Ernakulam,Ernakulam Rural,Binanipuram,76.32073789,10.09614916,NA,NA,Kidnap,NA,NA,NA,NA,NA,2023,0
Ernakulam,Ernakulam Rural,Binanipuram,76.32073789,10.09614916,NA,NA,Kidnap,NA,NA,NA,NA,NA,2022,0
Ernakulam,Ernakulam Rural,Binanipuram,76.32073789,10.09614916,NA,NA,Kidnap,NA,NA,NA,NA,NA,2021,0
Ernakulam,Ernakulam Rural,Binanipuram,76.32073789,10.09614916,NA,NA,Kidnap,NA,NA,NA,NA,NA,2020,1
Ernakulam,Ernakulam Rural,Edathala,76.39435152,10.0897053,NA,NA,Kidnap,NA,NA,NA,NA,NA,2024,0
Ernakulam,Ernakulam Rural,Edathala,76.39435152,10.0897053,NA,NA,Kidnap,NA,NA,NA,NA,NA,2023,0
Ernakulam,Ernakulam Rural,Edathala,76.39435152,10.0897053,NA,NA,Kidnap,NA,NA,NA,NA,NA,2022,1
Ernakulam,Ernakulam Rural,Edathala,76.39435152,10.0897053,NA,NA,Kidnap,NA,NA,NA,NA,NA,2021,3
Ernakulam,Ernakulam Rural,Edathala,76.39435152,10.0897053,NA,NA,Kidnap,NA,NA,NA,NA,NA,2020,1
Ernakulam,Ernakulam Rural,Edathala,76.39435152,10.0897053,NA,NA,Kidnap,NA,NA,NA,NA,NA,2024,0
Ernakulam,Ernakulam Rural,Edathala,76.39435152,10.0897053,NA,NA,Kidnap,NA,NA,NA,NA,NA,2023,0
Ernakulam,Ernakulam Rural,Edathala,76.39435152,10.0897053,NA,NA,Kidnap,NA,NA,NA,NA,NA,2022,0
Ernakulam,Ernakulam Rural,Edathala,76.39435152,10.0897053,NA,NA,Kidnap,NA,NA,NA,NA,NA,2021,0
Ernakulam,Ernakulam Rural,Edathala,76.39435152,10.0897053,NA,NA,Kidnap,NA,NA,NA,NA,NA,2020,1
Ernakulam,Ernakulam Rural,Edathala,76.39435152,10.0897053,NA,NA,Kidnap,NA,NA,NA,NA,NA,2024,0
Ernakulam,Ernakulam Rural,Edathala,76.39435152,10.0897053,NA,NA,Kidnap,NA,NA,NA,NA,NA,2023,1
Ernakulam,Ernakulam Rural,Edathala,76.39435152,10.0897053,NA,NA,Kidnap,NA,NA,NA,NA,NA,2022,2
Ernakulam,Ernakulam Rural,Edathala,76.39435152,10.0897053,NA,NA,Kidnap,NA,NA,NA,NA,NA,2021,1
Ernakulam,Ernakulam Rural,Edathala,76.39435152,10.0897053,NA,NA,Kidnap,NA,NA,NA,NA,NA,2020,1
Ernakulam,Ernakulam Rural,Edathala,76.39435152,10.0897053,NA,NA,Kidnap,NA,NA,NA,NA,NA,2024,0
Ernakulam,Ernakulam Rural,Edathala,76.39435152,10.0897053,NA,NA,Kidnap,NA,NA,NA,NA,NA,2023,0
Ernakulam,Ernakulam Rural,Edathala,76.39435152,10.0897053,NA,NA,Kidnap,NA,NA,NA,NA,NA,2022,1
Ernakulam,Ernakulam Rural,Edathala,76.39435152,10.0897053,NA,NA,Kidnap,NA,NA,NA,NA,NA,2021,0
Ernakulam,Ernakulam Rural,Edathala,76.39435152,10.0897053,NA,NA,Kidnap,NA,NA,NA,NA,NA,2020,0
Ernakulam,Ernakulam Rural,Edathala,76.39435152,10.0897053,NA,NA,Kidnap,NA,NA,NA,NA,NA,2024,0
Ernakulam,Ernakulam Rural,Edathala,76.39435152,10.0897053,NA,NA,Kidnap,NA,NA,NA,NA,NA,2023,0
Ernakulam,Ernakulam Rural,Edathala,76.39435152,10.0897053,NA,NA,Kidnap,NA,NA,NA,NA,NA,2022,1
Ernakulam,Ernakulam Rural,Edathala,76.39435152,10.0897053,NA,NA,Kidnap,NA,NA,NA,NA,NA,2021,1
Ernakulam,Ernakulam Rural,Edathala,76.39435152,10.0897053,NA,NA,Kidnap,NA,NA,NA,NA,NA,2020,1
Ernakulam,Ernakulam Rural,Angamaly,76.38580562,10.19510885,NA,NA,Kidnap,NA,NA,NA,NA,NA,2024,0
Ernakulam,Ernakulam Rural,Angamaly,76.38580562,10.19510885,NA,NA,Kidnap,NA,NA,NA,NA,NA,2023,0
Ernakulam,Ernakulam Rural,Angamaly,76.38580562,10.19510885,NA,NA,Kidnap,NA,NA,NA,NA,NA,2022,0
Ernakulam,Ernakulam Rural,Angamaly,76.38580562,10.19510885,NA,NA,Kidnap,NA,NA,NA,NA,NA,2021,1
Ernakulam,Ernakulam Rural,Angamaly,76.38580562,10.19510885,NA,NA,Kidnap,NA,NA,NA,NA,NA,2020,0
Ernakulam,Ernakulam Rural,Angamaly,76.38580562,10.19510885,NA,NA,Kidnap,NA,NA,NA,NA,NA,2024,1
Ernakulam,Ernakulam Rural,Angamaly,76.38580562,10.19510885,NA,NA,Kidnap,NA,NA,NA,NA,NA,2023,0
Ernakulam,Ernakulam Rural,Angamaly,76.38580562,10.19510885,NA,NA,Kidnap,NA,NA,NA,NA,NA,2022,2
Ernakulam,Ernakulam Rural,Angamaly,76.38580562,10.19510885,NA,NA,Kidnap,NA,NA,NA,NA,NA,2021,2
Ernakulam,Ernakulam Rural,Angamaly,76.38580562,10.19510885,NA,NA,Kidnap,NA,NA,NA,NA,NA,2020,3
Ernakulam,Ernakulam Rural,Angamaly,76.38580562,10.19510885,NA,NA,Kidnap,NA,NA,NA,NA,NA,2024,0
Ernakulam,Ernakulam Rural,Angamaly,76.38580562,10.19510885,NA,NA,Kidnap,NA,NA,NA,NA,NA,2023,0
Ernakulam,Ernakulam Rural,Angamaly,76.38580562,10.19510885,NA,NA,Kidnap,NA,NA,NA,NA,NA,2022,1
Ernakulam,Ernakulam Rural,Angamaly,76.38580562,10.19510885,NA,NA,Kidnap,NA,NA,NA,NA,NA,2021,0
Ernakulam,Ernakulam Rural,Angamaly,76.38580562,10.19510885,NA,NA,Kidnap,NA,NA,NA,NA,NA,2020,0
Ernakulam,Ernakulam Rural,Angamaly,76.38580562,10.19510885,NA,NA,Kidnap,NA,NA,NA,NA,NA,2024,4
Ernakulam,Ernakulam Rural,Angamaly,76.38580562,10.19510885,NA,NA,Kidnap,NA,NA,NA,NA,NA,2023,2
Ernakulam,Ernakulam Rural,Angamaly,76.38580562,10.19510885,NA,NA,Kidnap,NA,NA,NA,NA,NA,2022,3
Ernakulam,Ernakulam Rural,Angamaly,76.38580562,10.19510885,NA,NA,Kidnap,NA,NA,NA,NA,NA,2021,0
Ernakulam,Ernakulam Rural,Angamaly,76.38580562,10.19510885,NA,NA,Kidnap,NA,NA,NA,NA,NA,2020,0
Ernakulam,Ernakulam Rural,Angamaly,76.38580562,10.19510885,NA,NA,Kidnap,NA,NA,NA,NA,NA,2024,0
Ernakulam,Ernakulam Rural,Angamaly,76.38580562,10.19510885,NA,NA,Kidnap,NA,NA,NA,NA,NA,2023,0
Ernakulam,Ernakulam Rural,Angamaly,76.38580562,10.19510885,NA,NA,Kidnap,NA,NA,NA,NA,NA,2022,0
Ernakulam,Ernakulam Rural,Angamaly,76.38580562,10.19510885,NA,NA,Kidnap,NA,NA,NA,NA,NA,2021,2
Ernakulam,Ernakulam Rural,Angamaly,76.38580562,10.19510885,NA,NA,Kidnap,NA,NA,NA,NA,NA,2020,0
Ernakulam,Ernakulam Rural,Chengamanadu,76.3384191,10.1519942,NA,NA,Kidnap,NA,NA,NA,NA,NA,2024,0
Ernakulam,Ernakulam Rural,Chengamanadu,76.3384191,10.1519942,NA,NA,Kidnap,NA,NA,NA,NA,NA,2023,0
Ernakulam,Ernakulam Rural,Chengamanadu,76.3384191,10.1519942,NA,NA,Kidnap,NA,NA,NA,NA,NA,2022,0
Ernakulam,Ernakulam Rural,Chengamanadu,76.3384191,10.1519942,NA,NA,Kidnap,NA,NA,NA,NA,NA,2021,0
Ernakulam,Ernakulam Rural,Chengamanadu,76.3384191,10.1519942,NA,NA,Kidnap,NA,NA,NA,NA,NA,2020,1
Ernakulam,Ernakulam Rural,Chengamanadu,76.3384191,10.1519942,NA,NA,Kidnap,NA,NA,NA,NA,NA,2024,1
Ernakulam,Ernakulam Rural,Chengamanadu,76.3384191,10.1519942,NA,NA,Kidnap,NA,NA,NA,NA,NA,2023,0
Ernakulam,Ernakulam Rural,Chengamanadu,76.3384191,10.1519942,NA,NA,Kidnap,NA,NA,NA,NA,NA,2022,0
Ernakulam,Ernakulam Rural,Chengamanadu,76.3384191,10.1519942,NA,NA,Kidnap,NA,NA,NA,NA,NA,2021,0
Ernakulam,Ernakulam Rural,Chengamanadu,76.3384191,10.1519942,NA,NA,Kidnap,NA,NA,NA,NA,NA,2020,1
Ernakulam,Ernakulam Rural,Chengamanadu,76.3384191,10.1519942,NA,NA,Kidnap,NA,NA,NA,NA,NA,2024,1
Ernakulam,Ernakulam Rural,Chengamanadu,76.3384191,10.1519942,NA,NA,Kidnap,NA,NA,NA,NA,NA,2023,0
Ernakulam,Ernakulam Rural,Chengamanadu,76.3384191,10.1519942,NA,NA,Kidnap,NA,NA,NA,NA,NA,2022,1
Ernakulam,Ernakulam Rural,Chengamanadu,76.3384191,10.1519942,NA,NA,Kidnap,NA,NA,NA,NA,NA,2021,0
Ernakulam,Ernakulam Rural,Chengamanadu,76.3384191,10.1519942,NA,NA,Kidnap,NA,NA,NA,NA,NA,2020,0
Ernakulam,Ernakulam Rural,Chengamanadu,76.3384191,10.1519942,NA,NA,Kidnap,NA,NA,NA,NA,NA,2024,1
Ernakulam,Ernakulam Rural,Chengamanadu,76.3384191,10.1519942,NA,NA,Kidnap,NA,NA,NA,NA,NA,2023,0
Ernakulam,Ernakulam Rural,Chengamanadu,76.3384191,10.1519942,NA,NA,Kidnap,NA,NA,NA,NA,NA,2022,2
Ernakulam,Ernakulam Rural,Chengamanadu,76.3384191,10.1519942,NA,NA,Kidnap,NA,NA,NA,NA,NA,2021,1
Ernakulam,Ernakulam Rural,Chengamanadu,76.3384191,10.1519942,NA,NA,Kidnap,NA,NA,NA,NA,NA,2020,1
Ernakulam,Ernakulam Rural,Chengamanadu,76.3384191,10.1519942,NA,NA,Kidnap,NA,NA,NA,NA,NA,2024,1
Ernakulam,Ernakulam Rural,Chengamanadu,76.3384191,10.1519942,NA,NA,Kidnap,NA,NA,NA,NA,NA,2023,0
Ernakulam,Ernakulam Rural,Chengamanadu,76.3384191,10.1519942,NA,NA,Kidnap,NA,NA,NA,NA,NA,2022,0
Ernakulam,Ernakulam Rural,Chengamanadu,76.3384191,10.1519942,NA,NA,Kidnap,NA,NA,NA,NA,NA,2021,0
Ernakulam,Ernakulam Rural,Chengamanadu,76.3384191,10.1519942,NA,NA,Kidnap,NA,NA,NA,NA,NA,2020,1
Ernakulam,Ernakulam Rural,Airport,76.39270329,10.16000399,NA,NA,Kidnap,NA,NA,NA,NA,NA,2024,0
Ernakulam,Ernakulam Rural,Airport,76.39270329,10.16000399,NA,NA,Kidnap,NA,NA,NA,NA,NA,2023,0
Ernakulam,Ernakulam Rural,Airport,76.39270329,10.16000399,NA,NA,Kidnap,NA,NA,NA,NA,NA,2022,0
Ernakulam,Ernakulam Rural,Airport,76.39270329,10.16000399,NA,NA,Kidnap,NA,NA,NA,NA,NA,2021,0
Ernakulam,Ernakulam Rural,Airport,76.39270329,10.16000399,NA,NA,Kidnap,NA,NA,NA,NA,NA,2020,0
Ernakulam,Ernakulam Rural,Airport,76.39270329,10.16000399,NA,NA,Kidnap,NA,NA,NA,NA,NA,2024,1
Ernakulam,Ernakulam Rural,Airport,76.39270329,10.16000399,NA,NA,Kidnap,NA,NA,NA,NA,NA,2023,0
Ernakulam,Ernakulam Rural,Airport,76.39270329,10.16000399,NA,NA,Kidnap,NA,NA,NA,NA,NA,2022,0
Ernakulam,Ernakulam Rural,Airport,76.39270329,10.16000399,NA,NA,Kidnap,NA,NA,NA,NA,NA,2021,0
Ernakulam,Ernakulam Rural,Airport,76.39270329,10.16000399,NA,NA,Kidnap,NA,NA,NA,NA,NA,2020,2
Ernakulam,Ernakulam Rural,Airport,76.39270329,10.16000399,NA,NA,Kidnap,NA,NA,NA,NA,NA,2024,0
Ernakulam,Ernakulam Rural,Airport,76.39270329,10.16000399,NA,NA,Kidnap,NA,NA,NA,NA,NA,2023,1
Ernakulam,Ernakulam Rural,Airport,76.39270329,10.16000399,NA,NA,Kidnap,NA,NA,NA,NA,NA,2022,2
Ernakulam,Ernakulam Rural,Airport,76.39270329,10.16000399,NA,NA,Kidnap,NA,NA,NA,NA,NA,2021,1
Ernakulam,Ernakulam Rural,Airport,76.39270329,10.16000399,NA,NA,Kidnap,NA,NA,NA,NA,NA,2020,0
Ernakulam,Ernakulam Rural,Airport,76.39270329,10.16000399,NA,NA,Kidnap,NA,NA,NA,NA,NA,2024,0
Ernakulam,Ernakulam Rural,Airport,76.39270329,10.16000399,NA,NA,Kidnap,NA,NA,NA,NA,NA,2023,0
Ernakulam,Ernakulam Rural,Airport,76.39270329,10.16000399,NA,NA,Kidnap,NA,NA,NA,NA,NA,2022,0
Ernakulam,Ernakulam Rural,Airport,76.39270329,10.16000399,NA,NA,Kidnap,NA,NA,NA,NA,NA,2021,0
Ernakulam,Ernakulam Rural,Airport,76.39270329,10.16000399,NA,NA,Kidnap,NA,NA,NA,NA,NA,2020,0
Ernakulam,Ernakulam Rural,Aluva,76.3587729,10.10286591,NA,NA,Murder,NA,NA,NA,NA,NA,2024,1
Ernakulam,Ernakulam Rural,Aluva,76.3587729,10.10286591,NA,NA,Murder,NA,NA,NA,NA,NA,2024,2
Ernakulam,Ernakulam Rural,Aluva,76.3587729,10.10286591,NA,NA,Murder,NA,NA,NA,NA,NA,2024,5
Ernakulam,Ernakulam Rural,Aluva,76.3587729,10.10286591,NA,NA,Murder,NA,NA,NA,NA,NA,2024,1
Ernakulam,Ernakulam Rural,Aluva,76.3587729,10.10286591,NA,NA,Murder,NA,NA,NA,NA,NA,2024,1
Ernakulam,Ernakulam Rural,Aluva,76.3587729,10.10286591,NA,NA,Murder,NA,NA,NA,NA,NA,2023,0
Ernakulam,Ernakulam Rural,Aluva,76.3587729,10.10286591,NA,NA,Murder,NA,NA,NA,NA,NA,2023,1
Ernakulam,Ernakulam Rural,Aluva,76.3587729,10.10286591,NA,NA,Murder,NA,NA,NA,NA,NA,2023,1
Ernakulam,Ernakulam Rural,Aluva,76.3587729,10.10286591,NA,NA,Murder,NA,NA,NA,NA,NA,2023,1
Ernakulam,Ernakulam Rural,Aluva,76.3587729,10.10286591,NA,NA,Murder,NA,NA,NA,NA,NA,2023,1
Ernakulam,Ernakulam Rural,Aluva,76.3587729,10.10286591,NA,NA,Murder,NA,NA,NA,NA,NA,2022,1
Ernakulam,Ernakulam Rural,Aluva,76.3587729,10.10286591,NA,NA,Murder,NA,NA,NA,NA,NA,2022,0
Ernakulam,Ernakulam Rural,Aluva,76.3587729,10.10286591,NA,NA,Murder,NA,NA,NA,NA,NA,2022,0
Ernakulam,Ernakulam Rural,Aluva,76.3587729,10.10286591,NA,NA,Murder,NA,NA,NA,NA,NA,2022,0
Ernakulam,Ernakulam Rural,Aluva,76.3587729,10.10286591,NA,NA,Murder,NA,NA,NA,NA,NA,2022,0
Ernakulam,Ernakulam Rural,Aluva,76.3587729,10.10286591,NA,NA,Murder,NA,NA,NA,NA,NA,2021,1
Ernakulam,Ernakulam Rural,Aluva,76.3587729,10.10286591,NA,NA,Murder,NA,NA,NA,NA,NA,2021,3
Ernakulam,Ernakulam Rural,Aluva,76.3587729,10.10286591,NA,NA,Murder,NA,NA,NA,NA,NA,2021,0
Ernakulam,Ernakulam Rural,Aluva,76.3587729,10.10286591,NA,NA,Murder,NA,NA,NA,NA,NA,2021,0
Ernakulam,Ernakulam Rural,Aluva,76.3587729,10.10286591,NA,NA,Murder,NA,NA,NA,NA,NA,2021,0
Ernakulam,Ernakulam Rural,Aluva,76.3587729,10.10286591,NA,NA,Murder,NA,NA,NA,NA,NA,2020,6
Ernakulam,Ernakulam Rural,Aluva,76.3587729,10.10286591,NA,NA,Murder,NA,NA,NA,NA,NA,2020,2
Ernakulam,Ernakulam Rural,Aluva,76.3587729,10.10286591,NA,NA,Murder,NA,NA,NA,NA,NA,2020,1
Ernakulam,Ernakulam Rural,Aluva,76.3587729,10.10286591,NA,NA,Murder,NA,NA,NA,NA,NA,2020,2
Ernakulam,Ernakulam Rural,Aluva,76.3587729,10.10286591,NA,NA,Murder,NA,NA,NA,NA,NA,2020,3
Ernakulam,Ernakulam Rural,Aluva West,76.30032138,10.12677759,NA,NA,Murder,NA,NA,NA,NA,NA,2024,1
Ernakulam,Ernakulam Rural,Aluva West,76.30032138,10.12677759,NA,NA,Murder,NA,NA,NA,NA,NA,2024,0
Ernakulam,Ernakulam Rural,Aluva West,76.30032138,10.12677759,NA,NA,Murder,NA,NA,NA,NA,NA,2024,1
Ernakulam,Ernakulam Rural,Aluva West,76.30032138,10.12677759,NA,NA,Murder,NA,NA,NA,NA,NA,2024,1
Ernakulam,Ernakulam Rural,Aluva West,76.30032138,10.12677759,NA,NA,Murder,NA,NA,NA,NA,NA,2024,1
Ernakulam,Ernakulam Rural,Aluva West,76.30032138,10.12677759,NA,NA,Murder,NA,NA,NA,NA,NA,2023,2
Ernakulam,Ernakulam Rural,Aluva West,76.30032138,10.12677759,NA,NA,Murder,NA,NA,NA,NA,NA,2023,0
Ernakulam,Ernakulam Rural,Aluva West,76.30032138,10.12677759,NA,NA,Murder,NA,NA,NA,NA,NA,2023,2
Ernakulam,Ernakulam Rural,Aluva West,76.30032138,10.12677759,NA,NA,Murder,NA,NA,NA,NA,NA,2023,2
Ernakulam,Ernakulam Rural,Aluva West,76.30032138,10.12677759,NA,NA,Murder,NA,NA,NA,NA,NA,2023,1
Ernakulam,Ernakulam Rural,Aluva West,76.30032138,10.12677759,NA,NA,Murder,NA,NA,NA,NA,NA,2022,1
Ernakulam,Ernakulam Rural,Aluva West,76.30032138,10.12677759,NA,NA,Murder,NA,NA,NA,NA,NA,2022,1
Ernakulam,Ernakulam Rural,Aluva West,76.30032138,10.12677759,NA,NA,Murder,NA,NA,NA,NA,NA,2022,2
Ernakulam,Ernakulam Rural,Aluva West,76.30032138,10.12677759,NA,NA,Murder,NA,NA,NA,NA,NA,2022,1
Ernakulam,Ernakulam Rural,Aluva West,76.30032138,10.12677759,NA,NA,Murder,NA,NA,NA,NA,NA,2022,0
Ernakulam,Ernakulam Rural,Aluva West,76.30032138,10.12677759,NA,NA,Murder,NA,NA,NA,NA,NA,2021,1
Ernakulam,Ernakulam Rural,Aluva West,76.30032138,10.12677759,NA,NA,Murder,NA,NA,NA,NA,NA,2021,2
Ernakulam,Ernakulam Rural,Aluva West,76.30032138,10.12677759,NA,NA,Murder,NA,NA,NA,NA,NA,2021,0
Ernakulam,Ernakulam Rural,Aluva West,76.30032138,10.12677759,NA,NA,Murder,NA,NA,NA,NA,NA,2021,1
Ernakulam,Ernakulam Rural,Aluva West,76.30032138,10.12677759,NA,NA,Murder,NA,NA,NA,NA,NA,2021,0
Ernakulam,Ernakulam Rural,Aluva West,76.30032138,10.12677759,NA,NA,Murder,NA,NA,NA,NA,NA,2020,1
Ernakulam,Ernakulam Rural,Aluva West,76.30032138,10.12677759,NA,NA,Murder,NA,NA,NA,NA,NA,2020,0
Ernakulam,Ernakulam Rural,Aluva West,76.30032138,10.12677759,NA,NA,Murder,NA,NA,NA,NA,NA,2020,0
Ernakulam,Ernakulam Rural,Aluva West,76.30032138,10.12677759,NA,NA,Murder,NA,NA,NA,NA,NA,2020,0
Ernakulam,Ernakulam Rural,Aluva West,76.30032138,10.12677759,NA,NA,Murder,NA,NA,NA,NA,NA,2020,0
Ernakulam,Ernakulam Rural,Binanipuram,76.32073789,10.09614916,NA,NA,Murder,NA,NA,NA,NA,NA,2024,1
Ernakulam,Ernakulam Rural,Binanipuram,76.32073789,10.09614916,NA,NA,Murder,NA,NA,NA,NA,NA,2024,3
Ernakulam,Ernakulam Rural,Binanipuram,76.32073789,10.09614916,NA,NA,Murder,NA,NA,NA,NA,NA,2024,3
Ernakulam,Ernakulam Rural,Binanipuram,76.32073789,10.09614916,NA,NA,Murder,NA,NA,NA,NA,NA,2024,2
Ernakulam,Ernakulam Rural,Binanipuram,76.32073789,10.09614916,NA,NA,Murder,NA,NA,NA,NA,NA,2024,0
Ernakulam,Ernakulam Rural,Binanipuram,76.32073789,10.09614916,NA,NA,Murder,NA,NA,NA,NA,NA,2023,1
Ernakulam,Ernakulam Rural,Binanipuram,76.32073789,10.09614916,NA,NA,Murder,NA,NA,NA,NA,NA,2023,4
Ernakulam,Ernakulam Rural,Binanipuram,76.32073789,10.09614916,NA,NA,Murder,NA,NA,NA,NA,NA,2023,0
Ernakulam,Ernakulam Rural,Binanipuram,76.32073789,10.09614916,NA,NA,Murder,NA,NA,NA,NA,NA,2023,0
Ernakulam,Ernakulam Rural,Binanipuram,76.32073789,10.09614916,NA,NA,Murder,NA,NA,NA,NA,NA,2023,1
Ernakulam,Ernakulam Rural,Binanipuram,76.32073789,10.09614916,NA,NA,Murder,NA,NA,NA,NA,NA,2022,0
Ernakulam,Ernakulam Rural,Binanipuram,76.32073789,10.09614916,NA,NA,Murder,NA,NA,NA,NA,NA,2022,1
Ernakulam,Ernakulam Rural,Binanipuram,76.32073789,10.09614916,NA,NA,Murder,NA,NA,NA,NA,NA,2022,1
Ernakulam,Ernakulam Rural,Binanipuram,76.32073789,10.09614916,NA,NA,Murder,NA,NA,NA,NA,NA,2022,1
Ernakulam,Ernakulam Rural,Binanipuram,76.32073789,10.09614916,NA,NA,Murder,NA,NA,NA,NA,NA,2022,2
Ernakulam,Ernakulam Rural,Binanipuram,76.32073789,10.09614916,NA,NA,Murder,NA,NA,NA,NA,NA,2021,2
Ernakulam,Ernakulam Rural,Binanipuram,76.32073789,10.09614916,NA,NA,Murder,NA,NA,NA,NA,NA,2021,2
Ernakulam,Ernakulam Rural,Binanipuram,76.32073789,10.09614916,NA,NA,Murder,NA,NA,NA,NA,NA,2021,1
Ernakulam,Ernakulam Rural,Binanipuram,76.32073789,10.09614916,NA,NA,Murder,NA,NA,NA,NA,NA,2021,1
Ernakulam,Ernakulam Rural,Binanipuram,76.32073789,10.09614916,NA,NA,Murder,NA,NA,NA,NA,NA,2021,2
Ernakulam,Ernakulam Rural,Binanipuram,76.32073789,10.09614916,NA,NA,Murder,NA,NA,NA,NA,NA,2020,0
Ernakulam,Ernakulam Rural,Binanipuram,76.32073789,10.09614916,NA,NA,Murder,NA,NA,NA,NA,NA,2020,1
Ernakulam,Ernakulam Rural,Binanipuram,76.32073789,10.09614916,NA,NA,Murder,NA,NA,NA,NA,NA,2020,0
Ernakulam,Ernakulam Rural,Binanipuram,76.32073789,10.09614916,NA,NA,Murder,NA,NA,NA,NA,NA,2020,0
Ernakulam,Ernakulam Rural,Binanipuram,76.32073789,10.09614916,NA,NA,Murder,NA,NA,NA,NA,NA,2020,0
Ernakulam,Ernakulam Rural,Edathala,76.39435152,10.0897053,NA,NA,Murder,NA,NA,NA,NA,NA,2024,0
Ernakulam,Ernakulam Rural,Edathala,76.39435152,10.0897053,NA,NA,Murder,NA,NA,NA,NA,NA,2024,6
Ernakulam,Ernakulam Rural,Edathala,76.39435152,10.0897053,NA,NA,Murder,NA,NA,NA,NA,NA,2024,2
Ernakulam,Ernakulam Rural,Edathala,76.39435152,10.0897053,NA,NA,Murder,NA,NA,NA,NA,NA,2024,1
Ernakulam,Ernakulam Rural,Edathala,76.39435152,10.0897053,NA,NA,Murder,NA,NA,NA,NA,NA,2024,2
Ernakulam,Ernakulam Rural,Edathala,76.39435152,10.0897053,NA,NA,Murder,NA,NA,NA,NA,NA,2023,0
Ernakulam,Ernakulam Rural,Edathala,76.39435152,10.0897053,NA,NA,Murder,NA,NA,NA,NA,NA,2023,0
Ernakulam,Ernakulam Rural,Edathala,76.39435152,10.0897053,NA,NA,Murder,NA,NA,NA,NA,NA,2023,0
Ernakulam,Ernakulam Rural,Edathala,76.39435152,10.0897053,NA,NA,Murder,NA,NA,NA,NA,NA,2023,0
Ernakulam,Ernakulam Rural,Edathala,76.39435152,10.0897053,NA,NA,Murder,NA,NA,NA,NA,NA,2023,0
Ernakulam,Ernakulam Rural,Edathala,76.39435152,10.0897053,NA,NA,Murder,NA,NA,NA,NA,NA,2022,2
Ernakulam,Ernakulam Rural,Edathala,76.39435152,10.0897053,NA,NA,Murder,NA,NA,NA,NA,NA,2022,3
Ernakulam,Ernakulam Rural,Edathala,76.39435152,10.0897053,NA,NA,Murder,NA,NA,NA,NA,NA,2022,1
Ernakulam,Ernakulam Rural,Edathala,76.39435152,10.0897053,NA,NA,Murder,NA,NA,NA,NA,NA,2022,0
Ernakulam,Ernakulam Rural,Edathala,76.39435152,10.0897053,NA,NA,Murder,NA,NA,NA,NA,NA,2022,1
Ernakulam,Ernakulam Rural,Edathala,76.39435152,10.0897053,NA,NA,Murder,NA,NA,NA,NA,NA,2021,0
Ernakulam,Ernakulam Rural,Edathala,76.39435152,10.0897053,NA,NA,Murder,NA,NA,NA,NA,NA,2021,0
Ernakulam,Ernakulam Rural,Edathala,76.39435152,10.0897053,NA,NA,Murder,NA,NA,NA,NA,NA,2021,1
Ernakulam,Ernakulam Rural,Edathala,76.39435152,10.0897053,NA,NA,Murder,NA,NA,NA,NA,NA,2021,0
Ernakulam,Ernakulam Rural,Edathala,76.39435152,10.0897053,NA,NA,Murder,NA,NA,NA,NA,NA,2021,1
Ernakulam,Ernakulam Rural,Edathala,76.39435152,10.0897053,NA,NA,Murder,NA,NA,NA,NA,NA,2020,0
Ernakulam,Ernakulam Rural,Edathala,76.39435152,10.0897053,NA,NA,Murder,NA,NA,NA,NA,NA,2020,1
Ernakulam,Ernakulam Rural,Edathala,76.39435152,10.0897053,NA,NA,Murder,NA,NA,NA,NA,NA,2020,2
Ernakulam,Ernakulam Rural,Edathala,76.39435152,10.0897053,NA,NA,Murder,NA,NA,NA,NA,NA,2020,0
Ernakulam,Ernakulam Rural,Edathala,76.39435152,10.0897053,NA,NA,Murder,NA,NA,NA,NA,NA,2020,4
Ernakulam,Ernakulam Rural,Angamaly,76.38580562,10.19510885,NA,NA,Murder,NA,NA,NA,NA,NA,2024,0
Ernakulam,Ernakulam Rural,Angamaly,76.38580562,10.19510885,NA,NA,Murder,NA,NA,NA,NA,NA,2024,1
Ernakulam,Ernakulam Rural,Angamaly,76.38580562,10.19510885,NA,NA,Murder,NA,NA,NA,NA,NA,2024,1
Ernakulam,Ernakulam Rural,Angamaly,76.38580562,10.19510885,NA,NA,Murder,NA,NA,NA,NA,NA,2024,0
Ernakulam,Ernakulam Rural,Angamaly,76.38580562,10.19510885,NA,NA,Murder,NA,NA,NA,NA,NA,2024,0
Ernakulam,Ernakulam Rural,Angamaly,76.38580562,10.19510885,NA,NA,Murder,NA,NA,NA,NA,NA,2023,6
Ernakulam,Ernakulam Rural,Angamaly,76.38580562,10.19510885,NA,NA,Murder,NA,NA,NA,NA,NA,2023,4
Ernakulam,Ernakulam Rural,Angamaly,76.38580562,10.19510885,NA,NA,Murder,NA,NA,NA,NA,NA,2023,3
Ernakulam,Ernakulam Rural,Angamaly,76.38580562,10.19510885,NA,NA,Murder,NA,NA,NA,NA,NA,2023,1
Ernakulam,Ernakulam Rural,Angamaly,76.38580562,10.19510885,NA,NA,Murder,NA,NA,NA,NA,NA,2023,1
Ernakulam,Ernakulam Rural,Angamaly,76.38580562,10.19510885,NA,NA,Murder,NA,NA,NA,NA,NA,2022,1
Ernakulam,Ernakulam Rural,Angamaly,76.38580562,10.19510885,NA,NA,Murder,NA,NA,NA,NA,NA,2022,0
Ernakulam,Ernakulam Rural,Angamaly,76.38580562,10.19510885,NA,NA,Murder,NA,NA,NA,NA,NA,2022,0
Ernakulam,Ernakulam Rural,Angamaly,76.38580562,10.19510885,NA,NA,Murder,NA,NA,NA,NA,NA,2022,2
Ernakulam,Ernakulam Rural,Angamaly,76.38580562,10.19510885,NA,NA,Murder,NA,NA,NA,NA,NA,2022,0
Ernakulam,Ernakulam Rural,Angamaly,76.38580562,10.19510885,NA,NA,Murder,NA,NA,NA,NA,NA,2021,0
Ernakulam,Ernakulam Rural,Angamaly,76.38580562,10.19510885,NA,NA,Murder,NA,NA,NA,NA,NA,2021,0
Ernakulam,Ernakulam Rural,Angamaly,76.38580562,10.19510885,NA,NA,Murder,NA,NA,NA,NA,NA,2021,0
Ernakulam,Ernakulam Rural,Angamaly,76.38580562,10.19510885,NA,NA,Murder,NA,NA,NA,NA,NA,2021,1
Ernakulam,Ernakulam Rural,Angamaly,76.38580562,10.19510885,NA,NA,Murder,NA,NA,NA,NA,NA,2021,0
Ernakulam,Ernakulam Rural,Angamaly,76.38580562,10.19510885,NA,NA,Murder,NA,NA,NA,NA,NA,2020,0
Ernakulam,Ernakulam Rural,Angamaly,76.38580562,10.19510885,NA,NA,Murder,NA,NA,NA,NA,NA,2020,0
Ernakulam,Ernakulam Rural,Angamaly,76.38580562,10.19510885,NA,NA,Murder,NA,NA,NA,NA,NA,2020,1
Ernakulam,Ernakulam Rural,Angamaly,76.38580562,10.19510885,NA,NA,Murder,NA,NA,NA,NA,NA,2020,0
Ernakulam,Ernakulam Rural,Angamaly,76.38580562,10.19510885,NA,NA,Murder,NA,NA,NA,NA,NA,2020,0
Ernakulam,Ernakulam Rural,Chengamanadu,76.3384191,10.1519942,NA,NA,Murder,NA,NA,NA,NA,NA,2024,1
Ernakulam,Ernakulam Rural,Chengamanadu,76.3384191,10.1519942,NA,NA,Murder,NA,NA,NA,NA,NA,2024,0
Ernakulam,Ernakulam Rural,Chengamanadu,76.3384191,10.1519942,NA,NA,Murder,NA,NA,NA,NA,NA,2024,0
Ernakulam,Ernakulam Rural,Chengamanadu,76.3384191,10.1519942,NA,NA,Murder,NA,NA,NA,NA,NA,2024,2
Ernakulam,Ernakulam Rural,Chengamanadu,76.3384191,10.1519942,NA,NA,Murder,NA,NA,NA,NA,NA,2024,0
Ernakulam,Ernakulam Rural,Chengamanadu,76.3384191,10.1519942,NA,NA,Murder,NA,NA,NA,NA,NA,2023,0
Ernakulam,Ernakulam Rural,Chengamanadu,76.3384191,10.1519942,NA,NA,Murder,NA,NA,NA,NA,NA,2023,0
Ernakulam,Ernakulam Rural,Chengamanadu,76.3384191,10.1519942,NA,NA,Murder,NA,NA,NA,NA,NA,2023,0
Ernakulam,Ernakulam Rural,Chengamanadu,76.3384191,10.1519942,NA,NA,Murder,NA,NA,NA,NA,NA,2023,0
Ernakulam,Ernakulam Rural,Chengamanadu,76.3384191,10.1519942,NA,NA,Murder,NA,NA,NA,NA,NA,2023,0
Ernakulam,Ernakulam Rural,Chengamanadu,76.3384191,10.1519942,NA,NA,Murder,NA,NA,NA,NA,NA,2022,0
Ernakulam,Ernakulam Rural,Chengamanadu,76.3384191,10.1519942,NA,NA,Murder,NA,NA,NA,NA,NA,2022,0
Ernakulam,Ernakulam Rural,Chengamanadu,76.3384191,10.1519942,NA,NA,Murder,NA,NA,NA,NA,NA,2022,0
Ernakulam,Ernakulam Rural,Chengamanadu,76.3384191,10.1519942,NA,NA,Murder,NA,NA,NA,NA,NA,2022,3
Ernakulam,Ernakulam Rural,Chengamanadu,76.3384191,10.1519942,NA,NA,Murder,NA,NA,NA,NA,NA,2022,0
Ernakulam,Ernakulam Rural,Chengamanadu,76.3384191,10.1519942,NA,NA,Murder,NA,NA,NA,NA,NA,2021,0
Ernakulam,Ernakulam Rural,Chengamanadu,76.3384191,10.1519942,NA,NA,Murder,NA,NA,NA,NA,NA,2021,1
Ernakulam,Ernakulam Rural,Chengamanadu,76.3384191,10.1519942,NA,NA,Murder,NA,NA,NA,NA,NA,2021,0
Ernakulam,Ernakulam Rural,Chengamanadu,76.3384191,10.1519942,NA,NA,Murder,NA,NA,NA,NA,NA,2021,0
Ernakulam,Ernakulam Rural,Chengamanadu,76.3384191,10.1519942,NA,NA,Murder,NA,NA,NA,NA,NA,2021,0
Ernakulam,Ernakulam Rural,Chengamanadu,76.3384191,10.1519942,NA,NA,Murder,NA,NA,NA,NA,NA,2020,0
Ernakulam,Ernakulam Rural,Chengamanadu,76.3384191,10.1519942,NA,NA,Murder,NA,NA,NA,NA,NA,2020,0
Ernakulam,Ernakulam Rural,Chengamanadu,76.3384191,10.1519942,NA,NA,Murder,NA,NA,NA,NA,NA,2020,0
Ernakulam,Ernakulam Rural,Chengamanadu,76.3384191,10.1519942,NA,NA,Murder,NA,NA,NA,NA,NA,2020,0
Ernakulam,Ernakulam Rural,Chengamanadu,76.3384191,10.1519942,NA,NA,Murder,NA,NA,NA,NA,NA,2020,0
Ernakulam,Ernakulam Rural,Airport,76.39270329,10.16000399,NA,NA,Murder,NA,NA,NA,NA,NA,2024,1
Ernakulam,Ernakulam Rural,Airport,76.39270329,10.16000399,NA,NA,Murder,NA,NA,NA,NA,NA,2024,1
Ernakulam,Ernakulam Rural,Airport,76.39270329,10.16000399,NA,NA,Murder,NA,NA,NA,NA,NA,2024,1
Ernakulam,Ernakulam Rural,Airport,76.39270329,10.16000399,NA,NA,Murder,NA,NA,NA,NA,NA,2024,2
Ernakulam,Ernakulam Rural,Airport,76.39270329,10.16000399,NA,NA,Murder,NA,NA,NA,NA,NA,2024,0
Ernakulam,Ernakulam Rural,Airport,76.39270329,10.16000399,NA,NA,Murder,NA,NA,NA,NA,NA,2023,1
Ernakulam,Ernakulam Rural,Airport,76.39270329,10.16000399,NA,NA,Murder,NA,NA,NA,NA,NA,2023,0
Ernakulam,Ernakulam Rural,Airport,76.39270329,10.16000399,NA,NA,Murder,NA,NA,NA,NA,NA,2023,0
Ernakulam,Ernakulam Rural,Airport,76.39270329,10.16000399,NA,NA,Murder,NA,NA,NA,NA,NA,2023,1
Ernakulam,Ernakulam Rural,Airport,76.39270329,10.16000399,NA,NA,Murder,NA,NA,NA,NA,NA,2023,0
Ernakulam,Ernakulam Rural,Airport,76.39270329,10.16000399,NA,NA,Murder,NA,NA,NA,NA,NA,2022,1
Ernakulam,Ernakulam Rural,Airport,76.39270329,10.16000399,NA,NA,Murder,NA,NA,NA,NA,NA,2022,2
Ernakulam,Ernakulam Rural,Airport,76.39270329,10.16000399,NA,NA,Murder,NA,NA,NA,NA,NA,2022,0
Ernakulam,Ernakulam Rural,Airport,76.39270329,10.16000399,NA,NA,Murder,NA,NA,NA,NA,NA,2022,0
Ernakulam,Ernakulam Rural,Airport,76.39270329,10.16000399,NA,NA,Murder,NA,NA,NA,NA,NA,2022,1
Ernakulam,Ernakulam Rural,Airport,76.39270329,10.16000399,NA,NA,Murder,NA,NA,NA,NA,NA,2021,1
Ernakulam,Ernakulam Rural,Airport,76.39270329,10.16000399,NA,NA,Murder,NA,NA,NA,NA,NA,2021,1
Ernakulam,Ernakulam Rural,Airport,76.39270329,10.16000399,NA,NA,Murder,NA,NA,NA,NA,NA,2021,0
Ernakulam,Ernakulam Rural,Airport,76.39270329,10.16000399,NA,NA,Murder,NA,NA,NA,NA,NA,2021,0
Ernakulam,Ernakulam Rural,Airport,76.39270329,10.16000399,NA,NA,Murder,NA,NA,NA,NA,NA,2021,0
Ernakulam,Ernakulam Rural,Aluva,76.3587729,10.10286591,NA,NA,NDPS,NA,NA,NA,NA,NA,2024,113
Ernakulam,Ernakulam Rural,Aluva,76.3587729,10.10286591,NA,NA,NDPS,NA,NA,NA,NA,NA,2023,62
Ernakulam,Ernakulam Rural,Aluva,76.3587729,10.10286591,NA,NA,NDPS,NA,NA,NA,NA,NA,2022,57
Ernakulam,Ernakulam Rural,Aluva,76.3587729,10.10286591,NA,NA,NDPS,NA,NA,NA,NA,NA,2021,30
Ernakulam,Ernakulam Rural,Aluva,76.3587729,10.10286591,NA,NA,NDPS,NA,NA,NA,NA,NA,2020,19
Ernakulam,Ernakulam Rural,Aluva West,76.30032138,10.12677759,NA,NA,NDPS,NA,NA,NA,NA,NA,2024,51
Ernakulam,Ernakulam Rural,Aluva West,76.30032138,10.12677759,NA,NA,NDPS,NA,NA,NA,NA,NA,2023,30
Ernakulam,Ernakulam Rural,Aluva West,76.30032138,10.12677759,NA,NA,NDPS,NA,NA,NA,NA,NA,2022,16
Ernakulam,Ernakulam Rural,Aluva West,76.30032138,10.12677759,NA,NA,NDPS,NA,NA,NA,NA,NA,2021,10
Ernakulam,Ernakulam Rural,Aluva West,76.30032138,10.12677759,NA,NA,NDPS,NA,NA,NA,NA,NA,2020,15
Ernakulam,Ernakulam Rural,Binanipuram,76.32073789,10.09614916,NA,NA,NDPS,NA,NA,NA,NA,NA,2024,28
Ernakulam,Ernakulam Rural,Binanipuram,76.32073789,10.09614916,NA,NA,NDPS,NA,NA,NA,NA,NA,2023,25
Ernakulam,Ernakulam Rural,Binanipuram,76.32073789,10.09614916,NA,NA,NDPS,NA,NA,NA,NA,NA,2022,26
Ernakulam,Ernakulam Rural,Binanipuram,76.32073789,10.09614916,NA,NA,NDPS,NA,NA,NA,NA,NA,2021,6
Ernakulam,Ernakulam Rural,Binanipuram,76.32073789,10.09614916,NA,NA,NDPS,NA,NA,NA,NA,NA,2020,22
Ernakulam,Ernakulam Rural,Edathala,76.39435152,10.0897053,NA,NA,NDPS,NA,NA,NA,NA,NA,2024,52
Ernakulam,Ernakulam Rural,Edathala,76.39435152,10.0897053,NA,NA,NDPS,NA,NA,NA,NA,NA,2023,37
Ernakulam,Ernakulam Rural,Edathala,76.39435152,10.0897053,NA,NA,NDPS,NA,NA,NA,NA,NA,2022,31
Ernakulam,Ernakulam Rural,Edathala,76.39435152,10.0897053,NA,NA,NDPS,NA,NA,NA,NA,NA,2021,24
Ernakulam,Ernakulam Rural,Edathala,76.39435152,10.0897053,NA,NA,NDPS,NA,NA,NA,NA,NA,2020,26
Ernakulam,Ernakulam Rural,Angamaly,76.38580562,10.19510885,NA,NA,NDPS,NA,NA,NA,NA,NA,2024,57
Ernakulam,Ernakulam Rural,Angamaly,76.38580562,10.19510885,NA,NA,NDPS,NA,NA,NA,NA,NA,2023,51
Ernakulam,Ernakulam Rural,Angamaly,76.38580562,10.19510885,NA,NA,NDPS,NA,NA,NA,NA,NA,2022,37
Ernakulam,Ernakulam Rural,Angamaly,76.38580562,10.19510885,NA,NA,NDPS,NA,NA,NA,NA,NA,2021,19
Ernakulam,Ernakulam Rural,Angamaly,76.38580562,10.19510885,NA,NA,NDPS,NA,NA,NA,NA,NA,2020,36
Ernakulam,Ernakulam Rural,Chengamanadu,76.3384191,10.1519942,NA,NA,NDPS,NA,NA,NA,NA,NA,2024,28
Ernakulam,Ernakulam Rural,Chengamanadu,76.3384191,10.1519942,NA,NA,NDPS,NA,NA,NA,NA,NA,2023,20
Ernakulam,Ernakulam Rural,Chengamanadu,76.3384191,10.1519942,NA,NA,NDPS,NA,NA,NA,NA,NA,2022,18
Ernakulam,Ernakulam Rural,Chengamanadu,76.3384191,10.1519942,NA,NA,NDPS,NA,NA,NA,NA,NA,2021,4
Ernakulam,Ernakulam Rural,Chengamanadu,76.3384191,10.1519942,NA,NA,NDPS,NA,NA,NA,NA,NA,2020,4
Ernakulam,Ernakulam Rural,Airport,76.39270329,10.16000399,NA,NA,NDPS,NA,NA,NA,NA,NA,2024,79
Ernakulam,Ernakulam Rural,Airport,76.39270329,10.16000399,NA,NA,NDPS,NA,NA,NA,NA,NA,2023,43
Ernakulam,Ernakulam Rural,Airport,76.39270329,10.16000399,NA,NA,NDPS,NA,NA,NA,NA,NA,2022,37
Ernakulam,Ernakulam Rural,Airport,76.39270329,10.16000399,NA,NA,NDPS,NA,NA,NA,NA,NA,2021,7
Ernakulam,Ernakulam Rural,Airport,76.39270329,10.16000399,NA,NA,NDPS,NA,NA,NA,NA,NA,2020,19
Ernakulam,Ernakulam Rural,North Paravur,76.235,10.123,NA,NA,NDPS,NA,NA,NA,NA,NA,2024,56
Ernakulam,Ernakulam Rural,North Paravur,76.235,10.123,NA,NA,NDPS,NA,NA,NA,NA,NA,2023,31
Ernakulam,Ernakulam Rural,North Paravur,76.235,10.123,NA,NA,NDPS,NA,NA,NA,NA,NA,2022,24
Ernakulam,Ernakulam Rural,North Paravur,76.235,10.123,NA,NA,NDPS,NA,NA,NA,NA,NA,2021,11
Ernakulam,Ernakulam Rural,North Paravur,76.235,10.123,NA,NA,NDPS,NA,NA,NA,NA,NA,2020,12
Ernakulam,Ernakulam Rural,Varapuzha,76.27228149,10.0710411,NA,NA,NDPS,NA,NA,NA,NA,NA,2024,48
Ernakulam,Ernakulam Rural,Varapuzha,76.27228149,10.0710411,NA,NA,NDPS,NA,NA,NA,NA,NA,2023,31
Ernakulam,Ernakulam Rural,Varapuzha,76.27228149,10.0710411,NA,NA,NDPS,NA,NA,NA,NA,NA,2022,25
Ernakulam,Ernakulam Rural,Varapuzha,76.27228149,10.0710411,NA,NA,NDPS,NA,NA,NA,NA,NA,2021,13
Ernakulam,Ernakulam Rural,Varapuzha,76.27228149,10.0710411,NA,NA,NDPS,NA,NA,NA,NA,NA,2020,11
Ernakulam,Ernakulam Rural,Vadakkekara,76.21024822,10.17932836,NA,NA,NDPS,NA,NA,NA,NA,NA,2024,23
Ernakulam,Ernakulam Rural,Vadakkekara,76.21024822,10.17932836,NA,NA,NDPS,NA,NA,NA,NA,NA,2023,25
Ernakulam,Ernakulam Rural,Vadakkekara,76.21024822,10.17932836,NA,NA,NDPS,NA,NA,NA,NA,NA,2022,27
Ernakulam,Ernakulam Rural,Vadakkekara,76.21024822,10.17932836,NA,NA,NDPS,NA,NA,NA,NA,NA,2021,5
Ernakulam,Ernakulam Rural,Vadakkekara,76.21024822,10.17932836,NA,NA,NDPS,NA,NA,NA,NA,NA,2020,3
Ernakulam,Ernakulam Rural,Puthenvelikkara,76.24459399,10.18096822,NA,NA,NDPS,NA,NA,NA,NA,NA,2024,26
Ernakulam,Ernakulam Rural,Puthenvelikkara,76.24459399,10.18096822,NA,NA,NDPS,NA,NA,NA,NA,NA,2023,5
Ernakulam,Ernakulam Rural,Puthenvelikkara,76.24459399,10.18096822,NA,NA,NDPS,NA,NA,NA,NA,NA,2022,2
Ernakulam,Ernakulam Rural,Puthenvelikkara,76.24459399,10.18096822,NA,NA,NDPS,NA,NA,NA,NA,NA,2021,4
Ernakulam,Ernakulam Rural,Puthenvelikkara,76.24459399,10.18096822,NA,NA,NDPS,NA,NA,NA,NA,NA,2020,23
Ernakulam,Ernakulam Rural,Narakkal,76.21934938,10.03931449,NA,NA,NDPS,NA,NA,NA,NA,NA,2024,50
Ernakulam,Ernakulam Rural,Narakkal,76.21934938,10.03931449,NA,NA,NDPS,NA,NA,NA,NA,NA,2023,51
Ernakulam,Ernakulam Rural,Narakkal,76.21934938,10.03931449,NA,NA,NDPS,NA,NA,NA,NA,NA,2022,52
Ernakulam,Ernakulam Rural,Narakkal,76.21934938,10.03931449,NA,NA,NDPS,NA,NA,NA,NA,NA,2021,10
Ernakulam,Ernakulam Rural,Narakkal,76.21934938,10.03931449,NA,NA,NDPS,NA,NA,NA,NA,NA,2020,14
Ernakulam,Ernakulam Rural,Munambam,76.192,10.134,NA,NA,NDPS,NA,NA,NA,NA,NA,2024,49
Ernakulam,Ernakulam Rural,Munambam,76.192,10.134,NA,NA,NDPS,NA,NA,NA,NA,NA,2023,39
Ernakulam,Ernakulam Rural,Munambam,76.192,10.134,NA,NA,NDPS,NA,NA,NA,NA,NA,2022,54
Ernakulam,Ernakulam Rural,Munambam,76.192,10.134,NA,NA,NDPS,NA,NA,NA,NA,NA,2021,10
Ernakulam,Ernakulam Rural,Munambam,76.192,10.134,NA,NA,NDPS,NA,NA,NA,NA,NA,2020,20
Ernakulam,Ernakulam Rural,Perumbavur,76.4759013,10.11529846,NA,NA,NDPS,NA,NA,NA,NA,NA,2024,144
Ernakulam,Ernakulam Rural,Perumbavur,76.4759013,10.11529846,NA,NA,NDPS,NA,NA,NA,NA,NA,2023,110
Ernakulam,Ernakulam Rural,Perumbavur,76.4759013,10.11529846,NA,NA,NDPS,NA,NA,NA,NA,NA,2022,122
Ernakulam,Ernakulam Rural,Perumbavur,76.4759013,10.11529846,NA,NA,NDPS,NA,NA,NA,NA,NA,2021,39
Ernakulam,Ernakulam Rural,Perumbavur,76.4759013,10.11529846,NA,NA,NDPS,NA,NA,NA,NA,NA,2020,45
Ernakulam,Ernakulam Rural,Kodanadu,76.503,10.148,NA,NA,NDPS,NA,NA,NA,NA,NA,2024,32
Ernakulam,Ernakulam Rural,Kodanadu,76.503,10.148,NA,NA,NDPS,NA,NA,NA,NA,NA,2023,65
Ernakulam,Ernakulam Rural,Kodanadu,76.503,10.148,NA,NA,NDPS,NA,NA,NA,NA,NA,2022,29
Ernakulam,Ernakulam Rural,Kodanadu,76.503,10.148,NA,NA,NDPS,NA,NA,NA,NA,NA,2021,5
Ernakulam,Ernakulam Rural,Kodanadu,76.503,10.148,NA,NA,NDPS,NA,NA,NA,NA,NA,2020,12
Ernakulam,Ernakulam Rural,Kalady,76.44711404,10.17092043,NA,NA,NDPS,NA,NA,NA,NA,NA,2024,52
Ernakulam,Ernakulam Rural,Kalady,76.44711404,10.17092043,NA,NA,NDPS,NA,NA,NA,NA,NA,2023,88
Ernakulam,Ernakulam Rural,Kalady,76.44711404,10.17092043,NA,NA,NDPS,NA,NA,NA,NA,NA,2022,67
Ernakulam,Ernakulam Rural,Kalady,76.44711404,10.17092043,NA,NA,NDPS,NA,NA,NA,NA,NA,2021,23
Ernakulam,Ernakulam Rural,Kalady,76.44711404,10.17092043,NA,NA,NDPS,NA,NA,NA,NA,NA,2020,23
Ernakulam,Ernakulam Rural,Ayyampuzha,76.4718996,10.25108573,NA,NA,NDPS,NA,NA,NA,NA,NA,2024,5
Ernakulam,Ernakulam Rural,Ayyampuzha,76.4718996,10.25108573,NA,NA,NDPS,NA,NA,NA,NA,NA,2023,0
Ernakulam,Ernakulam Rural,Ayyampuzha,76.4718996,10.25108573,NA,NA,NDPS,NA,NA,NA,NA,NA,2022,6
Ernakulam,Ernakulam Rural,Ayyampuzha,76.4718996,10.25108573,NA,NA,NDPS,NA,NA,NA,NA,NA,2021,3
Ernakulam,Ernakulam Rural,Ayyampuzha,76.4718996,10.25108573,NA,NA,NDPS,NA,NA,NA,NA,NA,2020,7
Ernakulam,Ernakulam Rural,Kuruppampady,76.566,10.104,NA,NA,NDPS,NA,NA,NA,NA,NA,2024,66
Ernakulam,Ernakulam Rural,Kuruppampady,76.566,10.104,NA,NA,NDPS,NA,NA,NA,NA,NA,2023,34
Ernakulam,Ernakulam Rural,Kuruppampady,76.566,10.104,NA,NA,NDPS,NA,NA,NA,NA,NA,2022,42
Ernakulam,Ernakulam Rural,Kuruppampady,76.566,10.104,NA,NA,NDPS,NA,NA,NA,NA,NA,2021,5
Ernakulam,Ernakulam Rural,Kuruppampady,76.566,10.104,NA,NA,NDPS,NA,NA,NA,NA,NA,2020,16
Ernakulam,Ernakulam Rural,Kottapady,76.58972135,10.11821316,NA,NA,NDPS,NA,NA,NA,NA,NA,2024,13
Ernakulam,Ernakulam Rural,Kottapady,76.58972135,10.11821316,NA,NA,NDPS,NA,NA,NA,NA,NA,2023,6
Ernakulam,Ernakulam Rural,Kottapady,76.58972135,10.11821316,NA,NA,NDPS,NA,NA,NA,NA,NA,2022,5
Ernakulam,Ernakulam Rural,Kottapady,76.58972135,10.11821316,NA,NA,NDPS,NA,NA,NA,NA,NA,2021,2
Ernakulam,Ernakulam Rural,Kottapady,76.58972135,10.11821316,NA,NA,NDPS,NA,NA,NA,NA,NA,2020,14
Ernakulam,Ernakulam Rural,Kunnathunadu,76.45061617,10.02354599,NA,NA,NDPS,NA,NA,NA,NA,NA,2024,115
Ernakulam,Ernakulam Rural,Kunnathunadu,76.45061617,10.02354599,NA,NA,NDPS,NA,NA,NA,NA,NA,2023,100
Ernakulam,Ernakulam Rural,Kunnathunadu,76.45061617,10.02354599,NA,NA,NDPS,NA,NA,NA,NA,NA,2022,66
Ernakulam,Ernakulam Rural,Kunnathunadu,76.45061617,10.02354599,NA,NA,NDPS,NA,NA,NA,NA,NA,2021,26
Ernakulam,Ernakulam Rural,Kunnathunadu,76.45061617,10.02354599,NA,NA,NDPS,NA,NA,NA,NA,NA,2020,29
Ernakulam,Ernakulam Rural,T.Parambu,76.42971347,10.08682468,NA,NA,NDPS,NA,NA,NA,NA,NA,2024,72
Ernakulam,Ernakulam Rural,T.Parambu,76.42971347,10.08682468,NA,NA,NDPS,NA,NA,NA,NA,NA,2023,45
Ernakulam,Ernakulam Rural,T.Parambu,76.42971347,10.08682468,NA,NA,NDPS,NA,NA,NA,NA,NA,2022,48
Ernakulam,Ernakulam Rural,T.Parambu,76.42971347,10.08682468,NA,NA,NDPS,NA,NA,NA,NA,NA,2021,14
Ernakulam,Ernakulam Rural,T.Parambu,76.42971347,10.08682468,NA,NA,NDPS,NA,NA,NA,NA,NA,2020,23
Ernakulam,Ernakulam Rural,Muvattupuzha,76.58182976,9.980502221,NA,NA,NDPS,NA,NA,NA,NA,NA,2024,91
Ernakulam,Ernakulam Rural,Muvattupuzha,76.58182976,9.980502221,NA,NA,NDPS,NA,NA,NA,NA,NA,2023,93
Ernakulam,Ernakulam Rural,Muvattupuzha,76.58182976,9.980502221,NA,NA,NDPS,NA,NA,NA,NA,NA,2022,34
Ernakulam,Ernakulam Rural,Muvattupuzha,76.58182976,9.980502221,NA,NA,NDPS,NA,NA,NA,NA,NA,2021,9
Ernakulam,Ernakulam Rural,Muvattupuzha,76.58182976,9.980502221,NA,NA,NDPS,NA,NA,NA,NA,NA,2020,19
Ernakulam,Ernakulam Rural,Vazhakkulam,76.64005006,9.943145827,NA,NA,NDPS,NA,NA,NA,NA,NA,2024,7
Ernakulam,Ernakulam Rural,Vazhakkulam,76.64005006,9.943145827,NA,NA,NDPS,NA,NA,NA,NA,NA,2023,28
Ernakulam,Ernakulam Rural,Vazhakkulam,76.64005006,9.943145827,NA,NA,NDPS,NA,NA,NA,NA,NA,2022,20
Ernakulam,Ernakulam Rural,Vazhakkulam,76.64005006,9.943145827,NA,NA,NDPS,NA,NA,NA,NA,NA,2021,12
Ernakulam,Ernakulam Rural,Vazhakkulam,76.64005006,9.943145827,NA,NA,NDPS,NA,NA,NA,NA,NA,2020,22
Ernakulam,Ernakulam Rural,Kothamangalam,76.62540281,10.06448214,NA,NA,NDPS,NA,NA,NA,NA,NA,2024,80
Ernakulam,Ernakulam Rural,Kothamangalam,76.62540281,10.06448214,NA,NA,NDPS,NA,NA,NA,NA,NA,2023,114
Ernakulam,Ernakulam Rural,Kothamangalam,76.62540281,10.06448214,NA,NA,NDPS,NA,NA,NA,NA,NA,2022,30
Ernakulam,Ernakulam Rural,Kothamangalam,76.62540281,10.06448214,NA,NA,NDPS,NA,NA,NA,NA,NA,2021,5
Ernakulam,Ernakulam Rural,Kothamangalam,76.62540281,10.06448214,NA,NA,NDPS,NA,NA,NA,NA,NA,2020,7
Ernakulam,Ernakulam Rural,Kuttampuzha,76.7370846,10.15117095,NA,NA,NDPS,NA,NA,NA,NA,NA,2024,25
Ernakulam,Ernakulam Rural,Kuttampuzha,76.7370846,10.15117095,NA,NA,NDPS,NA,NA,NA,NA,NA,2023,16
Ernakulam,Ernakulam Rural,Kuttampuzha,76.7370846,10.15117095,NA,NA,NDPS,NA,NA,NA,NA,NA,2022,16
Ernakulam,Ernakulam Rural,Kuttampuzha,76.7370846,10.15117095,NA,NA,NDPS,NA,NA,NA,NA,NA,2021,3
Ernakulam,Ernakulam Rural,Kuttampuzha,76.7370846,10.15117095,NA,NA,NDPS,NA,NA,NA,NA,NA,2020,8
Ernakulam,Ernakulam Rural,Oonnukal,76.71390371,10.05073285,NA,NA,NDPS,NA,NA,NA,NA,NA,2024,13
Ernakulam,Ernakulam Rural,Oonnukal,76.71390371,10.05073285,NA,NA,NDPS,NA,NA,NA,NA,NA,2023,19
Ernakulam,Ernakulam Rural,Oonnukal,76.71390371,10.05073285,NA,NA,NDPS,NA,NA,NA,NA,NA,2022,13
Ernakulam,Ernakulam Rural,Oonnukal,76.71390371,10.05073285,NA,NA,NDPS,NA,NA,NA,NA,NA,2021,3
Ernakulam,Ernakulam Rural,Oonnukal,76.71390371,10.05073285,NA,NA,NDPS,NA,NA,NA,NA,NA,2020,13
Ernakulam,Ernakulam Rural,Kalloorkkadu,76.67078627,9.969093731,NA,NA,NDPS,NA,NA,NA,NA,NA,2024,3
Ernakulam,Ernakulam Rural,Kalloorkkadu,76.67078627,9.969093731,NA,NA,NDPS,NA,NA,NA,NA,NA,2023,2
Ernakulam,Ernakulam Rural,Kalloorkkadu,76.67078627,9.969093731,NA,NA,NDPS,NA,NA,NA,NA,NA,2022,6
Ernakulam,Ernakulam Rural,Kalloorkkadu,76.67078627,9.969093731,NA,NA,NDPS,NA,NA,NA,NA,NA,2021,3
Ernakulam,Ernakulam Rural,Kalloorkkadu,76.67078627,9.969093731,NA,NA,NDPS,NA,NA,NA,NA,NA,2020,8
Ernakulam,Ernakulam Rural,Pothanikkadu,76.6837925,10.00440261,NA,NA,NDPS,NA,NA,NA,NA,NA,2024,16
Ernakulam,Ernakulam Rural,Pothanikkadu,76.6837925,10.00440261,NA,NA,NDPS,NA,NA,NA,NA,NA,2023,21
Ernakulam,Ernakulam Rural,Pothanikkadu,76.6837925,10.00440261,NA,NA,NDPS,NA,NA,NA,NA,NA,2022,26
Ernakulam,Ernakulam Rural,Pothanikkadu,76.6837925,10.00440261,NA,NA,NDPS,NA,NA,NA,NA,NA,2021,4
Ernakulam,Ernakulam Rural,Pothanikkadu,76.6837925,10.00440261,NA,NA,NDPS,NA,NA,NA,NA,NA,2020,33
Ernakulam,Ernakulam Rural,Puthencruz,76.43613991,9.970218815,NA,NA,NDPS,NA,NA,NA,NA,NA,2024,39
Ernakulam,Ernakulam Rural,Puthencruz,76.43613991,9.970218815,NA,NA,NDPS,NA,NA,NA,NA,NA,2023,44
Ernakulam,Ernakulam Rural,Puthencruz,76.43613991,9.970218815,NA,NA,NDPS,NA,NA,NA,NA,NA,2022,45
Ernakulam,Ernakulam Rural,Puthencruz,76.43613991,9.970218815,NA,NA,NDPS,NA,NA,NA,NA,NA,2021,2
Ernakulam,Ernakulam Rural,Puthencruz,76.43613991,9.970218815,NA,NA,NDPS,NA,NA,NA,NA,NA,2020,4
Ernakulam,Ernakulam Rural,R.mangalam,76.507,9.918,NA,NA,NDPS,NA,NA,NA,NA,NA,2024,20
Ernakulam,Ernakulam Rural,R.mangalam,76.507,9.918,NA,NA,NDPS,NA,NA,NA,NA,NA,2023,33
Ernakulam,Ernakulam Rural,R.mangalam,76.507,9.918,NA,NA,NDPS,NA,NA,NA,NA,NA,2022,17
Ernakulam,Ernakulam Rural,R.mangalam,76.507,9.918,NA,NA,NDPS,NA,NA,NA,NA,NA,2021,3
Ernakulam,Ernakulam Rural,R.mangalam,76.507,9.918,NA,NA,NDPS,NA,NA,NA,NA,NA,2020,4
Ernakulam,Ernakulam Rural,Piravom,76.4894971,9.865539262,NA,NA,NDPS,NA,NA,NA,NA,NA,2024,27
Ernakulam,Ernakulam Rural,Piravom,76.4894971,9.865539262,NA,NA,NDPS,NA,NA,NA,NA,NA,2023,17
Ernakulam,Ernakulam Rural,Piravom,76.4894971,9.865539262,NA,NA,NDPS,NA,NA,NA,NA,NA,2022,25
Ernakulam,Ernakulam Rural,Piravom,76.4894971,9.865539262,NA,NA,NDPS,NA,NA,NA,NA,NA,2021,0
Ernakulam,Ernakulam Rural,Piravom,76.4894971,9.865539262,NA,NA,NDPS,NA,NA,NA,NA,NA,2020,9
Ernakulam,Ernakulam Rural,Mulamthuruthy,76.42,9.872,NA,NA,NDPS,NA,NA,NA,NA,NA,2024,53
Ernakulam,Ernakulam Rural,Mulamthuruthy,76.42,9.872,NA,NA,NDPS,NA,NA,NA,NA,NA,2023,62
Ernakulam,Ernakulam Rural,Mulamthuruthy,76.42,9.872,NA,NA,NDPS,NA,NA,NA,NA,NA,2022,57
Ernakulam,Ernakulam Rural,Mulamthuruthy,76.42,9.872,NA,NA,NDPS,NA,NA,NA,NA,NA,2021,25
Ernakulam,Ernakulam Rural,Mulamthuruthy,76.42,9.872,NA,NA,NDPS,NA,NA,NA,NA,NA,2020,22
Ernakulam,Ernakulam Rural,Koothattukulam,76.59543793,9.862181088,NA,NA,NDPS,NA,NA,NA,NA,NA,2024,17
Ernakulam,Ernakulam Rural,Koothattukulam,76.59543793,9.862181088,NA,NA,NDPS,NA,NA,NA,NA,NA,2023,14
Ernakulam,Ernakulam Rural,Koothattukulam,76.59543793,9.862181088,NA,NA,NDPS,NA,NA,NA,NA,NA,2022,30
Ernakulam,Ernakulam Rural,Koothattukulam,76.59543793,9.862181088,NA,NA,NDPS,NA,NA,NA,NA,NA,2021,2
Ernakulam,Ernakulam Rural,Koothattukulam,76.59543793,9.862181088,NA,NA,NDPS,NA,NA,NA,NA,NA,2020,5
Ernakulam,Ernakulam Rural,Chottanikara,76.392,9.917,NA,NA,NDPS,NA,NA,NA,NA,NA,2024,34
Ernakulam,Ernakulam Rural,Chottanikara,76.392,9.917,NA,NA,NDPS,NA,NA,NA,NA,NA,2023,52
Ernakulam,Ernakulam Rural,Chottanikara,76.392,9.917,NA,NA,NDPS,NA,NA,NA,NA,NA,2022,40
Ernakulam,Ernakulam Rural,Chottanikara,76.392,9.917,NA,NA,NDPS,NA,NA,NA,NA,NA,2021,10
Ernakulam,Ernakulam Rural,Chottanikara,76.392,9.917,NA,NA,NDPS,NA,NA,NA,NA,NA,2020,15
Ernakulam,Ernakulam Rural,Aluva,76.3587729,10.10286591,NA,NA,Theft,NA,NA,NA,NA,NA,2024,112
Ernakulam,Ernakulam Rural,Aluva,76.3587729,10.10286591,NA,NA,Theft,NA,NA,NA,NA,NA,2023,118
Ernakulam,Ernakulam Rural,Aluva,76.3587729,10.10286591,NA,NA,Theft,NA,NA,NA,NA,NA,2022,84
Ernakulam,Ernakulam Rural,Aluva,76.3587729,10.10286591,NA,NA,Theft,NA,NA,NA,NA,NA,2021,75
Ernakulam,Ernakulam Rural,Aluva,76.3587729,10.10286591,NA,NA,Theft,NA,NA,NA,NA,NA,2020,46
Ernakulam,Ernakulam Rural,Aluva West,76.30032138,10.12677759,NA,NA,Theft,NA,NA,NA,NA,NA,2024,11
Ernakulam,Ernakulam Rural,Aluva West,76.30032138,10.12677759,NA,NA,Theft,NA,NA,NA,NA,NA,2023,19
Ernakulam,Ernakulam Rural,Aluva West,76.30032138,10.12677759,NA,NA,Theft,NA,NA,NA,NA,NA,2022,11
Ernakulam,Ernakulam Rural,Aluva West,76.30032138,10.12677759,NA,NA,Theft,NA,NA,NA,NA,NA,2021,6
Ernakulam,Ernakulam Rural,Aluva West,76.30032138,10.12677759,NA,NA,Theft,NA,NA,NA,NA,NA,2020,4
Ernakulam,Ernakulam Rural,Binanipuram,76.32073789,10.09614916,NA,NA,Theft,NA,NA,NA,NA,NA,2024,13
Ernakulam,Ernakulam Rural,Binanipuram,76.32073789,10.09614916,NA,NA,Theft,NA,NA,NA,NA,NA,2023,5
Ernakulam,Ernakulam Rural,Binanipuram,76.32073789,10.09614916,NA,NA,Theft,NA,NA,NA,NA,NA,2022,9
Ernakulam,Ernakulam Rural,Binanipuram,76.32073789,10.09614916,NA,NA,Theft,NA,NA,NA,NA,NA,2021,7
Ernakulam,Ernakulam Rural,Binanipuram,76.32073789,10.09614916,NA,NA,Theft,NA,NA,NA,NA,NA,2020,5
Ernakulam,Ernakulam Rural,Edathala,76.39435152,10.0897053,NA,NA,Theft,NA,NA,NA,NA,NA,2024,2
Ernakulam,Ernakulam Rural,Edathala,76.39435152,10.0897053,NA,NA,Theft,NA,NA,NA,NA,NA,2023,9
Ernakulam,Ernakulam Rural,Edathala,76.39435152,10.0897053,NA,NA,Theft,NA,NA,NA,NA,NA,2022,16
Ernakulam,Ernakulam Rural,Edathala,76.39435152,10.0897053,NA,NA,Theft,NA,NA,NA,NA,NA,2021,11
Ernakulam,Ernakulam Rural,Edathala,76.39435152,10.0897053,NA,NA,Theft,NA,NA,NA,NA,NA,2020,10
Ernakulam,Ernakulam Rural,Angamaly,76.38580562,10.19510885,NA,NA,Theft,NA,NA,NA,NA,NA,2024,26
Ernakulam,Ernakulam Rural,Angamaly,76.38580562,10.19510885,NA,NA,Theft,NA,NA,NA,NA,NA,2023,31
Ernakulam,Ernakulam Rural,Angamaly,76.38580562,10.19510885,NA,NA,Theft,NA,NA,NA,NA,NA,2022,28
Ernakulam,Ernakulam Rural,Angamaly,76.38580562,10.19510885,NA,NA,Theft,NA,NA,NA,NA,NA,2021,17
Ernakulam,Ernakulam Rural,Angamaly,76.38580562,10.19510885,NA,NA,Theft,NA,NA,NA,NA,NA,2020,16
Ernakulam,Ernakulam Rural,Chengamanadu,76.3384191,10.1519942,NA,NA,Theft,NA,NA,NA,NA,NA,2024,9
Ernakulam,Ernakulam Rural,Chengamanadu,76.3384191,10.1519942,NA,NA,Theft,NA,NA,NA,NA,NA,2023,23
Ernakulam,Ernakulam Rural,Chengamanadu,76.3384191,10.1519942,NA,NA,Theft,NA,NA,NA,NA,NA,2022,12
Ernakulam,Ernakulam Rural,Chengamanadu,76.3384191,10.1519942,NA,NA,Theft,NA,NA,NA,NA,NA,2021,9
Ernakulam,Ernakulam Rural,Chengamanadu,76.3384191,10.1519942,NA,NA,Theft,NA,NA,NA,NA,NA,2020,6
Ernakulam,Ernakulam Rural,Airport,76.39270329,10.16000399,NA,NA,Theft,NA,NA,NA,NA,NA,2024,15
Ernakulam,Ernakulam Rural,Airport,76.39270329,10.16000399,NA,NA,Theft,NA,NA,NA,NA,NA,2023,23
Ernakulam,Ernakulam Rural,Airport,76.39270329,10.16000399,NA,NA,Theft,NA,NA,NA,NA,NA,2022,8
Ernakulam,Ernakulam Rural,Airport,76.39270329,10.16000399,NA,NA,Theft,NA,NA,NA,NA,NA,2021,16
Ernakulam,Ernakulam Rural,Airport,76.39270329,10.16000399,NA,NA,Theft,NA,NA,NA,NA,NA,2020,9
Ernakulam,Ernakulam Rural,North Paravur,76.235,10.123,NA,NA,Theft,NA,NA,NA,NA,NA,2024,41
Ernakulam,Ernakulam Rural,North Paravur,76.235,10.123,NA,NA,Theft,NA,NA,NA,NA,NA,2023,66
Ernakulam,Ernakulam Rural,North Paravur,76.235,10.123,NA,NA,Theft,NA,NA,NA,NA,NA,2022,26
Ernakulam,Ernakulam Rural,North Paravur,76.235,10.123,NA,NA,Theft,NA,NA,NA,NA,NA,2021,23
Ernakulam,Ernakulam Rural,North Paravur,76.235,10.123,NA,NA,Theft,NA,NA,NA,NA,NA,2020,17
Ernakulam,Ernakulam Rural,Varapuzha,76.27228149,10.0710411,NA,NA,Theft,NA,NA,NA,NA,NA,2024,15
Ernakulam,Ernakulam Rural,Varapuzha,76.27228149,10.0710411,NA,NA,Theft,NA,NA,NA,NA,NA,2023,15
Ernakulam,Ernakulam Rural,Varapuzha,76.27228149,10.0710411,NA,NA,Theft,NA,NA,NA,NA,NA,2022,3
Ernakulam,Ernakulam Rural,Varapuzha,76.27228149,10.0710411,NA,NA,Theft,NA,NA,NA,NA,NA,2021,4
Ernakulam,Ernakulam Rural,Varapuzha,76.27228149,10.0710411,NA,NA,Theft,NA,NA,NA,NA,NA,2020,1
Ernakulam,Ernakulam Rural,Vadakkekara,76.21024822,10.17932836,NA,NA,Theft,NA,NA,NA,NA,NA,2024,25
Ernakulam,Ernakulam Rural,Vadakkekara,76.21024822,10.17932836,NA,NA,Theft,NA,NA,NA,NA,NA,2023,29
Ernakulam,Ernakulam Rural,Vadakkekara,76.21024822,10.17932836,NA,NA,Theft,NA,NA,NA,NA,NA,2022,15
Ernakulam,Ernakulam Rural,Vadakkekara,76.21024822,10.17932836,NA,NA,Theft,NA,NA,NA,NA,NA,2021,5
Ernakulam,Ernakulam Rural,Vadakkekara,76.21024822,10.17932836,NA,NA,Theft,NA,NA,NA,NA,NA,2020,6
Ernakulam,Ernakulam Rural,Puthenvelikkara,76.24459399,10.18096822,NA,NA,Theft,NA,NA,NA,NA,NA,2024,18
Ernakulam,Ernakulam Rural,Puthenvelikkara,76.24459399,10.18096822,NA,NA,Theft,NA,NA,NA,NA,NA,2023,13
Ernakulam,Ernakulam Rural,Puthenvelikkara,76.24459399,10.18096822,NA,NA,Theft,NA,NA,NA,NA,NA,2022,2
Ernakulam,Ernakulam Rural,Puthenvelikkara,76.24459399,10.18096822,NA,NA,Theft,NA,NA,NA,NA,NA,2021,3
Ernakulam,Ernakulam Rural,Puthenvelikkara,76.24459399,10.18096822,NA,NA,Theft,NA,NA,NA,NA,NA,2020,3
Ernakulam,Ernakulam Rural,Narakkal,76.21934938,10.03931449,NA,NA,Theft,NA,NA,NA,NA,NA,2024,19
Ernakulam,Ernakulam Rural,Narakkal,76.21934938,10.03931449,NA,NA,Theft,NA,NA,NA,NA,NA,2023,48
Ernakulam,Ernakulam Rural,Narakkal,76.21934938,10.03931449,NA,NA,Theft,NA,NA,NA,NA,NA,2022,11
Ernakulam,Ernakulam Rural,Narakkal,76.21934938,10.03931449,NA,NA,Theft,NA,NA,NA,NA,NA,2021,13
Ernakulam,Ernakulam Rural,Narakkal,76.21934938,10.03931449,NA,NA,Theft,NA,NA,NA,NA,NA,2020,7
Ernakulam,Ernakulam Rural,Munambam,76.192,10.134,NA,NA,Theft,NA,NA,NA,NA,NA,2024,4
Ernakulam,Ernakulam Rural,Munambam,76.192,10.134,NA,NA,Theft,NA,NA,NA,NA,NA,2023,17
Ernakulam,Ernakulam Rural,Munambam,76.192,10.134,NA,NA,Theft,NA,NA,NA,NA,NA,2022,19
Ernakulam,Ernakulam Rural,Munambam,76.192,10.134,NA,NA,Theft,NA,NA,NA,NA,NA,2021,10
Ernakulam,Ernakulam Rural,Munambam,76.192,10.134,NA,NA,Theft,NA,NA,NA,NA,NA,2020,3
Ernakulam,Ernakulam Rural,Perumbavur,76.4759013,10.11529846,NA,NA,Theft,NA,NA,NA,NA,NA,2024,80
Ernakulam,Ernakulam Rural,Perumbavur,76.4759013,10.11529846,NA,NA,Theft,NA,NA,NA,NA,NA,2023,146
Ernakulam,Ernakulam Rural,Perumbavur,76.4759013,10.11529846,NA,NA,Theft,NA,NA,NA,NA,NA,2022,59
Ernakulam,Ernakulam Rural,Perumbavur,76.4759013,10.11529846,NA,NA,Theft,NA,NA,NA,NA,NA,2021,55
Ernakulam,Ernakulam Rural,Perumbavur,76.4759013,10.11529846,NA,NA,Theft,NA,NA,NA,NA,NA,2020,41
Ernakulam,Ernakulam Rural,Kodanadu,76.503,10.148,NA,NA,Theft,NA,NA,NA,NA,NA,2024,6
Ernakulam,Ernakulam Rural,Kodanadu,76.503,10.148,NA,NA,Theft,NA,NA,NA,NA,NA,2023,10
Ernakulam,Ernakulam Rural,Kodanadu,76.503,10.148,NA,NA,Theft,NA,NA,NA,NA,NA,2022,2
Ernakulam,Ernakulam Rural,Kodanadu,76.503,10.148,NA,NA,Theft,NA,NA,NA,NA,NA,2021,5
Ernakulam,Ernakulam Rural,Kodanadu,76.503,10.148,NA,NA,Theft,NA,NA,NA,NA,NA,2020,4
Ernakulam,Ernakulam Rural,Kalady,76.44711404,10.17092043,NA,NA,Theft,NA,NA,NA,NA,NA,2024,17
Ernakulam,Ernakulam Rural,Kalady,76.44711404,10.17092043,NA,NA,Theft,NA,NA,NA,NA,NA,2023,29
Ernakulam,Ernakulam Rural,Kalady,76.44711404,10.17092043,NA,NA,Theft,NA,NA,NA,NA,NA,2022,31
Ernakulam,Ernakulam Rural,Kalady,76.44711404,10.17092043,NA,NA,Theft,NA,NA,NA,NA,NA,2021,13
Ernakulam,Ernakulam Rural,Kalady,76.44711404,10.17092043,NA,NA,Theft,NA,NA,NA,NA,NA,2020,13
Ernakulam,Ernakulam Rural,Ayyampuzha,76.4718996,10.25108573,NA,NA,Theft,NA,NA,NA,NA,NA,2024,1
Ernakulam,Ernakulam Rural,Ayyampuzha,76.4718996,10.25108573,NA,NA,Theft,NA,NA,NA,NA,NA,2023,1
Ernakulam,Ernakulam Rural,Ayyampuzha,76.4718996,10.25108573,NA,NA,Theft,NA,NA,NA,NA,NA,2022,0
Ernakulam,Ernakulam Rural,Ayyampuzha,76.4718996,10.25108573,NA,NA,Theft,NA,NA,NA,NA,NA,2021,1
Ernakulam,Ernakulam Rural,Ayyampuzha,76.4718996,10.25108573,NA,NA,Theft,NA,NA,NA,NA,NA,2020,3
Ernakulam,Ernakulam Rural,Kuruppampady,76.566,10.104,NA,NA,Theft,NA,NA,NA,NA,NA,2024,12
Ernakulam,Ernakulam Rural,Kuruppampady,76.566,10.104,NA,NA,Theft,NA,NA,NA,NA,NA,2023,32
Ernakulam,Ernakulam Rural,Kuruppampady,76.566,10.104,NA,NA,Theft,NA,NA,NA,NA,NA,2022,17
Ernakulam,Ernakulam Rural,Kuruppampady,76.566,10.104,NA,NA,Theft,NA,NA,NA,NA,NA,2021,14
Ernakulam,Ernakulam Rural,Kuruppampady,76.566,10.104,NA,NA,Theft,NA,NA,NA,NA,NA,2020,15
Ernakulam,Ernakulam Rural,Kottapady,76.58972135,10.11821316,NA,NA,Theft,NA,NA,NA,NA,NA,2024,2
Ernakulam,Ernakulam Rural,Kottapady,76.58972135,10.11821316,NA,NA,Theft,NA,NA,NA,NA,NA,2023,2
Ernakulam,Ernakulam Rural,Kottapady,76.58972135,10.11821316,NA,NA,Theft,NA,NA,NA,NA,NA,2022,0
Ernakulam,Ernakulam Rural,Kottapady,76.58972135,10.11821316,NA,NA,Theft,NA,NA,NA,NA,NA,2021,1
Ernakulam,Ernakulam Rural,Kottapady,76.58972135,10.11821316,NA,NA,Theft,NA,NA,NA,NA,NA,2020,1
Ernakulam,Ernakulam Rural,Kunnathunadu,76.45061617,10.02354599,NA,NA,Theft,NA,NA,NA,NA,NA,2024,16
Ernakulam,Ernakulam Rural,Kunnathunadu,76.45061617,10.02354599,NA,NA,Theft,NA,NA,NA,NA,NA,2023,16
Ernakulam,Ernakulam Rural,Kunnathunadu,76.45061617,10.02354599,NA,NA,Theft,NA,NA,NA,NA,NA,2022,23
Ernakulam,Ernakulam Rural,Kunnathunadu,76.45061617,10.02354599,NA,NA,Theft,NA,NA,NA,NA,NA,2021,18
Ernakulam,Ernakulam Rural,Kunnathunadu,76.45061617,10.02354599,NA,NA,Theft,NA,NA,NA,NA,NA,2020,13
Ernakulam,Ernakulam Rural,T.Parambu,76.42971347,10.08682468,NA,NA,Theft,NA,NA,NA,NA,NA,2024,7
Ernakulam,Ernakulam Rural,T.Parambu,76.42971347,10.08682468,NA,NA,Theft,NA,NA,NA,NA,NA,2023,17
Ernakulam,Ernakulam Rural,T.Parambu,76.42971347,10.08682468,NA,NA,Theft,NA,NA,NA,NA,NA,2022,8
Ernakulam,Ernakulam Rural,T.Parambu,76.42971347,10.08682468,NA,NA,Theft,NA,NA,NA,NA,NA,2021,7
Ernakulam,Ernakulam Rural,T.Parambu,76.42971347,10.08682468,NA,NA,Theft,NA,NA,NA,NA,NA,2020,8
Ernakulam,Ernakulam Rural,Muvattupuzha,76.58182976,9.980502221,NA,NA,Theft,NA,NA,NA,NA,NA,2024,32
Ernakulam,Ernakulam Rural,Muvattupuzha,76.58182976,9.980502221,NA,NA,Theft,NA,NA,NA,NA,NA,2023,63
Ernakulam,Ernakulam Rural,Muvattupuzha,76.58182976,9.980502221,NA,NA,Theft,NA,NA,NA,NA,NA,2022,34
Ernakulam,Ernakulam Rural,Muvattupuzha,76.58182976,9.980502221,NA,NA,Theft,NA,NA,NA,NA,NA,2021,30
Ernakulam,Ernakulam Rural,Muvattupuzha,76.58182976,9.980502221,NA,NA,Theft,NA,NA,NA,NA,NA,2020,25
Ernakulam,Ernakulam Rural,Vazhakkulam,76.64005006,9.943145827,NA,NA,Theft,NA,NA,NA,NA,NA,2024,11
Ernakulam,Ernakulam Rural,Vazhakkulam,76.64005006,9.943145827,NA,NA,Theft,NA,NA,NA,NA,NA,2023,5
Ernakulam,Ernakulam Rural,Vazhakkulam,76.64005006,9.943145827,NA,NA,Theft,NA,NA,NA,NA,NA,2022,14
Ernakulam,Ernakulam Rural,Vazhakkulam,76.64005006,9.943145827,NA,NA,Theft,NA,NA,NA,NA,NA,2021,1
Ernakulam,Ernakulam Rural,Vazhakkulam,76.64005006,9.943145827,NA,NA,Theft,NA,NA,NA,NA,NA,2020,2
Ernakulam,Ernakulam Rural,Kothamangalam,76.62540281,10.06448214,NA,NA,Theft,NA,NA,NA,NA,NA,2024,26
Ernakulam,Ernakulam Rural,Kothamangalam,76.62540281,10.06448214,NA,NA,Theft,NA,NA,NA,NA,NA,2023,46
Ernakulam,Ernakulam Rural,Kothamangalam,76.62540281,10.06448214,NA,NA,Theft,NA,NA,NA,NA,NA,2022,24
Ernakulam,Ernakulam Rural,Kothamangalam,76.62540281,10.06448214,NA,NA,Theft,NA,NA,NA,NA,NA,2021,29
Ernakulam,Ernakulam Rural,Kothamangalam,76.62540281,10.06448214,NA,NA,Theft,NA,NA,NA,NA,NA,2020,15
Ernakulam,Ernakulam Rural,Kuttampuzha,76.7370846,10.15117095,NA,NA,Theft,NA,NA,NA,NA,NA,2024,3
Ernakulam,Ernakulam Rural,Kuttampuzha,76.7370846,10.15117095,NA,NA,Theft,NA,NA,NA,NA,NA,2023,5
Ernakulam,Ernakulam Rural,Kuttampuzha,76.7370846,10.15117095,NA,NA,Theft,NA,NA,NA,NA,NA,2022,4
Ernakulam,Ernakulam Rural,Kuttampuzha,76.7370846,10.15117095,NA,NA,Theft,NA,NA,NA,NA,NA,2021,9
Ernakulam,Ernakulam Rural,Kuttampuzha,76.7370846,10.15117095,NA,NA,Theft,NA,NA,NA,NA,NA,2020,1
Ernakulam,Ernakulam Rural,Oonnukal,76.71390371,10.05073285,NA,NA,Theft,NA,NA,NA,NA,NA,2024,2
Ernakulam,Ernakulam Rural,Oonnukal,76.71390371,10.05073285,NA,NA,Theft,NA,NA,NA,NA,NA,2023,6
Ernakulam,Ernakulam Rural,Oonnukal,76.71390371,10.05073285,NA,NA,Theft,NA,NA,NA,NA,NA,2022,2
Ernakulam,Ernakulam Rural,Oonnukal,76.71390371,10.05073285,NA,NA,Theft,NA,NA,NA,NA,NA,2021,7
Ernakulam,Ernakulam Rural,Oonnukal,76.71390371,10.05073285,NA,NA,Theft,NA,NA,NA,NA,NA,2020,1
Ernakulam,Ernakulam Rural,Kalloorkkadu,76.67078627,9.969093731,NA,NA,Theft,NA,NA,NA,NA,NA,2024,6
Ernakulam,Ernakulam Rural,Kalloorkkadu,76.67078627,9.969093731,NA,NA,Theft,NA,NA,NA,NA,NA,2023,6
Ernakulam,Ernakulam Rural,Kalloorkkadu,76.67078627,9.969093731,NA,NA,Theft,NA,NA,NA,NA,NA,2022,1
Ernakulam,Ernakulam Rural,Kalloorkkadu,76.67078627,9.969093731,NA,NA,Theft,NA,NA,NA,NA,NA,2021,3
Ernakulam,Ernakulam Rural,Kalloorkkadu,76.67078627,9.969093731,NA,NA,Theft,NA,NA,NA,NA,NA,2020,1
Ernakulam,Ernakulam Rural,Pothanikkadu,76.6837925,10.00440261,NA,NA,Theft,NA,NA,NA,NA,NA,2024,12
Ernakulam,Ernakulam Rural,Pothanikkadu,76.6837925,10.00440261,NA,NA,Theft,NA,NA,NA,NA,NA,2023,6
Ernakulam,Ernakulam Rural,Pothanikkadu,76.6837925,10.00440261,NA,NA,Theft,NA,NA,NA,NA,NA,2022,4
Ernakulam,Ernakulam Rural,Pothanikkadu,76.6837925,10.00440261,NA,NA,Theft,NA,NA,NA,NA,NA,2021,3
Ernakulam,Ernakulam Rural,Pothanikkadu,76.6837925,10.00440261,NA,NA,Theft,NA,NA,NA,NA,NA,2020,5
Ernakulam,Ernakulam Rural,Puthencruz,76.43613991,9.970218815,NA,NA,Theft,NA,NA,NA,NA,NA,2024,12
Ernakulam,Ernakulam Rural,Puthencruz,76.43613991,9.970218815,NA,NA,Theft,NA,NA,NA,NA,NA,2023,35
Ernakulam,Ernakulam Rural,Puthencruz,76.43613991,9.970218815,NA,NA,Theft,NA,NA,NA,NA,NA,2022,15
Ernakulam,Ernakulam Rural,Puthencruz,76.43613991,9.970218815,NA,NA,Theft,NA,NA,NA,NA,NA,2021,16
Ernakulam,Ernakulam Rural,Puthencruz,76.43613991,9.970218815,NA,NA,Theft,NA,NA,NA,NA,NA,2020,7
Ernakulam,Ernakulam Rural,R.mangalam,76.507,9.918,NA,NA,Theft,NA,NA,NA,NA,NA,2024,1
Ernakulam,Ernakulam Rural,R.mangalam,76.507,9.918,NA,NA,Theft,NA,NA,NA,NA,NA,2023,8
Ernakulam,Ernakulam Rural,R.mangalam,76.507,9.918,NA,NA,Theft,NA,NA,NA,NA,NA,2022,3
Ernakulam,Ernakulam Rural,R.mangalam,76.507,9.918,NA,NA,Theft,NA,NA,NA,NA,NA,2021,3
Ernakulam,Ernakulam Rural,R.mangalam,76.507,9.918,NA,NA,Theft,NA,NA,NA,NA,NA,2020,1
Ernakulam,Ernakulam Rural,Piravom,76.4894971,9.865539262,NA,NA,Theft,NA,NA,NA,NA,NA,2024,17
Ernakulam,Ernakulam Rural,Piravom,76.4894971,9.865539262,NA,NA,Theft,NA,NA,NA,NA,NA,2023,5
Ernakulam,Ernakulam Rural,Piravom,76.4894971,9.865539262,NA,NA,Theft,NA,NA,NA,NA,NA,2022,4
Ernakulam,Ernakulam Rural,Piravom,76.4894971,9.865539262,NA,NA,Theft,NA,NA,NA,NA,NA,2021,0
Ernakulam,Ernakulam Rural,Piravom,76.4894971,9.865539262,NA,NA,Theft,NA,NA,NA,NA,NA,2020,6
Ernakulam,Ernakulam Rural,Mulamthuruthy,76.42,9.872,NA,NA,Theft,NA,NA,NA,NA,NA,2024,11
Ernakulam,Ernakulam Rural,Mulamthuruthy,76.42,9.872,NA,NA,Theft,NA,NA,NA,NA,NA,2023,5
Ernakulam,Ernakulam Rural,Mulamthuruthy,76.42,9.872,NA,NA,Theft,NA,NA,NA,NA,NA,2022,8
Ernakulam,Ernakulam Rural,Mulamthuruthy,76.42,9.872,NA,NA,Theft,NA,NA,NA,NA,NA,2021,3
Ernakulam,Ernakulam Rural,Mulamthuruthy,76.42,9.872,NA,NA,Theft,NA,NA,NA,NA,NA,2020,4
Ernakulam,Ernakulam Rural,Koothattukulam,76.59543793,9.862181088,NA,NA,Theft,NA,NA,NA,NA,NA,2024,17
Ernakulam,Ernakulam Rural,Koothattukulam,76.59543793,9.862181088,NA,NA,Theft,NA,NA,NA,NA,NA,2023,19
Ernakulam,Ernakulam Rural,Koothattukulam,76.59543793,9.862181088,NA,NA,Theft,NA,NA,NA,NA,NA,2022,17
Ernakulam,Ernakulam Rural,Koothattukulam,76.59543793,9.862181088,NA,NA,Theft,NA,NA,NA,NA,NA,2021,4
Ernakulam,Ernakulam Rural,Koothattukulam,76.59543793,9.862181088,NA,NA,Theft,NA,NA,NA,NA,NA,2020,5
Ernakulam,Ernakulam Rural,Chottanikara,76.392,9.917,NA,NA,Theft,NA,NA,NA,NA,NA,2024,8
Ernakulam,Ernakulam Rural,Chottanikara,76.392,9.917,NA,NA,Theft,NA,NA,NA,NA,NA,2023,15
Ernakulam,Ernakulam Rural,Chottanikara,76.392,9.917,NA,NA,Theft,NA,NA,NA,NA,NA,2022,8
Ernakulam,Ernakulam Rural,Chottanikara,76.392,9.917,NA,NA,Theft,NA,NA,NA,NA,NA,2021,6
Ernakulam,Ernakulam Rural,Chottanikara,76.392,9.917,NA,NA,Theft,NA,NA,NA,NA,NA,2020,3
