{
"type": "FeatureCollection",
"name": "trivandrum_shapefile",
"crs": { "type": "name", "properties": { "name": "urn:ogc:def:crs:OGC:1.3:CRS84" } },
"features": [
{ "type": "Feature", "properties": { "Area_ha": 218289.084, "IdToMrg": 1, "OBJECTID": null, "VILNAM_SOI": null, "DTNAME": null, "STNAME": null, "Shape_Length": null, "Shape_Area": null, "STCODE11": null, "DTCODE11": null, "SDTCODE11": null, "VILCODE11": null, "SDTNAME": null, "VILNAME11": null, "layer": "Calculated", "path": "MultiPolygon?crs=EPSG:4326&field=Area_ha:double(10,3)&field=IdToMrg:integer(10,0)&uid={4c471396-3570-439a-8b80-27d09049b8cc}" }, "geometry": { "type": "MultiPolygon", "coordinates": [ [ [ [ 76.855438670556353, 8.548541430080173 ], [ 76.853779569363169, 8.550524979827667 ], [ 76.852317900801452, 8.552522951883034 ], [ 76.851463878749044, 8.553540281861943 ], [ 76.849342598833744, 8.555859448767755 ], [ 76.848116022076837, 8.557332583064284 ], [ 76.847076011031348, 8.558507951367263 ], [ 76.846335671676499, 8.559443674997288 ], [ 76.845508227180076, 8.560587811010397 ], [ 76.844196482947694, 8.562092920155758 ], [ 76.842497296231571, 8.564579477363781 ], [ 76.842242532220368, 8.56502677237328 ], [ 76.841688911290547, 8.565781664897919 ], [ 76.840380265347576, 8.567291344187556 ], [ 76.839149161081636, 8.568426331210407 ], [ 76.838667827582711, 8.56891881422407 ], [ 76.837708992797886, 8.570103264980867 ], [ 76.837000778095913, 8.571287397595748 ], [ 76.836341562899364, 8.572173750276253 ], [ 76.834888057328627, 8.573846299861874 ], [ 76.833916719791702, 8.5749128062895 ], [ 76.832530630986398, 8.57657612624363 ], [ 76.831581052442289, 8.57759776128845 ], [ 76.830913644610348, 8.578370775227157 ], [ 76.830172937844509, 8.579401714443494 ], [ 76.828312782012674, 8.581740570878305 ], [ 76.827020072182847, 8.583365954695088 ], [ 76.825970731234833, 8.584753697033142 ], [ 76.824912785324727, 8.586010260557922 ], [ 76.823858527897173, 8.587136094247315 ], [ 76.823576580865478, 8.587528949754335 ], [ 76.822882220880089, 8.588302090030311 ], [ 76.821405500147449, 8.590291207687503 ], [ 76.821073544802189, 8.590855979896961 ], [ 76.817530021586379, 8.595263131913018 ], [ 76.816407446383138, 8.596840886377281 ], [ 76.815176242404178, 8.598450301044313 ], [ 76.814318283035902, 8.599498679109935 ], [ 76.812809936215388, 8.601428735900136 ], [ 76.811606269193121, 8.602775747283514 ], [ 76.809906650387362, 8.604791793039936 ], [ 76.808379987816522, 8.606699460662659 ], [ 76.805686279842632, 8.609958269246038 ], [ 76.804186502949932, 8.612073549382174 ], [ 76.801551597796205, 8.614948562204917 ], [ 76.801160243149425, 8.615481653617771 ], [ 76.799774597213542, 8.617624530393922 ], [ 76.798788641392008, 8.61894891127236 ], [ 76.798586350671499, 8.619189623163315 ], [ 76.797634059215213, 8.620322786852091 ], [ 76.797107405710207, 8.620851461830666 ], [ 76.795866638266745, 8.622194320288902 ], [ 76.792563213166787, 8.626121891077446 ], [ 76.792145133640304, 8.626709699116146 ], [ 76.791395890184333, 8.628016066681768 ], [ 76.79118294095295, 8.628330869250922 ], [ 76.790995559571229, 8.628607871989711 ], [ 76.78854661556278, 8.631794395140515 ], [ 76.787674284946576, 8.633037754861954 ], [ 76.78731549512716, 8.633715757428963 ], [ 76.787297074273951, 8.633819792750478 ], [ 76.785357153434717, 8.635595842913778 ], [ 76.785270787606677, 8.635600456756077 ], [ 76.784866331929777, 8.635970987630511 ], [ 76.783961566741937, 8.63700149642999 ], [ 76.783498702605257, 8.63764781417871 ], [ 76.782858070857017, 8.638438525705732 ], [ 76.780235254332098, 8.642045871841084 ], [ 76.779217950002078, 8.643360761038061 ], [ 76.778095052303669, 8.645015434588338 ], [ 76.776663779137891, 8.646683235061678 ], [ 76.775182000890197, 8.648653864355378 ], [ 76.774368777623081, 8.649657120049364 ], [ 76.771986959325901, 8.652314743691631 ], [ 76.771155680819888, 8.653530677258292 ], [ 76.76984196209051, 8.655193911677854 ], [ 76.769005688951495, 8.656332792134021 ], [ 76.76841261311607, 8.65705539306154 ], [ 76.768052108412775, 8.657494629557705 ], [ 76.766170268148258, 8.659948481751906 ], [ 76.765120681061873, 8.661191443961794 ], [ 76.764689090873489, 8.661625579883637 ], [ 76.764357217274934, 8.662027752813396 ], [ 76.762443800329876, 8.664604110379491 ], [ 76.761603253006697, 8.665584632714449 ], [ 76.760502890445508, 8.666746050813893 ], [ 76.758775335831047, 8.668780019334177 ], [ 76.757471493179892, 8.670560613925506 ], [ 76.756444254381179, 8.671830585597817 ], [ 76.753163374299902, 8.675513901162308 ], [ 76.750944637956067, 8.677800954856137 ], [ 76.749666668581739, 8.67921482394609 ], [ 76.748541793691388, 8.680277825294358 ], [ 76.747778904826234, 8.681302448587839 ], [ 76.747386228757676, 8.681830499823485 ], [ 76.74626732137574, 8.68380850458939 ], [ 76.745138201945679, 8.685012854231077 ], [ 76.743986963298369, 8.686448143394665 ], [ 76.742015165741321, 8.688472473310856 ], [ 76.740350365635948, 8.690103167580787 ], [ 76.739242629702929, 8.691675499913911 ], [ 76.738765305385115, 8.692353020261772 ], [ 76.736792995788349, 8.69468486015692 ], [ 76.735633242010465, 8.696431838696739 ], [ 76.735510235698612, 8.696576021220041 ], [ 76.735168223713742, 8.696978204653455 ], [ 76.734708817192598, 8.697518434724474 ], [ 76.733620969959944, 8.698840754905314 ], [ 76.732741778011601, 8.700004249162577 ], [ 76.731934842951432, 8.700973200996831 ], [ 76.730729184364222, 8.70244881228105 ], [ 76.729881770319039, 8.70368926993655 ], [ 76.729028952009116, 8.704626425636118 ], [ 76.727714113080594, 8.706025537670847 ], [ 76.726712545437692, 8.707343274332404 ], [ 76.725705743311664, 8.708353250424834 ], [ 76.72404721614194, 8.710490074092085 ], [ 76.722768641303119, 8.712083319948468 ], [ 76.721149886144275, 8.713786461939476 ], [ 76.719118294925281, 8.716213713384706 ], [ 76.719096227810311, 8.716240078118428 ], [ 76.717088050280879, 8.718644128760429 ], [ 76.715773726086979, 8.720468399886188 ], [ 76.715584653177572, 8.721056444761102 ], [ 76.715662264024857, 8.721404258886182 ], [ 76.715703313440088, 8.72171170483653 ], [ 76.715544297261758, 8.721829469769284 ], [ 76.715117218412729, 8.721748882363812 ], [ 76.714690385702127, 8.721632081695226 ], [ 76.714149677156186, 8.721831987043268 ], [ 76.712834506749331, 8.723231623377542 ], [ 76.711403325211691, 8.725240983764722 ], [ 76.710133473912606, 8.726536438788951 ], [ 76.70942128686039, 8.72750948705904 ], [ 76.708701398551284, 8.728953111388927 ], [ 76.705763350616721, 8.732240156266917 ], [ 76.704104479392271, 8.734607683234328 ], [ 76.702948196704625, 8.735739650658665 ], [ 76.70193649876029, 8.736898761041612 ], [ 76.701315281401975, 8.737329665180253 ], [ 76.70011641317997, 8.737720543651406 ], [ 76.699341337769695, 8.738575886597943 ], [ 76.698960823093444, 8.739661669298458 ], [ 76.698844644876061, 8.740511604135358 ], [ 76.698501580065695, 8.741525239140692 ], [ 76.697926964609366, 8.742796022089083 ], [ 76.69734137982509, 8.743497976432998 ], [ 76.696452239933294, 8.744435429100829 ], [ 76.696185397174787, 8.744973788156296 ], [ 76.695646840093943, 8.74594221400506 ], [ 76.695180929770146, 8.746915040271146 ], [ 76.694332756648578, 8.748041834898675 ], [ 76.693249527654814, 8.749517596652277 ], [ 76.692404269566282, 8.75183822561498 ], [ 76.692122283008715, 8.752501719712459 ], [ 76.692083241328163, 8.752593583320243 ], [ 76.691557434934495, 8.753430985022991 ], [ 76.690375235850894, 8.755476515093681 ], [ 76.689758514560594, 8.756435902880026 ], [ 76.688947731117736, 8.757549073153539 ], [ 76.688522031182686, 8.758345655010769 ], [ 76.687873664939858, 8.759400276434929 ], [ 76.686658174291864, 8.760902869655816 ], [ 76.685847485172118, 8.762396142572483 ], [ 76.685394331823701, 8.763088599239527 ], [ 76.685076957033814, 8.763509720272086 ], [ 76.684392908809571, 8.764292709169894 ], [ 76.682503034013138, 8.766940922620023 ], [ 76.682371924897438, 8.767325016353263 ], [ 76.682454292324167, 8.767664185209515 ], [ 76.682531534862179, 8.76775458816218 ], [ 76.682241308956804, 8.768197912644705 ], [ 76.681977294993118, 8.768216414746439 ], [ 76.681723198430163, 8.768357346751966 ], [ 76.681328864969899, 8.768945567280886 ], [ 76.680677195621783, 8.77032055758796 ], [ 76.680287684317932, 8.771017642732561 ], [ 76.679435273843154, 8.772190024255135 ], [ 76.67882741263648, 8.772882802696493 ], [ 76.677707709347217, 8.774276989578167 ], [ 76.67549579570796, 8.777549075178012 ], [ 76.675215510559525, 8.778024549167013 ], [ 76.674766502037826, 8.778929531709332 ], [ 76.673797940295103, 8.780590265608051 ], [ 76.673499607094328, 8.78115062667729 ], [ 76.67448699303381, 8.781431888660716 ], [ 76.674543076653592, 8.781779696085854 ], [ 76.675055139721763, 8.782491659362677 ], [ 76.675297142266032, 8.782757367276917 ], [ 76.675726916060896, 8.783338587916328 ], [ 76.675888866136944, 8.784002302741591 ], [ 76.675624740782169, 8.784880474041813 ], [ 76.675600061366382, 8.785463682633621 ], [ 76.675762027612109, 8.786100306783988 ], [ 76.676113506941746, 8.786469498947843 ], [ 76.676116071631867, 8.787029996726966 ], [ 76.676381487865712, 8.787453684662974 ], [ 76.676438470699125, 8.788009490868124 ], [ 76.677052659638676, 8.788164936594201 ], [ 76.677318457656526, 8.787661992904429 ], [ 76.677556060252542, 8.786942217397408 ], [ 76.677586336172553, 8.785586004760338 ], [ 76.678489840125735, 8.78441574118985 ], [ 76.679015282701755, 8.78404271266375 ], [ 76.679540937280137, 8.782711423668987 ], [ 76.679534719141742, 8.781332718607247 ], [ 76.679694719873609, 8.780536439956151 ], [ 76.680648675908131, 8.779469885392444 ], [ 76.681285542817022, 8.778617226186675 ], [ 76.681600432866801, 8.777924245378163 ], [ 76.681490199699979, 8.77664991942917 ], [ 76.681295851883206, 8.77585524119441 ], [ 76.681562270636917, 8.775483364413912 ], [ 76.681771744286436, 8.775586415713066 ], [ 76.682254300392458, 8.775796774332187 ], [ 76.682576414693784, 8.775691296737099 ], [ 76.682839966025085, 8.775690164793501 ], [ 76.683480871759485, 8.775737006835522 ], [ 76.684019371348128, 8.776268051284157 ], [ 76.683753435888036, 8.776748425774842 ], [ 76.683756122749045, 8.777331545056752 ], [ 76.683757984956642, 8.777756423063144 ], [ 76.684080099257955, 8.778654557833589 ], [ 76.684617246882112, 8.778864583567294 ], [ 76.685789250087211, 8.778809668344929 ], [ 76.686745106956835, 8.778168051161153 ], [ 76.687439858607689, 8.778056486641976 ], [ 76.688081651877596, 8.778320294305832 ], [ 76.68845378886553, 8.778210178710351 ], [ 76.688612354987868, 8.77810549637608 ], [ 76.689148040154762, 8.777994571049302 ], [ 76.689626045395499, 8.778204888352661 ], [ 76.689841809946984, 8.778683084358498 ], [ 76.689842946315807, 8.778949815072917 ], [ 76.690004136417116, 8.779428250709707 ], [ 76.690712341237685, 8.782290960068531 ], [ 76.691851714936718, 8.786055909204963 ], [ 76.691804863303062, 8.787755736990297 ], [ 76.691437903306152, 8.789000508300132 ], [ 76.691601743437559, 8.790062023129519 ], [ 76.692191984189932, 8.790963422578614 ], [ 76.692834591333465, 8.791385469873322 ], [ 76.693101177173844, 8.791063381939459 ], [ 76.693525270022832, 8.790374312797899 ], [ 76.694269490998067, 8.790158586147514 ], [ 76.695282432210746, 8.79009978241435 ], [ 76.69602788926781, 8.79015070368866 ], [ 76.696724260581092, 8.790409694619862 ], [ 76.697793269243959, 8.790671672692627 ], [ 76.698861619441672, 8.790775308357828 ], [ 76.699818915412379, 8.790450060343073 ], [ 76.700727847884878, 8.79050022164374 ], [ 76.702127644083092, 8.790548177733509 ], [ 76.70261655127814, 8.792137147266757 ], [ 76.70389839867957, 8.79223983528288 ], [ 76.704318181411836, 8.790642255775952 ], [ 76.705648360870455, 8.790369599660185 ], [ 76.707783714691317, 8.790310262414417 ], [ 76.708428728421509, 8.791261091829318 ], [ 76.709010984947653, 8.790408690559181 ], [ 76.709384965278517, 8.790705318909639 ], [ 76.709445774935034, 8.792088284092284 ], [ 76.709183794757152, 8.793413919019148 ], [ 76.708976036889837, 8.794689565137894 ], [ 76.710148337437289, 8.794684280341912 ], [ 76.711803555213507, 8.79494346607229 ], [ 76.712713969007865, 8.795309961311686 ], [ 76.713784494925221, 8.79588823357407 ], [ 76.715230481597018, 8.797106723309843 ], [ 76.717481397390955, 8.79942896520236 ], [ 76.718769571626936, 8.800910237046955 ], [ 76.720377663783324, 8.80276531729654 ], [ 76.720751473434319, 8.803025732205775 ], [ 76.721819947599542, 8.803184553891175 ], [ 76.722138288078355, 8.803231871833537 ], [ 76.722909523190808, 8.802961692000448 ], [ 76.725359441871305, 8.801142367269486 ], [ 76.727922258121794, 8.799187003043617 ], [ 76.729303434040801, 8.799153491646335 ], [ 76.731215380443743, 8.798914262669053 ], [ 76.732701142719733, 8.798907381770951 ], [ 76.734146122380096, 8.798900792052528 ], [ 76.735314447882402, 8.798036549863994 ], [ 76.736405700628325, 8.797217949189701 ], [ 76.738442609873815, 8.797479742234119 ], [ 76.739136137120909, 8.796152120872948 ], [ 76.740422970172162, 8.795368758891241 ], [ 76.742142502831143, 8.794818387010357 ], [ 76.743391470994837, 8.794695137565913 ], [ 76.744760101042587, 8.794883159245215 ], [ 76.74593819931691, 8.795148889346356 ], [ 76.747544671810857, 8.7956884106435 ], [ 76.748403242931872, 8.795643773632825 ], [ 76.749028264655394, 8.795630497314823 ], [ 76.751797540707614, 8.795655207866915 ], [ 76.753782202139575, 8.795433572754167 ], [ 76.755984350193344, 8.79508433732056 ], [ 76.758205128407823, 8.794843448279071 ], [ 76.758841436564609, 8.793927444045362 ], [ 76.75940984735729, 8.793052408436381 ], [ 76.760191697861444, 8.791181894607618 ], [ 76.760317301202775, 8.790842282950983 ], [ 76.760682604706318, 8.791220318711861 ], [ 76.76104936617557, 8.791919214671378 ], [ 76.761435086588904, 8.792767236706879 ], [ 76.761419906857256, 8.793404623321239 ], [ 76.761359181642362, 8.794019664046131 ], [ 76.761017649357839, 8.794830369901311 ], [ 76.760957923967865, 8.795657870232382 ], [ 76.760899968258983, 8.796846894588493 ], [ 76.760970659383645, 8.798351773018402 ], [ 76.761040854638267, 8.79973469632893 ], [ 76.762429815357521, 8.799429857383112 ], [ 76.765858055976295, 8.798925662180121 ], [ 76.766946995560332, 8.798599661414482 ], [ 76.768608106284816, 8.798189548307896 ], [ 76.770685835875128, 8.799404776006778 ], [ 76.768077525345404, 8.803195849405943 ], [ 76.768056681735857, 8.803598231920541 ], [ 76.770201271136145, 8.805477659711659 ], [ 76.771523655913086, 8.805512107976334 ], [ 76.771527841164001, 8.80638452197074 ], [ 76.771110987837844, 8.808551590773154 ], [ 76.770923532794271, 8.809257659615655 ], [ 76.77092992520582, 8.810613688772047 ], [ 76.771888294663327, 8.810527765921494 ], [ 76.774744093748751, 8.810026227689727 ], [ 76.77589527041232, 8.809401479740222 ], [ 76.777002557187728, 8.809102458880083 ], [ 76.777834796891128, 8.809243186253902 ], [ 76.778690699117405, 8.80958271533475 ], [ 76.779756037263994, 8.810020699878425 ], [ 76.780333691720941, 8.810144475960067 ], [ 76.780888189406468, 8.810164486860659 ], [ 76.781227836127158, 8.809927850923364 ], [ 76.781613929341361, 8.809885369231905 ], [ 76.78208201807972, 8.809905728131501 ], [ 76.782423397650618, 8.810030631651726 ], [ 76.782916329298146, 8.810475817700794 ], [ 76.783495615993942, 8.810938657190501 ], [ 76.784691329332659, 8.811082165073461 ], [ 76.785309865219844, 8.811205779235788 ], [ 76.785823743783183, 8.8112893042144 ], [ 76.786333625741818, 8.81147668718447 ], [ 76.786825082355662, 8.811623530883104 ], [ 76.787447039027469, 8.811512123802542 ], [ 76.788105122346721, 8.811341713931778 ], [ 76.788510401778723, 8.811529656134462 ], [ 76.788899347143939, 8.812101912766318 ], [ 76.789497794904761, 8.812754431712282 ], [ 76.790462776861034, 8.813111522669949 ], [ 76.791080477315035, 8.813045291569326 ], [ 76.792339259573197, 8.813061875754959 ], [ 76.792339423066579, 8.813098064998448 ], [ 76.792340220770569, 8.813274346253115 ], [ 76.792108558733517, 8.814224618655107 ], [ 76.78959153590128, 8.814299856212916 ], [ 76.789511068411372, 8.815511654150212 ], [ 76.78937038505137, 8.817442446653853 ], [ 76.789204336860976, 8.817890686330381 ], [ 76.788756981239416, 8.818403598595003 ], [ 76.78833078363769, 8.818595505206623 ], [ 76.787694611126497, 8.818598454132767 ], [ 76.787222029913423, 8.818600745276145 ], [ 76.786943821669951, 8.81838955612425 ], [ 76.786537961926243, 8.818093180773404 ], [ 76.785620843106585, 8.818246740819919 ], [ 76.783382736390294, 8.818682228658094 ], [ 76.782788584373165, 8.818920051163513 ], [ 76.783878639664778, 8.819764678005159 ], [ 76.787071598035951, 8.822276270429134 ], [ 76.788284000275979, 8.822098817284694 ], [ 76.789882183116504, 8.821815451319793 ], [ 76.791121708189934, 8.821619689374032 ], [ 76.791356726332907, 8.822296617993651 ], [ 76.793040630909374, 8.82566517459321 ], [ 76.794136497402576, 8.827698513160875 ], [ 76.792582892559736, 8.82874550731913 ], [ 76.791455615574307, 8.829618754995975 ], [ 76.790651405104398, 8.830580814380646 ], [ 76.789802873555018, 8.831782682717979 ], [ 76.788663548364994, 8.833930623428516 ], [ 76.788389399608292, 8.834569292722819 ], [ 76.788090566045852, 8.834783182631208 ], [ 76.786897813554319, 8.835295085228477 ], [ 76.785980189881499, 8.835344601330435 ], [ 76.784912272671747, 8.835349684046999 ], [ 76.784661808895791, 8.836178087798702 ], [ 76.784411361289543, 8.837029052018982 ], [ 76.783752705743424, 8.838031144577633 ], [ 76.783200714357534, 8.838521915752722 ], [ 76.782562290668267, 8.839013130097587 ], [ 76.781922700965751, 8.839246638849234 ], [ 76.781328101587633, 8.839398603866838 ], [ 76.781073915193133, 8.839463083350505 ], [ 76.781092702558993, 8.839589585281296 ], [ 76.781266517583319, 8.839823841952233 ], [ 76.781504579218449, 8.840184296626404 ], [ 76.781442122051686, 8.841373366705799 ], [ 76.781446176148563, 8.842223178310682 ], [ 76.779507141946524, 8.84250808906164 ], [ 76.777953785038719, 8.842682629807907 ], [ 76.775993098743399, 8.843202748935667 ], [ 76.775180235700674, 8.843333135654635 ], [ 76.775373383368233, 8.843802253891345 ], [ 76.775954748765614, 8.844690012426012 ], [ 76.777308017621991, 8.846383199033406 ], [ 76.777740226749586, 8.847438848611345 ], [ 76.777783509376604, 8.847926852060702 ], [ 76.777956764750499, 8.848057053368205 ], [ 76.778536082887356, 8.848497338221554 ], [ 76.779905340857468, 8.849747470200089 ], [ 76.781041548893455, 8.850700277740923 ], [ 76.781663187561634, 8.851461267972086 ], [ 76.781879422830329, 8.852011702744775 ], [ 76.782073672730718, 8.852711439587138 ], [ 76.782079002435296, 8.853814288378871 ], [ 76.781955384370747, 8.854578763135923 ], [ 76.781959780725757, 8.855491850172676 ], [ 76.781751977044308, 8.856681621711841 ], [ 76.780869748790309, 8.859402345067052 ], [ 76.780686352335152, 8.859904485370796 ], [ 76.780573726056431, 8.860212851350299 ], [ 76.780574901052788, 8.860466030847926 ], [ 76.780703513750339, 8.860741102689321 ], [ 76.781155443593363, 8.861163878779907 ], [ 76.781798760406005, 8.861689717164033 ], [ 76.782609356100934, 8.862029332851018 ], [ 76.782799810619281, 8.861942529068951 ], [ 76.783207154379795, 8.861601613866522 ], [ 76.783419004073252, 8.861238957639015 ], [ 76.783498230091425, 8.860705291801208 ], [ 76.783643120261914, 8.859646841760535 ], [ 76.783853334123251, 8.858945218653412 ], [ 76.784127579898012, 8.8583246800541 ], [ 76.784936013348073, 8.857281221871609 ], [ 76.788355196253846, 8.853870322381347 ], [ 76.789246139064417, 8.852975590711232 ], [ 76.789777126940649, 8.85282392243508 ], [ 76.790227192779469, 8.852862483029774 ], [ 76.79133782038943, 8.853241384616526 ], [ 76.792194003788396, 8.85361700963835 ], [ 76.792726045388463, 8.853677749787174 ], [ 76.793304876638402, 8.854036563905629 ], [ 76.793433273740291, 8.854270949850275 ], [ 76.793371610684233, 8.854673569565337 ], [ 76.793287373863421, 8.85509886278893 ], [ 76.793162761363817, 8.855650929752768 ], [ 76.793204812400589, 8.855885769122963 ], [ 76.793527876221162, 8.855970128980756 ], [ 76.794146073443514, 8.856007847795178 ], [ 76.794572265655333, 8.855793331139928 ], [ 76.794975790677569, 8.855601571712942 ], [ 76.795550727730785, 8.855151362140827 ], [ 76.796057026309768, 8.854597500568678 ], [ 76.797643980209216, 8.851977220654749 ], [ 76.798640869426066, 8.850444715363052 ], [ 76.800146161974652, 8.848801193099655 ], [ 76.800870558029857, 8.848246286109845 ], [ 76.801274751398694, 8.848181057233514 ], [ 76.80153425492135, 8.848288300043613 ], [ 76.801980199289616, 8.848412684621803 ], [ 76.802687672881504, 8.84904666701191 ], [ 76.803459443389869, 8.849829489034258 ], [ 76.805329937932356, 8.852261267307751 ], [ 76.806533834025004, 8.854036450291458 ], [ 76.806896612364255, 8.854821188695261 ], [ 76.806856914015242, 8.85505640937922 ], [ 76.80673044290134, 8.855224223208367 ], [ 76.806369268054837, 8.855714163740256 ], [ 76.806263505803159, 8.856397210116512 ], [ 76.806460809077223, 8.856775898587106 ], [ 76.807034127366279, 8.856922315945361 ], [ 76.80742039934519, 8.856920505233839 ], [ 76.807760489833655, 8.856769633877761 ], [ 76.808100312624191, 8.856555626264345 ], [ 76.808569064319201, 8.85576680502135 ], [ 76.809052161211042, 8.85512721920345 ], [ 76.809626752412839, 8.854595536289303 ], [ 76.810266640356033, 8.854420742898052 ], [ 76.810843445905022, 8.854354647033928 ], [ 76.811738952157242, 8.854395506377456 ], [ 76.81278587214554, 8.854752119413195 ], [ 76.813811121175931, 8.855316710152874 ], [ 76.814444994898267, 8.855761119014209 ], [ 76.81477481584642, 8.856301939913944 ], [ 76.81494983640988, 8.856766607147909 ], [ 76.815160426665315, 8.858013100262472 ], [ 76.815341614163145, 8.858825844583338 ], [ 76.815624872735171, 8.85913182382812 ], [ 76.816115816410985, 8.859152051306445 ], [ 76.816622829150617, 8.858760945107209 ], [ 76.817336051062014, 8.85778560715433 ], [ 76.81822544607536, 8.856592557713538 ], [ 76.818903347128099, 8.855825347989464 ], [ 76.819412855387597, 8.854995770645411 ], [ 76.819812143954977, 8.853954176763253 ], [ 76.820000703926354, 8.853483243873308 ], [ 76.820426224198371, 8.853142111350307 ], [ 76.820598670190179, 8.853100598584414 ], [ 76.820894881570283, 8.853266412627351 ], [ 76.821521230105517, 8.854027246656498 ], [ 76.821534448814901, 8.853950414180829 ], [ 76.822568205789366, 8.852544195347486 ], [ 76.824064092976911, 8.849919828405588 ], [ 76.823805847993953, 8.85008826236159 ], [ 76.823970681662047, 8.849409490596502 ], [ 76.823980132837193, 8.849319412948399 ], [ 76.82417469894456, 8.847464845417369 ], [ 76.824339988956865, 8.845958920948812 ], [ 76.824210654013811, 8.845534632611356 ], [ 76.823439035320732, 8.844792604168868 ], [ 76.823753654977622, 8.844090460983386 ], [ 76.824943126821765, 8.842941091272438 ], [ 76.825812518150371, 8.842299540122831 ], [ 76.826901943722959, 8.842059241976354 ], [ 76.828102844832458, 8.843242143141556 ], [ 76.829075049243642, 8.843178684214134 ], [ 76.832291194030589, 8.842019449093751 ], [ 76.835383700990008, 8.84068004372226 ], [ 76.838957001560885, 8.839157392215034 ], [ 76.838958888921283, 8.837710986222211 ], [ 76.839572556837965, 8.837194994020468 ], [ 76.843565617683211, 8.833837368612794 ], [ 76.845897727704099, 8.833129900775276 ], [ 76.846595766290562, 8.832778388609016 ], [ 76.846884914217597, 8.832429000284542 ], [ 76.847223444332414, 8.831984331583977 ], [ 76.8467893640141, 8.830580777098616 ], [ 76.845909126426733, 8.829012154894269 ], [ 76.845454981338236, 8.828146490947617 ], [ 76.845434856380919, 8.827762404387659 ], [ 76.845538457286011, 8.82757204620761 ], [ 76.845477388914702, 8.827179113364664 ], [ 76.845106374820872, 8.826570736560802 ], [ 76.844874471137018, 8.825636301944604 ], [ 76.846086453863833, 8.824459629963773 ], [ 76.84653575343971, 8.824353471181286 ], [ 76.848183366078729, 8.82398380019697 ], [ 76.849359062257946, 8.823729404348965 ], [ 76.848586901880779, 8.82197495910258 ], [ 76.849867902170857, 8.820978830809517 ], [ 76.850624141706277, 8.820455300892702 ], [ 76.851085903610084, 8.820104950180752 ], [ 76.851508055199773, 8.820021531942915 ], [ 76.851163394981427, 8.819241267093325 ], [ 76.85083725892261, 8.818542277174675 ], [ 76.850875635849846, 8.816200753704857 ], [ 76.851849390753216, 8.815546594155204 ], [ 76.854524289801716, 8.813461859597579 ], [ 76.856394443882678, 8.814898969618381 ], [ 76.857152121620842, 8.8155913805612 ], [ 76.858486476448959, 8.814368878036907 ], [ 76.860530102397831, 8.813242426018894 ], [ 76.861308553676935, 8.812623871734431 ], [ 76.862717563895046, 8.811798736046047 ], [ 76.864867475813369, 8.811037874353149 ], [ 76.866432164070204, 8.81045150938596 ], [ 76.868742992103677, 8.809165507328107 ], [ 76.87135610772188, 8.80834348425819 ], [ 76.871472642570453, 8.808303856406834 ], [ 76.872920960370408, 8.807811351279689 ], [ 76.874434247924995, 8.80786260390088 ], [ 76.875142226370073, 8.807687371128571 ], [ 76.875341567023199, 8.807577930054872 ], [ 76.875801255615329, 8.80773383273082 ], [ 76.876928034934082, 8.806810702681783 ], [ 76.880404654322504, 8.804253168959523 ], [ 76.882597856054389, 8.80382694535375 ], [ 76.883818140112723, 8.803589783374733 ], [ 76.885163809221837, 8.804636204922575 ], [ 76.885519047102633, 8.804806179345482 ], [ 76.886475046804392, 8.806071521423872 ], [ 76.887149714820438, 8.806511057431296 ], [ 76.887791190985041, 8.807565511704967 ], [ 76.889018417223909, 8.808544677208669 ], [ 76.890123353108208, 8.808710970236856 ], [ 76.891922791810046, 8.807834142651437 ], [ 76.89349027203076, 8.80782620908108 ], [ 76.894372438301033, 8.808852312061498 ], [ 76.894957804794686, 8.808704776616063 ], [ 76.896170295069638, 8.808567605244106 ], [ 76.896985553020883, 8.80896578477836 ], [ 76.897747033327661, 8.809481704591377 ], [ 76.898678404817616, 8.809477063602154 ], [ 76.899719910659712, 8.808780277174803 ], [ 76.899827854020899, 8.807676855171101 ], [ 76.900814844701628, 8.806980386707377 ], [ 76.901685420009784, 8.806627969912347 ], [ 76.90249692300317, 8.806275859934548 ], [ 76.90273786733205, 8.806306271636924 ], [ 76.902716803635244, 8.804850940420891 ], [ 76.904144408081407, 8.804138691660992 ], [ 76.904536024137968, 8.803413496615113 ], [ 76.906248448428087, 8.802419524314194 ], [ 76.906485480593901, 8.800800216050304 ], [ 76.906740988410164, 8.800129994888369 ], [ 76.90694939306448, 8.799121070394184 ], [ 76.909443765775151, 8.79822706618523 ], [ 76.911234161137003, 8.797390938257484 ], [ 76.911872652199946, 8.796980904596918 ], [ 76.912563824064364, 8.795318584933595 ], [ 76.913454676145136, 8.793605627311823 ], [ 76.913947099346203, 8.793056199160111 ], [ 76.91417539090429, 8.79239065489814 ], [ 76.915215925667582, 8.79151301185575 ], [ 76.916120451005241, 8.791598865437219 ], [ 76.916260183947685, 8.791385743303803 ], [ 76.916757467932769, 8.790899618207167 ], [ 76.917012758356734, 8.790175118980816 ], [ 76.917536206672793, 8.789480974605404 ], [ 76.918340218615015, 8.787682528804893 ], [ 76.91931986556834, 8.786461701636725 ], [ 76.919929923155891, 8.78582132459581 ], [ 76.920268075079989, 8.785308827921256 ], [ 76.920881023446086, 8.784361076255038 ], [ 76.920321308345379, 8.78418319121916 ], [ 76.920438232164457, 8.783070711568962 ], [ 76.918752544432124, 8.783047573326114 ], [ 76.917762433004057, 8.783111409233726 ], [ 76.917264465401047, 8.782566986821955 ], [ 76.917028015343547, 8.781641674007908 ], [ 76.917083038052994, 8.780859448793148 ], [ 76.916618442862784, 8.780631300016292 ], [ 76.916062551890249, 8.780313182691573 ], [ 76.915453246192584, 8.780203281644544 ], [ 76.915248200339107, 8.780086769205022 ], [ 76.915012576731669, 8.780223538304851 ], [ 76.914972262138335, 8.779441825017722 ], [ 76.914830931991304, 8.778466272238157 ], [ 76.914835552026815, 8.777584910998927 ], [ 76.914937595253207, 8.777105269134521 ], [ 76.914954209594384, 8.776802394023692 ], [ 76.914966076339283, 8.776458769671107 ], [ 76.915178490174753, 8.776236284112413 ], [ 76.914558289709319, 8.774892520136927 ], [ 76.915935562448411, 8.773262951095248 ], [ 76.917654500422671, 8.772693754211065 ], [ 76.9179487678485, 8.772488916878082 ], [ 76.918331946029582, 8.771903900733475 ], [ 76.92025918804687, 8.77121166202955 ], [ 76.921307346811957, 8.770948706938222 ], [ 76.922741067886861, 8.769684882070226 ], [ 76.925117420833828, 8.767991506722304 ], [ 76.927667857401374, 8.765682427034161 ], [ 76.928541073756463, 8.764982007863063 ], [ 76.929941981170685, 8.76353757143557 ], [ 76.93009073679184, 8.763315300093444 ], [ 76.930306384562329, 8.762853206395937 ], [ 76.930756711810886, 8.762082557098175 ], [ 76.931625974680401, 8.761499607422804 ], [ 76.932437780406019, 8.761228783692934 ], [ 76.93300436672034, 8.76107145335699 ], [ 76.93339947273175, 8.760961739275494 ], [ 76.933943591282485, 8.760755608114101 ], [ 76.934422678094876, 8.760278543212641 ], [ 76.935121889881117, 8.760202685633024 ], [ 76.935815395568667, 8.760571730423919 ], [ 76.936415392025012, 8.760891009078119 ], [ 76.936493160077461, 8.760932390142814 ], [ 76.937273337020272, 8.761579238026451 ], [ 76.937519738614483, 8.761799458626728 ], [ 76.938694263390616, 8.762268018819368 ], [ 76.936298515816645, 8.762836160067732 ], [ 76.936667274240776, 8.762987996657248 ], [ 76.937035837730519, 8.763103641726149 ], [ 76.937286644662876, 8.763274137699872 ], [ 76.937801532034285, 8.763565235265263 ], [ 76.938061763192309, 8.763817040921035 ], [ 76.93824013537008, 8.764051122721984 ], [ 76.938569525126894, 8.764487853302985 ], [ 76.938774488335369, 8.764599777916812 ], [ 76.939575006729441, 8.764771998248115 ], [ 76.941035426632922, 8.765180322941577 ], [ 76.941595347447816, 8.765407941416816 ], [ 76.941709527812023, 8.765529398311136 ], [ 76.941792164733315, 8.765696252210766 ], [ 76.941879877135975, 8.76593935398949 ], [ 76.941958176092783, 8.766156366082154 ], [ 76.94209658042692, 8.766576041817526 ], [ 76.942304211631807, 8.767194194441302 ], [ 76.943008391101529, 8.768058378890682 ], [ 76.943735117386609, 8.768899787984596 ], [ 76.944374832853256, 8.769610611157651 ], [ 76.945040486275431, 8.770077324616674 ], [ 76.946166200192266, 8.770762979655624 ], [ 76.948937527098266, 8.77077141030566 ], [ 76.949837664165798, 8.771765564249531 ], [ 76.95194123738851, 8.771786370923643 ], [ 76.953871672018309, 8.771722220559219 ], [ 76.954470745904885, 8.771601593127491 ], [ 76.955078531653101, 8.771422232650476 ], [ 76.955981352886653, 8.771168996561203 ], [ 76.956778469360756, 8.770708390836853 ], [ 76.957138612042996, 8.770937002935796 ], [ 76.957312382151557, 8.771162054777093 ], [ 76.959118312079625, 8.770732388362044 ], [ 76.95974877489887, 8.770543870580701 ], [ 76.96020751576836, 8.770518874255631 ], [ 76.960939540316986, 8.770646188143408 ], [ 76.961907142658958, 8.770627563644835 ], [ 76.963270039658582, 8.770634084616521 ], [ 76.964057439056248, 8.770910174196739 ], [ 76.964421610682535, 8.771048473711328 ], [ 76.964530940144172, 8.771093068404403 ], [ 76.964726283294297, 8.771092088262268 ], [ 76.965116971391154, 8.771090038309271 ], [ 76.965504425552979, 8.771336594575288 ], [ 76.966014547361794, 8.771587030401628 ], [ 76.966599465596104, 8.772243906161609 ], [ 76.967320288153104, 8.772823206965009 ], [ 76.968053549681869, 8.773167371805194 ], [ 76.970217431301222, 8.774295074109965 ], [ 76.970887018446007, 8.774626097236832 ], [ 76.971509967756191, 8.774731324774651 ], [ 76.972537041264928, 8.774793764714371 ], [ 76.97273540185607, 8.775366680034827 ], [ 76.972960747838357, 8.776739528279643 ], [ 76.973250638672113, 8.778301838872874 ], [ 76.973468534925743, 8.779991064718669 ], [ 76.973662535094505, 8.781463459187096 ], [ 76.973895821285609, 8.782614739748158 ], [ 76.974140157652968, 8.783295887443229 ], [ 76.974534915118056, 8.78405316626016 ], [ 76.975029787126601, 8.784855104040625 ], [ 76.975395678128351, 8.785318684008816 ], [ 76.976337682976336, 8.786461769107499 ], [ 76.977456640663902, 8.787585813332937 ], [ 76.978423887273038, 8.788353624750886 ], [ 76.979375901149879, 8.788814203240706 ], [ 76.980991911955513, 8.789424875787741 ], [ 76.981460242340702, 8.789485675325686 ], [ 76.981614794790389, 8.789507511701999 ], [ 76.982868527618351, 8.789469258758936 ], [ 76.983903452402672, 8.789301183328963 ], [ 76.98457504638381, 8.789143990066899 ], [ 76.986657489434393, 8.788613304958274 ], [ 76.988486192553253, 8.788201362643408 ], [ 76.989783577215789, 8.787824004722077 ], [ 76.991130452762334, 8.787373971720427 ], [ 76.991783096782541, 8.787067660441384 ], [ 76.992869677390658, 8.786365968611317 ], [ 76.994087570133729, 8.785586659050702 ], [ 76.994979193867294, 8.784953730720522 ], [ 76.995367714329362, 8.784540450008834 ], [ 76.996158848023654, 8.7838085822117 ], [ 76.997406537884714, 8.782640449035425 ], [ 76.997604997290537, 8.782381797135766 ], [ 76.997689025702229, 8.781951982133867 ], [ 76.998996384359387, 8.777310190923876 ], [ 77.000238598988773, 8.776180547288206 ], [ 77.000572523441122, 8.774908736705921 ], [ 77.00097960309698, 8.773722446559532 ], [ 77.001261713622057, 8.772966251974788 ], [ 77.001587334946265, 8.772688818897166 ], [ 77.002242993712571, 8.772115862156106 ], [ 77.00311231676919, 8.771568907562175 ], [ 77.004478946268804, 8.771426083078534 ], [ 77.0065150155895, 8.771577990733334 ], [ 77.007292237973346, 8.771650759080391 ], [ 77.008572138725526, 8.772263145829468 ], [ 77.010440673144046, 8.772524388299081 ], [ 77.012054112073031, 8.772660425970249 ], [ 77.013338374145945, 8.772409530983984 ], [ 77.014427794328654, 8.772241058964159 ], [ 77.015249752813617, 8.772182455698186 ], [ 77.016013218397177, 8.772232602601081 ], [ 77.016439283946553, 8.772058596796402 ], [ 77.017729254813077, 8.772860786892522 ], [ 77.019444601322832, 8.773357823668341 ], [ 77.021315218036179, 8.774003129111275 ], [ 77.022949085553037, 8.774536737348321 ], [ 77.024627229233616, 8.774880335958617 ], [ 77.024438346767013, 8.776079038259089 ], [ 77.023314939723846, 8.777517741359668 ], [ 77.022387463328982, 8.778218702409488 ], [ 77.02169226431711, 8.779035876643439 ], [ 77.021108123125543, 8.779387074121981 ], [ 77.02080212729534, 8.779931041326659 ], [ 77.02072829386384, 8.780550578856309 ], [ 77.020536261005546, 8.781170751893606 ], [ 77.019918918081032, 8.782105085763407 ], [ 77.019881799693508, 8.782801347993464 ], [ 77.019690824152306, 8.783615863884076 ], [ 77.019438476609238, 8.783983317587252 ], [ 77.01904418626809, 8.784161666139473 ], [ 77.01872777806544, 8.784457085897104 ], [ 77.018235890260286, 8.785069880305979 ], [ 77.017867589976916, 8.785858203640354 ], [ 77.017299287880434, 8.786629567952277 ], [ 77.0166488303596, 8.787320046735122 ], [ 77.015902016846454, 8.787834762716908 ], [ 77.015545780039091, 8.788329277696898 ], [ 77.015294605695757, 8.788922635143946 ], [ 77.01529952037869, 8.789844611319333 ], [ 77.015363577444944, 8.790770778992117 ], [ 77.015383670062917, 8.791123212660271 ], [ 77.015050819995622, 8.791735088755976 ], [ 77.014500254236083, 8.792425007615046 ], [ 77.014048073763092, 8.792820609601796 ], [ 77.013126017802662, 8.79369335978727 ], [ 77.012515052018344, 8.794130446088106 ], [ 77.011933292260579, 8.794928990375093 ], [ 77.011347031943245, 8.795736620846077 ], [ 77.011037168865769, 8.796420656238801 ], [ 77.010898737582153, 8.798541091610515 ], [ 77.010978719981779, 8.799051427855277 ], [ 77.010651089126299, 8.799803380866585 ], [ 77.009982281719175, 8.800475832621693 ], [ 77.010058969996692, 8.80120762487816 ], [ 77.009943082833431, 8.801624062428216 ], [ 77.009673737368544, 8.802231056381011 ], [ 77.00997276766202, 8.802916470850437 ], [ 77.010336123618018, 8.803741598839615 ], [ 77.01065398709143, 8.804544372841606 ], [ 77.010737554667358, 8.804878380123892 ], [ 77.010540825416768, 8.805471496219459 ], [ 77.010441938870287, 8.805666418053034 ], [ 77.010484277367951, 8.805941879658265 ], [ 77.010545584691116, 8.806357344258439 ], [ 77.010706269939277, 8.806668288593091 ], [ 77.010549722331319, 8.807121140632795 ], [ 77.010196882054046, 8.807398687303316 ], [ 77.009662954890189, 8.807817359381566 ], [ 77.009350147135194, 8.807936535139742 ], [ 77.009329060082237, 8.808248458190356 ], [ 77.009530490216733, 8.808523093180201 ], [ 77.009451613643193, 8.809056839895087 ], [ 77.009217296186165, 8.809428622607779 ], [ 77.008571139798917, 8.810082944786471 ], [ 77.008332839211931, 8.810536123761787 ], [ 77.008181533273685, 8.811129053239467 ], [ 77.008185237925915, 8.811816011815498 ], [ 77.008208817803819, 8.811873718436669 ], [ 77.008304989641516, 8.812109074823546 ], [ 77.008601999623878, 8.812423892729397 ], [ 77.009377990417434, 8.813106760110131 ], [ 77.009751578184535, 8.813285550025659 ], [ 77.010112781777167, 8.813712978887477 ], [ 77.010310427309307, 8.814127681978906 ], [ 77.010549907384288, 8.814736542667649 ], [ 77.010592759718307, 8.815088871838741 ], [ 77.0109713843392, 8.81538062821442 ], [ 77.011462407066745, 8.815436730198517 ], [ 77.012135056568354, 8.815473840645677 ], [ 77.013086966240635, 8.815902589652742 ], [ 77.014177871338504, 8.81683689000643 ], [ 77.014633559732673, 8.817092019404642 ], [ 77.015129224055329, 8.817166214219379 ], [ 77.016253773755537, 8.816748901148557 ], [ 77.017242889850266, 8.816508628077994 ], [ 77.018247448883031, 8.81575303838544 ], [ 77.018919040169209, 8.81559574894877 ], [ 77.019291355023569, 8.815553042432171 ], [ 77.01974598699897, 8.815609417802666 ], [ 77.020105889831015, 8.815783704078807 ], [ 77.020521710992895, 8.816215381254267 ], [ 77.020778650723727, 8.816684007577038 ], [ 77.020822367237002, 8.817203510021962 ], [ 77.020705867422762, 8.817497926048087 ], [ 77.020490117244336, 8.817932981572749 ], [ 77.020216935074856, 8.818662093941359 ], [ 77.019789221116937, 8.819387509400009 ], [ 77.019358073798031, 8.820316294585432 ], [ 77.019125057101519, 8.820909590961174 ], [ 77.01914664990602, 8.821537668700815 ], [ 77.019150471339231, 8.822242759349628 ], [ 77.01933043982325, 8.822757029942196 ], [ 77.019672565894169, 8.823835304995102 ], [ 77.019853029349903, 8.824444537595635 ], [ 77.020114069889985, 8.824813685274306 ], [ 77.020059602339387, 8.825663678854079 ], [ 77.019589752903073, 8.826999462917014 ], [ 77.019533740250168, 8.827551123720875 ], [ 77.019535014061248, 8.827786161205202 ], [ 77.01969501658975, 8.827979604827645 ], [ 77.020150538795576, 8.828194158986788 ], [ 77.020902865269605, 8.82866458983035 ], [ 77.021696903217261, 8.82930662630165 ], [ 77.022118038812323, 8.829878407109216 ], [ 77.022436793414499, 8.83083933404172 ], [ 77.022739913737453, 8.831447861809872 ], [ 77.023334155586099, 8.83209095419399 ], [ 77.02396976395525, 8.83283771104845 ], [ 77.0245219826149, 8.833282170119611 ], [ 77.025095165258364, 8.833419214251036 ], [ 77.025610011307279, 8.833669505091702 ], [ 77.026205173929085, 8.833666318393195 ], [ 77.026876903555817, 8.833527169711536 ], [ 77.027904213321477, 8.83361650114912 ], [ 77.028341568897332, 8.833831098187151 ], [ 77.02869851717044, 8.83430371790646 ], [ 77.028700608448418, 8.834674294610652 ], [ 77.02883902176572, 8.835066724155398 ], [ 77.029278467721227, 8.83565644530232 ], [ 77.029499870099414, 8.836265394743895 ], [ 77.029639515006977, 8.836874771027638 ], [ 77.029389671966882, 8.837721246568551 ], [ 77.029587751385336, 8.83821282769212 ], [ 77.029985816447308, 8.83872135601548 ], [ 77.030500967923402, 8.839030395716602 ], [ 77.030662220906791, 8.839445332209525 ], [ 77.030902913707379, 8.840248524769345 ], [ 77.031146455964077, 8.840739814037049 ], [ 77.03158099621983, 8.841266224848043 ], [ 77.031867056637196, 8.842073673219652 ], [ 77.031945132811828, 8.84221341783052 ], [ 77.032281762989811, 8.842288415343596 ], [ 77.033214242102517, 8.842477720285913 ], [ 77.034501270088157, 8.842687642299849 ], [ 77.035270873860057, 8.842999860853151 ], [ 77.037906767160592, 8.843930141705405 ], [ 77.03952718779594, 8.844450139240674 ], [ 77.041938621751356, 8.845047188749717 ], [ 77.043166758881966, 8.845275508130991 ], [ 77.045339125987454, 8.845363128916908 ], [ 77.047481279156671, 8.84574458217444 ], [ 77.049672804632237, 8.846008360168863 ], [ 77.050245622559672, 8.846063986162596 ], [ 77.051210058340288, 8.845448543918017 ], [ 77.052472594658042, 8.844519757238636 ], [ 77.053396862270731, 8.844040150736122 ], [ 77.053990802285412, 8.843819984406732 ], [ 77.055134001909252, 8.843479286745135 ], [ 77.056672606683506, 8.843177027883772 ], [ 77.059654472640972, 8.8425912563373 ], [ 77.062635885847556, 8.841906091281755 ], [ 77.063943089994481, 8.841663862260507 ], [ 77.065285339217297, 8.841181977013306 ], [ 77.066999190032107, 8.840526253351094 ], [ 77.067869545253004, 8.840168928844559 ], [ 77.068441961633496, 8.84016580611264 ], [ 77.06915157680902, 8.840297474776627 ], [ 77.069966900337349, 8.840668132442538 ], [ 77.07121299568874, 8.840873661657941 ], [ 77.072257895365965, 8.840849806267833 ], [ 77.073205741059923, 8.840532745573608 ], [ 77.07374049018226, 8.840290236041493 ], [ 77.074075625563637, 8.840094062271316 ], [ 77.07444798623203, 8.840051384332206 ], [ 77.075380113205142, 8.840186283173786 ], [ 77.076330604437601, 8.84033474960008 ], [ 77.077320529914388, 8.84023438282644 ], [ 77.078028390680174, 8.840072284806078 ], [ 77.079135101635487, 8.839731718599985 ], [ 77.080397125015196, 8.839525854992704 ], [ 77.081682121011681, 8.839383131310001 ], [ 77.082473181044151, 8.839478162676944 ], [ 77.083434010987176, 8.8382300587303 ], [ 77.084493624170463, 8.836791501269175 ], [ 77.085116648939149, 8.836078510792563 ], [ 77.086273835331966, 8.835028185663894 ], [ 77.087812485021956, 8.833939522211075 ], [ 77.089602739348294, 8.833143188173226 ], [ 77.090969048149347, 8.832918697746914 ], [ 77.091936377403485, 8.832854501170049 ], [ 77.092978901036815, 8.832414896211114 ], [ 77.093748892880896, 8.831981279795832 ], [ 77.094320127976815, 8.831761116913427 ], [ 77.094873235070295, 8.83155921227787 ], [ 77.095679523343435, 8.83112535074828 ], [ 77.096756861185582, 8.83041888609781 ], [ 77.097839217915237, 8.829802741319096 ], [ 77.099653141052684, 8.829182503349923 ], [ 77.100955600298292, 8.82892220008387 ], [ 77.101903774775622, 8.828677366090249 ], [ 77.102852960755968, 8.828613260205335 ], [ 77.103980532388803, 8.828765158592468 ], [ 77.105346985818613, 8.82936761101799 ], [ 77.106062696961686, 8.829797520937374 ], [ 77.106618057928188, 8.829988694624085 ], [ 77.106990616225985, 8.829986591737166 ], [ 77.107188951664313, 8.829709813009423 ], [ 77.10733700570124, 8.827765740266383 ], [ 77.107523868755052, 8.82626877008348 ], [ 77.108196812904069, 8.826364450172017 ], [ 77.109365175237315, 8.826493424339095 ], [ 77.109995435037277, 8.826272982113483 ], [ 77.11030284391741, 8.826004670825036 ], [ 77.111066604148391, 8.825290820635981 ], [ 77.111756866917744, 8.824441833716421 ], [ 77.11216516199417, 8.823535654022796 ], [ 77.112261803650739, 8.822943168773508 ], [ 77.112573141761914, 8.822566261732161 ], [ 77.113697837887514, 8.822207458689416 ], [ 77.115554600782559, 8.8219620760881 ], [ 77.118420117842746, 8.821747104642919 ], [ 77.119616495036453, 8.820407196885093 ], [ 77.121366910876588, 8.819037012980717 ], [ 77.12219349299032, 8.818205302241051 ], [ 77.122992212058918, 8.816447311012341 ], [ 77.123465244226267, 8.815757738771953 ], [ 77.123842014724417, 8.815696930235443 ], [ 77.124505236407117, 8.814888732605416 ], [ 77.125745657100893, 8.813327111660177 ], [ 77.126993988359033, 8.810762136914224 ], [ 77.127020037705634, 8.810545062167774 ], [ 77.127073166766507, 8.810309815749516 ], [ 77.127376508075017, 8.810127340371707 ], [ 77.127902812135332, 8.809997795013764 ], [ 77.129059110992657, 8.809616176962788 ], [ 77.130088376390702, 8.809266920294334 ], [ 77.130880649148779, 8.808792416739969 ], [ 77.131823754432986, 8.808466273756324 ], [ 77.1326720533187, 8.80824455310626 ], [ 77.133301633992303, 8.807915614203873 ], [ 77.13440114315398, 8.807136561278639 ], [ 77.135599193010762, 8.806126474328027 ], [ 77.13644593331945, 8.805633617424334 ], [ 77.137007701070587, 8.805359275902031 ], [ 77.137638797202101, 8.80530152831636 ], [ 77.138275523973803, 8.80542440582184 ], [ 77.139254231289328, 8.805762342276191 ], [ 77.140032903553987, 8.806083305099841 ], [ 77.140687018116353, 8.806061486568019 ], [ 77.141422866793121, 8.805261935648135 ], [ 77.142254731899044, 8.804556763773324 ], [ 77.143033151737114, 8.804046177679123 ], [ 77.143445046362885, 8.803772711170605 ], [ 77.143971628900971, 8.803715500414958 ], [ 77.144389474865505, 8.803695047962705 ], [ 77.145001967785788, 8.803551404940889 ], [ 77.145345320955371, 8.80322413524118 ], [ 77.145862508912174, 8.802303742365364 ], [ 77.146761936310639, 8.800712422229477 ], [ 77.147008440312788, 8.800132534713505 ], [ 77.147388575001713, 8.79988186605163 ], [ 77.148005781382281, 8.799769863310923 ], [ 77.149108110355627, 8.79949246715972 ], [ 77.15085722184196, 8.798723280636052 ], [ 77.151371662750648, 8.796560132271608 ], [ 77.151410304680923, 8.796171280290503 ], [ 77.151876153020964, 8.795811618033058 ], [ 77.152529219249374, 8.795627136288992 ], [ 77.153032520150234, 8.795461567112367 ], [ 77.15368492701522, 8.795150577851222 ], [ 77.154130589312516, 8.79444749779009 ], [ 77.154273471748354, 8.794012877159094 ], [ 77.154764383084796, 8.794064285272958 ], [ 77.154776554358577, 8.796170173266448 ], [ 77.154795654338159, 8.796332790359314 ], [ 77.155064784207383, 8.796530027817138 ], [ 77.155682794580144, 8.796562683661952 ], [ 77.156045048303312, 8.796361732765881 ], [ 77.156959782095868, 8.795059512210321 ], [ 77.157909378606305, 8.793517584988686 ], [ 77.158341222119574, 8.792792112572982 ], [ 77.159023420712614, 8.792141908320978 ], [ 77.1601225876162, 8.791322239068451 ], [ 77.162037994329594, 8.790249294336588 ], [ 77.164366264950985, 8.789101614297428 ], [ 77.166987983734643, 8.788417758035045 ], [ 77.168035360965433, 8.788086362812541 ], [ 77.168900157411358, 8.787593360269163 ], [ 77.170359168756477, 8.786161424690368 ], [ 77.172608711026342, 8.7839883468555 ], [ 77.175544242779779, 8.78182493579636 ], [ 77.178179456953941, 8.780350111112218 ], [ 77.180923756247992, 8.778892662629278 ], [ 77.182855276940998, 8.778289548271335 ], [ 77.183381496559733, 8.778159995327755 ], [ 77.183670560943384, 8.77788711962587 ], [ 77.185360790557823, 8.776399623739087 ], [ 77.188055111182734, 8.774956045829699 ], [ 77.188883465672546, 8.774449660864695 ], [ 77.189583367364889, 8.773740625225519 ], [ 77.190578167998751, 8.772962124567451 ], [ 77.191079182687233, 8.772416881135856 ], [ 77.19169597135118, 8.772250681905611 ], [ 77.193036186788177, 8.772297145288006 ], [ 77.195692999156719, 8.772209432609158 ], [ 77.197757916076142, 8.771894616925699 ], [ 77.199526876737011, 8.77145055997423 ], [ 77.199441772143629, 8.769893532330096 ], [ 77.199418705203755, 8.769471511187408 ], [ 77.198842805156573, 8.769439021641496 ], [ 77.198178863923346, 8.76931634084186 ], [ 77.197472411715935, 8.768913754204084 ], [ 77.196861253692134, 8.768312686031987 ], [ 77.196861113554959, 8.767561803790226 ], [ 77.197269947620541, 8.766729909987514 ], [ 77.198773898086046, 8.765590405963755 ], [ 77.199187332424202, 8.76508400378966 ], [ 77.200054845375561, 8.762787291259109 ], [ 77.199750014660324, 8.760911224175828 ], [ 77.199312303351618, 8.759354092884415 ], [ 77.199025741674291, 8.758063542748948 ], [ 77.198850235122279, 8.757428459765945 ], [ 77.198640382383701, 8.756512703231264 ], [ 77.198253930741728, 8.755472993003888 ], [ 77.198249164280824, 8.754306633420192 ], [ 77.198244477770004, 8.753551662744149 ], [ 77.198126894587531, 8.753217067660348 ], [ 77.198068054936414, 8.752763696120089 ], [ 77.197784202577992, 8.752372178198545 ], [ 77.197576389015097, 8.752124509301819 ], [ 77.197509197726788, 8.751647879922832 ], [ 77.197429783062432, 8.751048959090754 ], [ 77.197027903753778, 8.750300857390299 ], [ 77.196864046554367, 8.749602872178709 ], [ 77.195344981035859, 8.748481851614839 ], [ 77.195286411777673, 8.748445301808914 ], [ 77.194690054396503, 8.747865075156808 ], [ 77.193027358145571, 8.745490482381785 ], [ 77.192962788141273, 8.745015906149137 ], [ 77.192480014642953, 8.743229216345563 ], [ 77.191432746108333, 8.74201505582902 ], [ 77.19104904061615, 8.741642236905557 ], [ 77.189634732134522, 8.742120346755167 ], [ 77.188220413771433, 8.742598442673071 ], [ 77.18651953193438, 8.742228664430325 ], [ 77.184717655204892, 8.741678710133522 ], [ 77.183208633749601, 8.741497538157377 ], [ 77.181134510895134, 8.742544369129476 ], [ 77.178682176644841, 8.743403526862023 ], [ 77.176981155568896, 8.743792829199419 ], [ 77.175193094928474, 8.744837983633767 ], [ 77.172941901555106, 8.747480968429958 ], [ 77.172490750551418, 8.749607409149393 ], [ 77.17246905084744, 8.749632328748504 ], [ 77.171718114965458, 8.748712666850423 ], [ 77.170387121633169, 8.747120484788084 ], [ 77.170091710651988, 8.745522453727403 ], [ 77.170176765838036, 8.743736871758047 ], [ 77.170170285391578, 8.742607166073292 ], [ 77.169991579040527, 8.741850181048282 ], [ 77.174473763574809, 8.737473656122349 ], [ 77.175468751956558, 8.735931345199068 ], [ 77.1769266008817, 8.733523165278569 ], [ 77.176944769308307, 8.733523061394314 ], [ 77.177754550231285, 8.732422220643832 ], [ 77.178711508435498, 8.732019692658092 ], [ 77.178518072408693, 8.731550841351176 ], [ 77.178502466875599, 8.731405464766897 ], [ 77.179018009118863, 8.730704601976525 ], [ 77.178310966718271, 8.7293716197252 ], [ 77.178289714375282, 8.72819438586226 ], [ 77.178137875736056, 8.727070058248712 ], [ 77.177739611248114, 8.726534485373421 ], [ 77.177244506575931, 8.72575103085401 ], [ 77.177190029143802, 8.72496950680398 ], [ 77.177720847238447, 8.724032180124219 ], [ 77.180534482099418, 8.721177943641441 ], [ 77.180464174555397, 8.720803231249976 ], [ 77.180452148808669, 8.720498219257276 ], [ 77.180461483202819, 8.72049045696876 ], [ 77.180599788722262, 8.718847976360456 ], [ 77.18070032816884, 8.718442723759431 ], [ 77.181495020090011, 8.717620152834273 ], [ 77.182307693588186, 8.717295880641682 ], [ 77.184209488130136, 8.716515409755557 ], [ 77.184155760791299, 8.716154144991528 ], [ 77.184324032311991, 8.716143480822105 ], [ 77.18480886385062, 8.715160114343041 ], [ 77.184799164740497, 8.713497589762447 ], [ 77.186136362736463, 8.712762261372459 ], [ 77.188933218864548, 8.712556391256262 ], [ 77.189895757403264, 8.712483068830092 ], [ 77.19494266155273, 8.707880387798715 ], [ 77.194843323153677, 8.706914181668632 ], [ 77.195195754697494, 8.70658190763112 ], [ 77.195621659448435, 8.704080489073887 ], [ 77.195665045381702, 8.702954914130517 ], [ 77.196388052641495, 8.701696379307755 ], [ 77.196731277352001, 8.701470600903791 ], [ 77.19704009568882, 8.700561355327292 ], [ 77.197076790969845, 8.700497480412224 ], [ 77.198830771325035, 8.697545466764421 ], [ 77.200201101883621, 8.695775176598865 ], [ 77.201973638737613, 8.693677118679705 ], [ 77.202512288344906, 8.692593997786 ], [ 77.203432968984657, 8.690826233676374 ], [ 77.204058650969927, 8.688323569689572 ], [ 77.204645031661528, 8.687633342650008 ], [ 77.20596671844747, 8.686107309414011 ], [ 77.206743206907717, 8.684534696206191 ], [ 77.206884765226832, 8.683114916080157 ], [ 77.206834216127461, 8.682750945261592 ], [ 77.207153620211571, 8.680879639066966 ], [ 77.207409719119283, 8.680463689954374 ], [ 77.207946610723567, 8.679873172992457 ], [ 77.207893303796311, 8.679285978991057 ], [ 77.207352632979592, 8.679239403683418 ], [ 77.207110794827045, 8.679828256591987 ], [ 77.206765683654424, 8.679830265308929 ], [ 77.205820197834754, 8.678122933716505 ], [ 77.204348817586506, 8.67622461438617 ], [ 77.204152233862985, 8.675905623027734 ], [ 77.203290217702829, 8.674129131653997 ], [ 77.201592879719612, 8.670415260723065 ], [ 77.200946805079042, 8.669147705985184 ], [ 77.200854778068091, 8.668967151607596 ], [ 77.20353132372847, 8.666505512267458 ], [ 77.20590046500034, 8.665447896219122 ], [ 77.208284065554992, 8.663757471957743 ], [ 77.208243298210775, 8.663775783856389 ], [ 77.20812624772924, 8.663176972764452 ], [ 77.208538628343561, 8.663022757353717 ], [ 77.207770530148096, 8.660897717028234 ], [ 77.210686019589218, 8.658989234573635 ], [ 77.212025088775931, 8.657313861774123 ], [ 77.212000241375179, 8.65717141102642 ], [ 77.212290526569333, 8.656972749144765 ], [ 77.211845440092148, 8.656193492820808 ], [ 77.211802110752714, 8.6560355730167 ], [ 77.21160690504486, 8.654916486206313 ], [ 77.213521798820267, 8.651524950261312 ], [ 77.213852059942909, 8.649751451165617 ], [ 77.214176185572114, 8.649261488072668 ], [ 77.217699722171218, 8.646823285677323 ], [ 77.220000964282306, 8.645056475886438 ], [ 77.220055459680694, 8.645056160607734 ], [ 77.222925340756547, 8.641907651634403 ], [ 77.224742590355504, 8.639203601686026 ], [ 77.224757822189446, 8.639203514649967 ], [ 77.226748723319346, 8.639512853928222 ], [ 77.228761157964939, 8.640396012187908 ], [ 77.229050969746964, 8.639763817617217 ], [ 77.229332219685972, 8.639914278696079 ], [ 77.229673893005995, 8.63932477892425 ], [ 77.230106566562583, 8.637998260744514 ], [ 77.229784689416505, 8.637190275989571 ], [ 77.232080788672619, 8.635748954950071 ], [ 77.232103625643759, 8.635771420222625 ], [ 77.232282037347389, 8.633673418218214 ], [ 77.232779084177253, 8.632477432135127 ], [ 77.234030978153811, 8.630680511035981 ], [ 77.23365082010875, 8.629773641429946 ], [ 77.233847819752214, 8.629453771415674 ], [ 77.233503501792043, 8.628972515098138 ], [ 77.234125760297758, 8.627489324575254 ], [ 77.234563209298415, 8.62697158137469 ], [ 77.240286162174485, 8.624082103084683 ], [ 77.243993888441111, 8.621942652151089 ], [ 77.245251286395444, 8.623180376958084 ], [ 77.245074167367491, 8.623548083240442 ], [ 77.245042501753744, 8.623847876094505 ], [ 77.2450436803434, 8.624047608785997 ], [ 77.245111528300185, 8.624213662417459 ], [ 77.245446837056363, 8.62437815459462 ], [ 77.245747930780027, 8.624409686857362 ], [ 77.246015198441697, 8.624374839101815 ], [ 77.246682179573838, 8.624001646580208 ], [ 77.24691670544, 8.624169836252422 ], [ 77.24755330465095, 8.624399147978425 ], [ 77.248354903718294, 8.624261305880536 ], [ 77.248965419446662, 8.623942922415894 ], [ 77.251442805913612, 8.620337842175113 ], [ 77.251854484045381, 8.611163373695549 ], [ 77.251980690156287, 8.608350636354823 ], [ 77.251014404744524, 8.606717454690958 ], [ 77.248965582041706, 8.605557470957441 ], [ 77.246352088232797, 8.603589690871823 ], [ 77.248009673968099, 8.602413779957628 ], [ 77.248699893618337, 8.601739968676545 ], [ 77.248965617076024, 8.601470549347997 ], [ 77.249601757247817, 8.600364547635197 ], [ 77.249602969075141, 8.600363266830431 ], [ 77.249825688383552, 8.599816308623009 ], [ 77.250189243765561, 8.599246885737173 ], [ 77.250666385725339, 8.598853696854651 ], [ 77.251697479194974, 8.598759111432784 ], [ 77.252020028280882, 8.598573896642657 ], [ 77.25228814125721, 8.598230345190444 ], [ 77.252724326328249, 8.598022579134966 ], [ 77.25338745368785, 8.597900708279798 ], [ 77.254373190320479, 8.597896508776158 ], [ 77.254763838891449, 8.597761059658225 ], [ 77.255081893705992, 8.597507978987021 ], [ 77.255468162989956, 8.596979155929123 ], [ 77.255622815152648, 8.596287492346175 ], [ 77.256036421967352, 8.595595956293634 ], [ 77.256699717311875, 8.595089873607618 ], [ 77.256808826686282, 8.594841289134653 ], [ 77.256695432347982, 8.594339381890315 ], [ 77.256645562374985, 8.593815017764806 ], [ 77.256959268445229, 8.592992326306666 ], [ 77.25688687680973, 8.592192073389368 ], [ 77.256900830341053, 8.590984991770393 ], [ 77.257087221779372, 8.590641550687945 ], [ 77.257995723958814, 8.590411229013789 ], [ 77.258295588787149, 8.590144615570733 ], [ 77.258545666287517, 8.589344480109794 ], [ 77.259363329927126, 8.589087099177458 ], [ 77.260876108136927, 8.588373224914392 ], [ 77.261607501169919, 8.588093232213369 ], [ 77.261952643783545, 8.588228955698964 ], [ 77.262733671430894, 8.588862120217694 ], [ 77.263124260713056, 8.588952589335909 ], [ 77.263514947013277, 8.588744809313813 ], [ 77.264010354417721, 8.587696138591296 ], [ 77.264850997860634, 8.586502843352926 ], [ 77.265332588277687, 8.586317657217661 ], [ 77.265900508590221, 8.585788871849667 ], [ 77.26633663167749, 8.58526457406955 ], [ 77.266423137642718, 8.58460002696914 ], [ 77.266486935095884, 8.584007889938288 ], [ 77.266900222110337, 8.584039652955527 ], [ 77.26670989066119, 8.582764728887106 ], [ 77.266569365404678, 8.581670661435213 ], [ 77.266401555618032, 8.580897552951846 ], [ 77.266996761358982, 8.580138211835845 ], [ 77.267628368631861, 8.579360784161064 ], [ 77.267950914124512, 8.579085163065063 ], [ 77.268613996568362, 8.579148639289535 ], [ 77.268959220030354, 8.579013088433456 ], [ 77.268971361659737, 8.578976063806861 ], [ 77.268986290761447, 8.578931844235873 ], [ 77.268986359033391, 8.578931443628676 ], [ 77.269018192632132, 8.578833269091991 ], [ 77.269027421025044, 8.578805132423573 ], [ 77.269091265190596, 8.5781134499207 ], [ 77.269400510227157, 8.576535814780874 ], [ 77.269873509156852, 8.57450612417021 ], [ 77.270269143377661, 8.572584845197461 ], [ 77.270564654970158, 8.571775743731743 ], [ 77.270996396075489, 8.570889751654374 ], [ 77.271605309209363, 8.569854640162488 ], [ 77.272291348100268, 8.568869283298209 ], [ 77.273081942805419, 8.56783883515935 ], [ 77.274040588045708, 8.566695331207505 ], [ 77.274949050699263, 8.56576891519906 ], [ 77.274949197124656, 8.56576875974744 ], [ 77.274436545659995, 8.563878931284494 ], [ 77.27413256295435, 8.562603991103664 ], [ 77.273964739692971, 8.561577712574184 ], [ 77.273987656614196, 8.560845311626545 ], [ 77.274206005618723, 8.559764954319883 ], [ 77.274592282987513, 8.558991923876349 ], [ 77.275114825801793, 8.558051801097916 ], [ 77.27595536234513, 8.556813276568295 ], [ 77.276818566078077, 8.555714987770811 ], [ 77.277663617554069, 8.554684464039466 ], [ 77.277828246406258, 8.554554056727426 ], [ 77.278867264813357, 8.553731019993078 ], [ 77.280075651584113, 8.55263277827237 ], [ 77.280075852806718, 8.5526325926123 ], [ 77.280340392284842, 8.552387594076956 ], [ 77.281193180052057, 8.551597798343888 ], [ 77.281646210331317, 8.551181459152827 ], [ 77.282265478345451, 8.550612402211843 ], [ 77.282352018446673, 8.549608796263726 ], [ 77.282506606828946, 8.548989464368058 ], [ 77.282801980979229, 8.548347550861314 ], [ 77.28318813527882, 8.547687614576283 ], [ 77.283756063676165, 8.546851399601563 ], [ 77.282761829879263, 8.545309557668551 ], [ 77.281653957402312, 8.544057047360001 ], [ 77.280800334201885, 8.54331088243258 ], [ 77.27958342421573, 8.542428979819917 ], [ 77.278293817166897, 8.541569711253421 ], [ 77.277144977919704, 8.540610930044707 ], [ 77.276014386150891, 8.539611537008279 ], [ 77.275092735330645, 8.538567017187537 ], [ 77.274561598334074, 8.537748603615583 ], [ 77.274325547128541, 8.537206012245541 ], [ 77.274189460447843, 8.536817153941429 ], [ 77.274116895437515, 8.536224916808457 ], [ 77.274021769238814, 8.535564846728368 ], [ 77.274108308441697, 8.534665215718375 ], [ 77.274172061877394, 8.533842519835408 ], [ 77.274008715819406, 8.533503357095034 ], [ 77.273459288225339, 8.533001387584505 ], [ 77.272396901044459, 8.531893535266089 ], [ 77.271724998941167, 8.530984634285604 ], [ 77.271402705875133, 8.530301855320412 ], [ 77.270894363628869, 8.529280012584481 ], [ 77.270635717997351, 8.528470702790436 ], [ 77.269841613574371, 8.526241781443291 ], [ 77.26923803014509, 8.524577894412621 ], [ 77.268702445589554, 8.523551535769919 ], [ 77.267844565272981, 8.521978011897298 ], [ 77.267268103778747, 8.520861218749543 ], [ 77.266823370339452, 8.519997591136207 ], [ 77.266641821718864, 8.519382721628014 ], [ 77.266424143755842, 8.51845137287968 ], [ 77.266306342282761, 8.517447709046294 ], [ 77.266274912027583, 8.516068865997628 ], [ 77.266107365447311, 8.514658289161618 ], [ 77.26578068141616, 8.513401419287236 ], [ 77.26524526394725, 8.512081138752043 ], [ 77.26454623092576, 8.510855805648701 ], [ 77.26385182602462, 8.509503884815718 ], [ 77.262903143100843, 8.507934811957002 ], [ 77.262099784233811, 8.506664205277803 ], [ 77.26161393400568, 8.50627529103725 ], [ 77.261064482157082, 8.506144024962444 ], [ 77.260215309210579, 8.506125707233407 ], [ 77.259502363081978, 8.506243025795783 ], [ 77.258039944426955, 8.506708227111428 ], [ 77.258039798899901, 8.506708315954665 ], [ 77.258039727034657, 8.506708338165483 ], [ 77.257695251869293, 8.506918906386197 ], [ 77.257285933611783, 8.507169083432343 ], [ 77.256473591591941, 8.50546446132865 ], [ 77.256055862408388, 8.505306087024868 ], [ 77.255370147809316, 8.505219961163606 ], [ 77.251205771052867, 8.505539598079848 ], [ 77.248966651935206, 8.503221084304718 ], [ 77.244265282064845, 8.497905071994595 ], [ 77.244176125171222, 8.497749790827058 ], [ 77.24413507395937, 8.497654364713712 ], [ 77.244120534726505, 8.497652970730169 ], [ 77.243719637276442, 8.496954743369757 ], [ 77.243387757389684, 8.496870738151866 ], [ 77.238725936747997, 8.496029891568359 ], [ 77.236772890624195, 8.498937691891735 ], [ 77.235016824380907, 8.5016381943943 ], [ 77.234558373667255, 8.502158911226946 ], [ 77.232300719610365, 8.505009766040834 ], [ 77.231000164793144, 8.506942295246972 ], [ 77.229359695557264, 8.508198883370302 ], [ 77.227312338006712, 8.508947251743564 ], [ 77.225609292128127, 8.509580563081798 ], [ 77.22419180361041, 8.510158033230875 ], [ 77.222487198256502, 8.511302020228634 ], [ 77.220501658272212, 8.511765298186885 ], [ 77.213519722813643, 8.512028501637335 ], [ 77.213499498143335, 8.512002136879428 ], [ 77.212881758163476, 8.510985744582081 ], [ 77.210278991137372, 8.506151924027471 ], [ 77.208628439210742, 8.50565518615041 ], [ 77.206279786713878, 8.503738785400285 ], [ 77.205597969904829, 8.503570949388028 ], [ 77.204227513582111, 8.502842096679839 ], [ 77.203706300274462, 8.502500335301573 ], [ 77.202401951871821, 8.501645053183998 ], [ 77.201987117958453, 8.501396383775846 ], [ 77.201275476183639, 8.500969788757327 ], [ 77.201309834048288, 8.499826182258968 ], [ 77.20109954023691, 8.497979103215517 ], [ 77.20109780469177, 8.497662778368289 ], [ 77.202360825201467, 8.497068185745274 ], [ 77.203697179679381, 8.496311427579966 ], [ 77.20391466540292, 8.496188267927632 ], [ 77.205939606393898, 8.495041534007054 ], [ 77.206660100167511, 8.494513982353435 ], [ 77.208054985276064, 8.493492617147615 ], [ 77.20967772176823, 8.492304382037522 ], [ 77.210424207396301, 8.491866360994857 ], [ 77.211243104422792, 8.489814537143712 ], [ 77.212522686273047, 8.485771793014798 ], [ 77.212364909769789, 8.485180734120727 ], [ 77.211690539096125, 8.484714527586741 ], [ 77.211014941323782, 8.484049524685851 ], [ 77.21049868671652, 8.483460478228443 ], [ 77.210093541133489, 8.481655104356529 ], [ 77.210044777884917, 8.480277095714959 ], [ 77.210114311081171, 8.478939084037503 ], [ 77.210426130689314, 8.477911439252569 ], [ 77.211677342844595, 8.476056085872951 ], [ 77.211950392961754, 8.475385690756303 ], [ 77.212379776887758, 8.474280622592303 ], [ 77.212760723653687, 8.471838199904589 ], [ 77.212988408848943, 8.470381766709512 ], [ 77.213556452230677, 8.469791647304143 ], [ 77.214115362440879, 8.469211010160173 ], [ 77.214129936708062, 8.469195867125645 ], [ 77.215227264760216, 8.468217998832326 ], [ 77.219676101136201, 8.46520573894634 ], [ 77.222193442870378, 8.463338709390356 ], [ 77.223800114790336, 8.461756929309178 ], [ 77.224547202289614, 8.460650031603679 ], [ 77.225172150351312, 8.45962520529627 ], [ 77.225443403837872, 8.458638565872105 ], [ 77.225473802827111, 8.456830770629296 ], [ 77.225146235752007, 8.455101855212009 ], [ 77.225459948110469, 8.454413162054772 ], [ 77.225844641749418, 8.452639496925167 ], [ 77.226657544318016, 8.450352783818289 ], [ 77.227560722182758, 8.448775060057777 ], [ 77.227504710428178, 8.448612917977293 ], [ 77.227316119914065, 8.448066981263338 ], [ 77.227065923836079, 8.447025027186072 ], [ 77.226995350390709, 8.446731114625457 ], [ 77.224833430691987, 8.446246120646618 ], [ 77.224264285975707, 8.44611843457079 ], [ 77.224051731104765, 8.446078215998361 ], [ 77.222246976173111, 8.445736708061386 ], [ 77.221023961236298, 8.445350448556827 ], [ 77.220510475236722, 8.445235871325547 ], [ 77.217625743212622, 8.44552783993684 ], [ 77.216954020772391, 8.445531620818763 ], [ 77.215571015883441, 8.444947434579927 ], [ 77.214265876065042, 8.444484832259882 ], [ 77.212486906375275, 8.444494808305905 ], [ 77.210868458440288, 8.444806699342481 ], [ 77.209288226634101, 8.444657508365486 ], [ 77.207666710952381, 8.444431568326953 ], [ 77.20648151958062, 8.444320761942285 ], [ 77.205975436597328, 8.443997888584766 ], [ 77.205974763759173, 8.44399527438998 ], [ 77.205452836290874, 8.442169013310682 ], [ 77.204345233308516, 8.439849411971673 ], [ 77.203129747152076, 8.437342396089559 ], [ 77.202406342836923, 8.436290430587356 ], [ 77.202749307934312, 8.435889567330793 ], [ 77.203346054285973, 8.435827252748297 ], [ 77.203249214101703, 8.435084159885795 ], [ 77.202729835153903, 8.434999767953533 ], [ 77.202275998187517, 8.435361379238348 ], [ 77.20169992835875, 8.434928390413678 ], [ 77.201468719970919, 8.434284824341393 ], [ 77.20096291726199, 8.434212712685881 ], [ 77.200379835184108, 8.433396796695083 ], [ 77.200111785089845, 8.431909152655431 ], [ 77.196630051592535, 8.429209044241045 ], [ 77.196361756258199, 8.429167994833305 ], [ 77.196028670832305, 8.428892305671754 ], [ 77.195823386026959, 8.427908243750823 ], [ 77.195894635005416, 8.426623555738729 ], [ 77.196013727357538, 8.426528671828764 ], [ 77.196629685079898, 8.425503280401811 ], [ 77.196821240932763, 8.421504931128517 ], [ 77.196858995327545, 8.419615802270112 ], [ 77.196616110637621, 8.419393689157374 ], [ 77.196614893420417, 8.419380787968938 ], [ 77.196216142045586, 8.418673516399799 ], [ 77.194552203424578, 8.41734509981103 ], [ 77.193200527281206, 8.415856819980736 ], [ 77.192127221976378, 8.414642628157967 ], [ 77.191171742399149, 8.413387082861663 ], [ 77.190298989574742, 8.412329930923606 ], [ 77.189730938108212, 8.411739749442043 ], [ 77.189032504263011, 8.41090059398619 ], [ 77.188175234800838, 8.410023554220254 ], [ 77.187373066201587, 8.408877832114168 ], [ 77.186720413198216, 8.407991848738517 ], [ 77.185812079003725, 8.406998073044312 ], [ 77.184747048979276, 8.4061038803335 ], [ 77.183781007909261, 8.405417061169629 ], [ 77.183562517869234, 8.405334416995879 ], [ 77.183406679032046, 8.405218847712115 ], [ 77.182574555211332, 8.404911648022688 ], [ 77.182413032733365, 8.404437972117593 ], [ 77.182160572002559, 8.403753879108244 ], [ 77.182304262023806, 8.402877816709587 ], [ 77.182360708563024, 8.401993127752199 ], [ 77.182088136349591, 8.401197506088142 ], [ 77.182069912227448, 8.401066567697692 ], [ 77.182084677835775, 8.400331551068435 ], [ 77.182335200002214, 8.399412226231471 ], [ 77.182467419435596, 8.398606087948554 ], [ 77.182400925239975, 8.398065581617622 ], [ 77.182111753058422, 8.397058485761518 ], [ 77.182041068221977, 8.396958843698863 ], [ 77.1820353154109, 8.396929254916628 ], [ 77.181713313399001, 8.396144702134563 ], [ 77.180918616986276, 8.395245199371978 ], [ 77.180242911416073, 8.394498798249977 ], [ 77.178701479643635, 8.393960419061496 ], [ 77.177077381305494, 8.393219193000885 ], [ 77.176085213633741, 8.391887030439937 ], [ 77.175088512164791, 8.390554777994438 ], [ 77.174134929829435, 8.389615512412744 ], [ 77.172667851613056, 8.388561606122373 ], [ 77.171443939259277, 8.387976302141269 ], [ 77.170211976203902, 8.386762918873107 ], [ 77.169613393695784, 8.386020529976641 ], [ 77.168314268098229, 8.384552459304484 ], [ 77.16831196302121, 8.384549855373043 ], [ 77.167965824175909, 8.384312979299098 ], [ 77.16792582309462, 8.384201565608276 ], [ 77.167668100032856, 8.383723029823733 ], [ 77.167539603218003, 8.384021298695544 ], [ 77.167519321055508, 8.384007419632823 ], [ 77.167006090177509, 8.383928803002743 ], [ 77.166457745053336, 8.384876350915846 ], [ 77.165718790002316, 8.38665191913425 ], [ 77.164971626146198, 8.386931719287876 ], [ 77.163156954712122, 8.387845505039849 ], [ 77.161858996026098, 8.388638937637401 ], [ 77.16060175707355, 8.389337630235039 ], [ 77.160569638708893, 8.389355478942917 ], [ 77.15942526858025, 8.389203564052917 ], [ 77.157718972596982, 8.388385823860187 ], [ 77.155941694434915, 8.38784424929788 ], [ 77.153723340773382, 8.387151319951544 ], [ 77.154078990980906, 8.38663413784408 ], [ 77.152904015250527, 8.386221695755605 ], [ 77.152101219627184, 8.385939891048308 ], [ 77.151662740258914, 8.385431632661446 ], [ 77.150674473072144, 8.384458134764637 ], [ 77.150692902010206, 8.384269524719665 ], [ 77.150783530344256, 8.384015984179682 ], [ 77.151059615868732, 8.38385768622603 ], [ 77.151056461883769, 8.383275851820988 ], [ 77.151101792669635, 8.3831535021704 ], [ 77.151230790744435, 8.382653144399759 ], [ 77.151250188066385, 8.382398539009369 ], [ 77.151443657330802, 8.381889726763719 ], [ 77.151287125892537, 8.381342066075593 ], [ 77.151287513964746, 8.381322936352511 ], [ 77.151649279902713, 8.381063954913865 ], [ 77.15194084429784, 8.38133609831306 ], [ 77.152440887907474, 8.381582854330189 ], [ 77.152854843268514, 8.381679947042825 ], [ 77.153306897977345, 8.381363609564229 ], [ 77.153672260769724, 8.380927184162921 ], [ 77.154266797265777, 8.380909566135776 ], [ 77.154771642370605, 8.380919726895781 ], [ 77.15499542079273, 8.38160469641557 ], [ 77.155275598143305, 8.382438728645635 ], [ 77.155899235563012, 8.382451275575162 ], [ 77.156974924996618, 8.382147468777683 ], [ 77.158203286706026, 8.381639624908786 ], [ 77.159371048066333, 8.381189724133518 ], [ 77.159415117617542, 8.380480559285594 ], [ 77.159297730267795, 8.379917047991137 ], [ 77.159269220435618, 8.379022584958292 ], [ 77.159190727442734, 8.378899355907578 ], [ 77.159186175679181, 8.378582505149133 ], [ 77.15940902075171, 8.3778473562187 ], [ 77.159963908306082, 8.376852614653473 ], [ 77.160005577558834, 8.376261755352997 ], [ 77.16004724770994, 8.375670897821495 ], [ 77.160325882653211, 8.375114386350278 ], [ 77.160573621838864, 8.374616423160036 ], [ 77.160702580387778, 8.374116075738298 ], [ 77.160801242355461, 8.373644705889337 ], [ 77.160666532792092, 8.372961560270653 ], [ 77.160440345088361, 8.372394915937983 ], [ 77.160451718658166, 8.371833043329724 ], [ 77.160352692872848, 8.370854777947448 ], [ 77.160160395011545, 8.370081730698841 ], [ 77.159940201765735, 8.369219374222363 ], [ 77.159863691354687, 8.368596577650925 ], [ 77.159785923302195, 8.368550933212966 ], [ 77.15987298173134, 8.368349324586941 ], [ 77.159730623013303, 8.368033826808061 ], [ 77.159452917826371, 8.36787717898634 ], [ 77.158912008956165, 8.367699313918672 ], [ 77.158036229707562, 8.367704042969605 ], [ 77.157377867910569, 8.367630841769488 ], [ 77.156594801087508, 8.367156104581461 ], [ 77.155973180385615, 8.366345996003943 ], [ 77.155647456653497, 8.364874490712603 ], [ 77.155521423917449, 8.364455598051677 ], [ 77.155531601829608, 8.363953629807289 ], [ 77.155455115673078, 8.363330846148319 ], [ 77.155206363187745, 8.363062965112 ], [ 77.155177679980724, 8.362780084229957 ], [ 77.154893799774513, 8.362325175691012 ], [ 77.154514928116924, 8.36191150711989 ], [ 77.153973473969302, 8.361634240626657 ], [ 77.15341371574948, 8.361338989740336 ], [ 77.15303533636866, 8.36102470300812 ], [ 77.152971579339663, 8.360919569795362 ], [ 77.15295792674398, 8.360499786781498 ], [ 77.152820268011524, 8.359964527232483 ], [ 77.152775886744934, 8.359224069187698 ], [ 77.152643031304308, 8.35845224936924 ], [ 77.152330825420563, 8.357735982686988 ], [ 77.152257355806725, 8.356965363327163 ], [ 77.152360837235861, 8.356257475094514 ], [ 77.152436425077141, 8.355460280952823 ], [ 77.152384845610158, 8.355074674584326 ], [ 77.152712648942185, 8.355022113845296 ], [ 77.153304674647032, 8.355122783412412 ], [ 77.153865209909583, 8.355311561333485 ], [ 77.154454838010935, 8.355530504358951 ], [ 77.155071762320517, 8.355868322395958 ], [ 77.155300300017004, 8.356316651732424 ], [ 77.155682692172178, 8.356501840190893 ], [ 77.155949916714718, 8.356507214630376 ], [ 77.156090054797346, 8.357035868204543 ], [ 77.155974116430158, 8.357429494723945 ], [ 77.155975752262265, 8.357727739298648 ], [ 77.156275063728444, 8.357685452269019 ], [ 77.15619781759716, 8.35850389065444 ], [ 77.156378732007184, 8.359216942127999 ], [ 77.15663326065976, 8.35913370687746 ], [ 77.156836524255723, 8.359660781100841 ], [ 77.15704257173077, 8.359753670951996 ], [ 77.157463056945588, 8.359525465749174 ], [ 77.157379971764968, 8.359227970006316 ], [ 77.158451884681114, 8.359101606215194 ], [ 77.159108106691093, 8.358966881702997 ], [ 77.159605688916855, 8.359331870060595 ], [ 77.160311118841506, 8.359701030854232 ], [ 77.161079527854071, 8.359893959781951 ], [ 77.161726775694376, 8.360202780605213 ], [ 77.162106795398898, 8.360506235687248 ], [ 77.162399532993788, 8.360719191720014 ], [ 77.162857868723123, 8.361556707328093 ], [ 77.163428607050676, 8.361242748726466 ], [ 77.163794482781071, 8.360776766120782 ], [ 77.164453097902992, 8.360523732876267 ], [ 77.165616481772901, 8.36028081810519 ], [ 77.165820048999464, 8.360172093174395 ], [ 77.166129252713503, 8.361545422662147 ], [ 77.166334644418384, 8.362597301970986 ], [ 77.166594619556548, 8.362835426641453 ], [ 77.166932527138897, 8.362890204680403 ], [ 77.167012293044536, 8.363237494104338 ], [ 77.167603767183792, 8.3633676782322 ], [ 77.168583639614255, 8.363387305655614 ], [ 77.169149000626518, 8.363339461809579 ], [ 77.169335514235712, 8.362929032968006 ], [ 77.169406833282736, 8.362338803117648 ], [ 77.169595729224056, 8.361810093630881 ], [ 77.169928911667981, 8.36149135278105 ], [ 77.169966956218587, 8.361077956176691 ], [ 77.170215234393439, 8.360550436818539 ], [ 77.170255066591437, 8.360048330229512 ], [ 77.170674339080634, 8.359879225751007 ], [ 77.170907703425144, 8.360090975177073 ], [ 77.171109587208832, 8.360390840608316 ], [ 77.171353089939643, 8.360099886870243 ], [ 77.171391724683374, 8.359656922058758 ], [ 77.171662534402202, 8.359484845360173 ], [ 77.171964226403844, 8.359254219875107 ], [ 77.171884686873639, 8.358779309838068 ], [ 77.17388001759619, 8.358523386784329 ], [ 77.173950997080055, 8.353525445208023 ], [ 77.174227745561225, 8.353057669589139 ], [ 77.174238588226714, 8.352750651789083 ], [ 77.174672036131071, 8.352260761320538 ], [ 77.174859163289568, 8.351254614368218 ], [ 77.175076579842838, 8.350018975086741 ], [ 77.174917047133249, 8.349737633022547 ], [ 77.174764982118589, 8.349734594238457 ], [ 77.174296663411511, 8.349669107058148 ], [ 77.174320637649799, 8.34943883928746 ], [ 77.174335258629355, 8.348806080611796 ], [ 77.17342686784103, 8.34867575830471 ], [ 77.173395896624967, 8.348222477591895 ], [ 77.17309299189769, 8.348155821390101 ], [ 77.172982560203167, 8.348144027944739 ], [ 77.172952386691094, 8.34734037966119 ], [ 77.171153948712529, 8.347042949287381 ], [ 77.170536728857201, 8.34686444633657 ], [ 77.170573777176159, 8.346347977777924 ], [ 77.170447922306536, 8.346326826981116 ], [ 77.170488349189284, 8.345654657315624 ], [ 77.169553243402703, 8.345582916724165 ], [ 77.169528784972428, 8.344448723739831 ], [ 77.169288220630946, 8.344431986647404 ], [ 77.169344525236326, 8.343934585103717 ], [ 77.16864511043083, 8.343816317834232 ], [ 77.167887397658347, 8.343820444563766 ], [ 77.16731103408047, 8.344037157797697 ], [ 77.166919780943317, 8.343487157906996 ], [ 77.16656524285014, 8.34296494762294 ], [ 77.166543394924119, 8.342540308394897 ], [ 77.166980162103457, 8.342003659891203 ], [ 77.167517328592211, 8.34101452505924 ], [ 77.168083066896884, 8.340116861920679 ], [ 77.168586142320635, 8.339308846364839 ], [ 77.168810016862466, 8.338767935984624 ], [ 77.168942049446301, 8.338255486630425 ], [ 77.169126955071121, 8.338137992692937 ], [ 77.169557586757094, 8.337904218840315 ], [ 77.169623907577872, 8.337632851286266 ], [ 77.169605717591679, 8.337026499950333 ], [ 77.169422789158801, 8.335538173311127 ], [ 77.169287240568949, 8.334717382953304 ], [ 77.169506218394176, 8.334418777718509 ], [ 77.169905206025945, 8.334244971792954 ], [ 77.170235434809243, 8.33446367508874 ], [ 77.170669717248501, 8.334048180674962 ], [ 77.171256655793897, 8.333605444072246 ], [ 77.17178460287289, 8.333070629405759 ], [ 77.172191521730298, 8.332503091643398 ], [ 77.172692714285191, 8.331785948092207 ], [ 77.173283909048379, 8.331131203042371 ], [ 77.173904896438003, 8.330507350204538 ], [ 77.174370175246139, 8.330062175067482 ], [ 77.174867689199957, 8.329526747591387 ], [ 77.175427846271759, 8.328901678039371 ], [ 77.175932058064348, 8.328033104693949 ], [ 77.176433824642686, 8.327285676249174 ], [ 77.176843144696861, 8.326596999092164 ], [ 77.177496941255583, 8.325852607763965 ], [ 77.178144029195764, 8.325441357346875 ], [ 77.178761924584165, 8.324968927877407 ], [ 77.179559216229762, 8.324651564019172 ], [ 77.180081619805122, 8.324389306883164 ], [ 77.180605239699418, 8.324066477895618 ], [ 77.180361358777859, 8.323709060729868 ], [ 77.180291947752494, 8.323434005256969 ], [ 77.179918245001048, 8.323549845899551 ], [ 77.179749700392492, 8.322791111555865 ], [ 77.178584409399193, 8.322928502658682 ], [ 77.178028074658897, 8.322899238911567 ], [ 77.178195561950375, 8.322098453307326 ], [ 77.177499929052232, 8.321910412207545 ], [ 77.177357782336628, 8.32188982362422 ], [ 77.177535723323032, 8.321171791326474 ], [ 77.175702816986984, 8.320817771404752 ], [ 77.175581378235293, 8.320429106963259 ], [ 77.175479223617828, 8.320339452104559 ], [ 77.175564750419383, 8.320003027319746 ], [ 77.174970227398049, 8.320078266713779 ], [ 77.174224514321153, 8.319897504416359 ], [ 77.173786822775384, 8.319294144180292 ], [ 77.172831083585038, 8.318757080693052 ], [ 77.172533527426936, 8.319106659940307 ], [ 77.172254602327868, 8.31953755463452 ], [ 77.171576718343118, 8.319961921949284 ], [ 77.171283174959385, 8.320274903971253 ], [ 77.171319848680866, 8.322819082027872 ], [ 77.171476351373045, 8.323224895415494 ], [ 77.170554095986617, 8.324653499046198 ], [ 77.170077005230766, 8.324525020164305 ], [ 77.170103518108078, 8.325216349735973 ], [ 77.16949543771247, 8.325197059046012 ], [ 77.168986410051673, 8.326686688960983 ], [ 77.169504077708851, 8.326769727578792 ], [ 77.169894399293085, 8.326799159028376 ], [ 77.16987603683036, 8.327576593097495 ], [ 77.169258203425713, 8.329084876046633 ], [ 77.169093286214263, 8.330446033781561 ], [ 77.168840999756625, 8.331608862086522 ], [ 77.168481179569582, 8.332553534658402 ], [ 77.168469955120088, 8.332545752042552 ], [ 77.168428405343278, 8.332478846960381 ], [ 77.168343422022431, 8.332458027836447 ], [ 77.168073510618896, 8.332270897433805 ], [ 77.167160133282408, 8.331730108865921 ], [ 77.166615799136011, 8.331470397651408 ], [ 77.166175091945817, 8.331397506082043 ], [ 77.1659664887638, 8.331159062702847 ], [ 77.165225484655622, 8.330905452968905 ], [ 77.164606292099933, 8.330511155315582 ], [ 77.163646533847, 8.330077999049681 ], [ 77.162669636636792, 8.329825691652324 ], [ 77.161650604846486, 8.329334136090557 ], [ 77.160608894188485, 8.32884265279627 ], [ 77.158488570979017, 8.327742395285359 ], [ 77.15789356017244, 8.327641747996184 ], [ 77.157314111779911, 8.327866266238329 ], [ 77.156614614329413, 8.327729977256142 ], [ 77.155238558807525, 8.327497877987163 ], [ 77.154280230672541, 8.32732683595926 ], [ 77.153320770660287, 8.32693436216595 ], [ 77.152365299167883, 8.327278489943041 ], [ 77.151070563637106, 8.327818767356195 ], [ 77.149958134905006, 8.328502632842213 ], [ 77.149634695588631, 8.330768527749502 ], [ 77.149415129366915, 8.331266870433044 ], [ 77.148939737325279, 8.331450136662085 ], [ 77.148224194167213, 8.331711641557535 ], [ 77.147582355981527, 8.331317431822479 ], [ 77.146998495064295, 8.330764718196761 ], [ 77.146302581891803, 8.330447605245576 ], [ 77.145995463167495, 8.329875300393269 ], [ 77.145976440443064, 8.329717200008078 ], [ 77.145318899706211, 8.329779446270479 ], [ 77.145175879828159, 8.329341929436351 ], [ 77.145090047599382, 8.328569590157068 ], [ 77.143439445367108, 8.328754716215801 ], [ 77.142545309045687, 8.328810147888749 ], [ 77.141285002346478, 8.328888270767308 ], [ 77.139385689849675, 8.328401433777817 ], [ 77.139048970738486, 8.328222405898071 ], [ 77.13896844575639, 8.327585648636237 ], [ 77.138564296405008, 8.326693010431145 ], [ 77.137545596991373, 8.326264626601334 ], [ 77.135344146928546, 8.325259523795191 ], [ 77.133285276569296, 8.32545591135149 ], [ 77.132531803844969, 8.325410209428682 ], [ 77.131259266583172, 8.325010255823596 ], [ 77.130045208748044, 8.324528666229245 ], [ 77.128689017671988, 8.324564705561729 ], [ 77.128957545669991, 8.323609247036481 ], [ 77.129153513149234, 8.322924565923538 ], [ 77.129138637048129, 8.32187315578617 ], [ 77.129062969256793, 8.321885102907128 ], [ 77.129097142966842, 8.321662455834957 ], [ 77.129117045141967, 8.321532792013883 ], [ 77.129072999845278, 8.321539859318557 ], [ 77.128097009933455, 8.321696467059574 ], [ 77.127882234427133, 8.321399277618584 ], [ 77.126472982562234, 8.320900621940091 ], [ 77.125132273950172, 8.320487495273376 ], [ 77.124251891734033, 8.320465050676093 ], [ 77.123753652839824, 8.320625878262398 ], [ 77.123140254417706, 8.321302585894239 ], [ 77.122734447674645, 8.32149385739377 ], [ 77.121345814840467, 8.32140537340427 ], [ 77.121324533751391, 8.321403120150178 ], [ 77.121143910395531, 8.321313180190984 ], [ 77.121075454279293, 8.32124578431713 ], [ 77.120843256846342, 8.321088859962362 ], [ 77.120170593870014, 8.320875463680489 ], [ 77.119021560586731, 8.320868754573953 ], [ 77.118593297758181, 8.320264360311469 ], [ 77.118712319143413, 8.31960182823101 ], [ 77.119316602360314, 8.319264167293978 ], [ 77.119415577840016, 8.317866280984527 ], [ 77.119375864219634, 8.317856435908352 ], [ 77.119448172311792, 8.317309059594523 ], [ 77.118731639210253, 8.317371576266932 ], [ 77.118757710116427, 8.31653414286618 ], [ 77.119382682432629, 8.316045750998144 ], [ 77.119405188823748, 8.31586001805622 ], [ 77.119580722325225, 8.315794292320762 ], [ 77.119513166320885, 8.315340875732717 ], [ 77.120313099911726, 8.315224776668108 ], [ 77.120335138280595, 8.315013618039615 ], [ 77.120533777349507, 8.314993869967035 ], [ 77.120407096928119, 8.314324159321723 ], [ 77.120444314130324, 8.313967561700375 ], [ 77.123930737731769, 8.311868747388875 ], [ 77.123283082056318, 8.310536869779163 ], [ 77.123258890425717, 8.310460024120999 ], [ 77.123226880757215, 8.310421294621779 ], [ 77.12305415988088, 8.310066096998341 ], [ 77.122374697556168, 8.30893239220989 ], [ 77.122188880141366, 8.308871904407752 ], [ 77.122114777215231, 8.308617698915054 ], [ 77.121602767147692, 8.308681110304047 ], [ 77.121571943255347, 8.308671075664433 ], [ 77.121497348950811, 8.308694166268502 ], [ 77.12043711772661, 8.308825465442235 ], [ 77.118664944690281, 8.309173777994161 ], [ 77.117210439294638, 8.309520453800323 ], [ 77.11615852018177, 8.309400726362368 ], [ 77.116146816031957, 8.309365410076738 ], [ 77.115920227679609, 8.309022294120819 ], [ 77.115891530997857, 8.308930878437179 ], [ 77.115810323296188, 8.308176650012257 ], [ 77.114869287730414, 8.307824524132664 ], [ 77.114292827134506, 8.307786962372761 ], [ 77.113379573765513, 8.304144617252948 ], [ 77.113020201837784, 8.30417765932183 ], [ 77.112987107004386, 8.304121548603637 ], [ 77.112286875630332, 8.304002260411416 ], [ 77.112101918801528, 8.304453419865078 ], [ 77.11133730067948, 8.304814886614025 ], [ 77.111246108203389, 8.304811251921363 ], [ 77.111078980238034, 8.304937004800854 ], [ 77.110966566860014, 8.30499014560483 ], [ 77.109449209937182, 8.305309080944856 ], [ 77.107969131302028, 8.305523776371947 ], [ 77.106980004427541, 8.305783501228113 ], [ 77.106023828655978, 8.30614887965573 ], [ 77.105984140188411, 8.306164294824253 ], [ 77.105949546066824, 8.306172455743329 ], [ 77.105913516437397, 8.306191723369423 ], [ 77.105580047430877, 8.306321234930143 ], [ 77.104834092707165, 8.30620653764524 ], [ 77.104760952775052, 8.306053027729419 ], [ 77.10426925900596, 8.306124335563032 ], [ 77.103834651376559, 8.306061543318865 ], [ 77.103548205581887, 8.306247891569665 ], [ 77.10297102363883, 8.306402046744601 ], [ 77.102737371833413, 8.306207430092906 ], [ 77.102576826722483, 8.30587379764002 ], [ 77.102149999401746, 8.304104480006716 ], [ 77.101575737881632, 8.30104781229271 ], [ 77.101509637148069, 8.300569099987507 ], [ 77.101908684068647, 8.300530853965473 ], [ 77.10172627037042, 8.299496892602058 ], [ 77.101494934421822, 8.298648443910389 ], [ 77.100854862324027, 8.298588534981455 ], [ 77.10063529789889, 8.298255302286572 ], [ 77.099496894380394, 8.298319998935332 ], [ 77.098016090804776, 8.294345225133844 ], [ 77.097732611247196, 8.293584287566345 ], [ 77.097798108312873, 8.29248867977566 ], [ 77.095965979019567, 8.293793669215285 ], [ 77.094476365665997, 8.294945929423106 ], [ 77.092289120662727, 8.296665094031876 ], [ 77.090096371681753, 8.298252808004856 ], [ 77.087165893850127, 8.300498322710098 ], [ 77.085453250371046, 8.301606071907539 ], [ 77.083832385069627, 8.302929992177452 ], [ 77.081793466292837, 8.304287582048017 ], [ 77.081644018968888, 8.304387090435597 ], [ 77.081443172739384, 8.304541934346762 ], [ 77.079066286193139, 8.306373947989794 ], [ 77.078808688895535, 8.30665027499132 ], [ 77.078600663330249, 8.306723115164335 ], [ 77.077902751406214, 8.307168187927859 ], [ 77.076893193248893, 8.308092914122385 ], [ 77.075928461024233, 8.30910818091532 ], [ 77.074883146325362, 8.310032769204813 ], [ 77.073216431910112, 8.311352803305883 ], [ 77.072029080090061, 8.312282439577626 ], [ 77.071114358873928, 8.313080317280043 ], [ 77.070153957427266, 8.313652468896217 ], [ 77.069098165677204, 8.31439647718981 ], [ 77.068092464885694, 8.315240110592644 ], [ 77.066608317780634, 8.316604847030208 ], [ 77.065506876342752, 8.317439011917314 ], [ 77.063625079197394, 8.318963482775631 ], [ 77.063211222651049, 8.31929874582103 ], [ 77.061589431186547, 8.32044674994197 ], [ 77.060189564021428, 8.321634756381794 ], [ 77.05817860620617, 8.323271362007285 ], [ 77.055066788163074, 8.325910613061115 ], [ 77.053274631204943, 8.327673303715988 ], [ 77.050602871768405, 8.330053715107514 ], [ 77.048845695207447, 8.331550082570113 ], [ 77.048147088885713, 8.331818727402222 ], [ 77.047431898765495, 8.332398814697282 ], [ 77.045769912183644, 8.33407592635759 ], [ 77.0440180563441, 8.335924528693038 ], [ 77.04183018611343, 8.33759375383609 ], [ 77.03999174885017, 8.339140058209392 ], [ 77.038758476051129, 8.339933887729545 ], [ 77.037621390361139, 8.34081841462462 ], [ 77.03630857084535, 8.341965424136049 ], [ 77.035252211360032, 8.342714274173122 ], [ 77.034509318094791, 8.34315874874534 ], [ 77.033680837840862, 8.343906698800613 ], [ 77.032715569321979, 8.344700457309566 ], [ 77.031071676606558, 8.345983762088263 ], [ 77.029892556947786, 8.346915334564384 ], [ 77.02984894463907, 8.346949792436826 ], [ 77.029186888969591, 8.347570638892725 ], [ 77.02886589396914, 8.347960400692209 ], [ 77.028358677311928, 8.34818341497569 ], [ 77.027302088756215, 8.348936116683387 ], [ 77.025953027608637, 8.350124078352007 ], [ 77.025377155409203, 8.350518774838832 ], [ 77.024416286838587, 8.351185831809861 ], [ 77.02213729869203, 8.352859463223218 ], [ 77.020819027300803, 8.35374420881266 ], [ 77.019286863447149, 8.354674811771785 ], [ 77.01783720895402, 8.355514859163579 ], [ 77.017052378738043, 8.355909956369938 ], [ 77.0166124432007, 8.356218751907168 ], [ 77.016354333863376, 8.356440500295509 ], [ 77.016088484641557, 8.3568800354151 ], [ 77.015865680891523, 8.356925580788081 ], [ 77.015733413847428, 8.356749587820469 ], [ 77.015687224272142, 8.35635189978743 ], [ 77.015468772859677, 8.356180656193631 ], [ 77.015027963261545, 8.356136741642532 ], [ 77.014593787721807, 8.356409020667398 ], [ 77.014239113084699, 8.356581748419648 ], [ 77.014108556432873, 8.356577700926216 ], [ 77.013580789915238, 8.356497339419946 ], [ 77.013272727959915, 8.356584374757576 ], [ 77.012960621789176, 8.356942170696639 ], [ 77.012965968561758, 8.357294474560463 ], [ 77.012880332165722, 8.357597957680246 ], [ 77.012485183933478, 8.357557872133244 ], [ 77.012353562778031, 8.357332390632468 ], [ 77.012348365125831, 8.357070205198593 ], [ 77.012387549638518, 8.356722252585993 ], [ 77.012128266203092, 8.356505619274211 ], [ 77.011778578114132, 8.356506630703359 ], [ 77.011470659889255, 8.356683782746329 ], [ 77.011027202956001, 8.356996885571656 ], [ 77.010899687101414, 8.357032993900955 ], [ 77.010323361252787, 8.356998746670033 ], [ 77.009973791741444, 8.357216146721811 ], [ 77.009449497212401, 8.357791732873403 ], [ 77.009190272167473, 8.357918866767802 ], [ 77.008927664965526, 8.358141002583862 ], [ 77.008792709263744, 8.358448862253841 ], [ 77.009131307650534, 8.359324705674464 ], [ 77.009134179564512, 8.359589276830929 ], [ 77.009137053275097, 8.359853923353361 ], [ 77.008960346573886, 8.359985086258112 ], [ 77.008697291112583, 8.360031425828598 ], [ 77.008447452564099, 8.360095623442325 ], [ 77.008343274042289, 8.360122393182868 ], [ 77.008317354951402, 8.360178870930264 ], [ 77.008262132815915, 8.360299204073497 ], [ 77.008303290927302, 8.360429712694577 ], [ 77.008526143186344, 8.360822525231693 ], [ 77.008485832186295, 8.361170443078693 ], [ 77.008396474070025, 8.36160953026115 ], [ 77.007698695995018, 8.362099446315439 ], [ 77.007214209409426, 8.362403311418936 ], [ 77.007082468778066, 8.362620614248254 ], [ 77.006906729562402, 8.363195164122921 ], [ 77.006781136102532, 8.36367914481262 ], [ 77.006210245061382, 8.364119028164604 ], [ 77.005422203368283, 8.364821590900045 ], [ 77.004108365162963, 8.365575665624789 ], [ 77.003537177677771, 8.365929307263221 ], [ 77.003229252266365, 8.366544806977547 ], [ 77.003280361016138, 8.366897631859969 ], [ 77.003544291436512, 8.367109451239333 ], [ 77.003545010088729, 8.367371491275016 ], [ 77.003370020068019, 8.36808125591946 ], [ 77.003501483119962, 8.36824834115148 ], [ 77.003856571880391, 8.368378824891563 ], [ 77.00394783981497, 8.368513892762742 ], [ 77.003730145682269, 8.368948454156735 ], [ 77.002984577234102, 8.369962938997961 ], [ 77.001933445045452, 8.37114964479477 ], [ 77.000625260836529, 8.372432401278509 ], [ 76.997734691559671, 8.374946479318016 ], [ 76.996531284150578, 8.375482460373508 ], [ 76.995119428967996, 8.376161259218119 ], [ 76.994107736413525, 8.376396366346961 ], [ 76.993303816997781, 8.376695012327408 ], [ 76.992741479714752, 8.377142962204935 ], [ 76.992092221444864, 8.377834834913807 ], [ 76.991551637764744, 8.378173956926378 ], [ 76.991079665609433, 8.378156122813531 ], [ 76.990154441290969, 8.378034327896499 ], [ 76.988623958185201, 8.377560063757178 ], [ 76.987788298595532, 8.377058122182047 ], [ 76.987430170834457, 8.376574777566427 ], [ 76.987148405262474, 8.375955620572055 ], [ 76.987061937924793, 8.375874113930148 ], [ 76.987016641274906, 8.375828559218817 ], [ 76.986889288015362, 8.375765628866356 ], [ 76.986766385908112, 8.375765721294687 ], [ 76.986612200869359, 8.37576581727795 ], [ 76.986475892304796, 8.375797145146047 ], [ 76.986194690874754, 8.376068669227825 ], [ 76.98591830261806, 8.376643001075125 ], [ 76.985704773074985, 8.376959206416865 ], [ 76.985391819792937, 8.377181203397958 ], [ 76.985200865811322, 8.377334649824247 ], [ 76.985123404982687, 8.377438715684734 ], [ 76.985123867615059, 8.377488246385401 ], [ 76.985173531873841, 8.377755371854326 ], [ 76.985223771952761, 8.378193867996545 ], [ 76.98511032012226, 8.378835734622307 ], [ 76.984933567606959, 8.379341842027529 ], [ 76.984752505873232, 8.37981218916253 ], [ 76.984412008447947, 8.380241834853557 ], [ 76.983849277702816, 8.380762065784351 ], [ 76.983290295627384, 8.381146127898299 ], [ 76.982736728596478, 8.381503676427025 ], [ 76.982178606208791, 8.381738668348188 ], [ 76.981852347080732, 8.381738769662327 ], [ 76.98161168482288, 8.381626194564916 ], [ 76.981397864225684, 8.381512901348549 ], [ 76.981288349711065, 8.3815446189022 ], [ 76.981220466720004, 8.381630664828961 ], [ 76.981162293618823, 8.381788823271538 ], [ 76.981071331111465, 8.382082676691519 ], [ 76.98091267785253, 8.382394712186523 ], [ 76.980812394425769, 8.382480719710248 ], [ 76.980676075081419, 8.382480888566787 ], [ 76.980567746342984, 8.382385803669786 ], [ 76.980385578783142, 8.382137330267756 ], [ 76.980239942112647, 8.381960808351588 ], [ 76.980058645918632, 8.381906526235449 ], [ 76.979891043642837, 8.381906695980927 ], [ 76.979655202643059, 8.382065221352406 ], [ 76.979337271796027, 8.382363252430643 ], [ 76.978905659149788, 8.382996610705151 ], [ 76.978892656934363, 8.383172507383021 ], [ 76.97893807755176, 8.383308199330923 ], [ 76.979060118174672, 8.38342602625521 ], [ 76.979473628869655, 8.383579237374088 ], [ 76.979641657845235, 8.383660865932875 ], [ 76.979686639186454, 8.383746470588372 ], [ 76.979718967756895, 8.383873351611944 ], [ 76.979732293365799, 8.384062980316434 ], [ 76.979673708836245, 8.384388582221714 ], [ 76.979487734216235, 8.384745823828695 ], [ 76.979183152334301, 8.385107755732186 ], [ 76.978665628407583, 8.385487718370072 ], [ 76.977803427194502, 8.385976161104971 ], [ 76.976941294253379, 8.386337754153121 ], [ 76.976636210213229, 8.386401464859217 ], [ 76.976409257144894, 8.386373929969414 ], [ 76.976123612647484, 8.386206890735632 ], [ 76.975833507116377, 8.38603969235089 ], [ 76.975696866175156, 8.386048743866255 ], [ 76.975620050336872, 8.386134474192682 ], [ 76.975510437007571, 8.386324741665117 ], [ 76.975433225910592, 8.386546206295019 ], [ 76.975442380641681, 8.386758498435746 ], [ 76.975533435675501, 8.386930308018997 ], [ 76.975706494318331, 8.387183476066792 ], [ 76.976055753012616, 8.38747739917148 ], [ 76.976169963021192, 8.387626662835372 ], [ 76.976192726330495, 8.387771010117881 ], [ 76.976178107147575, 8.387960762228275 ], [ 76.976069554728625, 8.388277361838506 ], [ 76.975833691271021, 8.388747999433479 ], [ 76.975602543968606, 8.38908694662817 ], [ 76.975311428731132, 8.38932195173884 ], [ 76.974703769645373, 8.389846693120242 ], [ 76.974326961417987, 8.390009664092105 ], [ 76.97414482170592, 8.39004102191711 ], [ 76.974045719563804, 8.390000221640413 ], [ 76.973759114767347, 8.389828690689553 ], [ 76.973477772301834, 8.389666246642133 ], [ 76.973309363338871, 8.389688633936354 ], [ 76.973205083307448, 8.389761145796712 ], [ 76.973019479691615, 8.389982652903099 ], [ 76.972860539870112, 8.390208445198823 ], [ 76.972325249063644, 8.390895980908981 ], [ 76.971966611957839, 8.391393408693286 ], [ 76.971775604077266, 8.391578558246231 ], [ 76.971498468422226, 8.391890834951878 ], [ 76.971307978869618, 8.392279629928272 ], [ 76.971122332134698, 8.392844965562469 ], [ 76.970964104677165, 8.393486943963381 ], [ 76.970922974413568, 8.393979533054662 ], [ 76.970922995973126, 8.394508637837189 ], [ 76.970981646978032, 8.394991979702418 ], [ 76.971155146693704, 8.395295252129982 ], [ 76.971254609958592, 8.395294895765584 ], [ 76.971354410990017, 8.395222780405247 ], [ 76.971499966812118, 8.394996507577568 ], [ 76.971717184837729, 8.394766109317029 ], [ 76.971863300310247, 8.394680060966902 ], [ 76.971962283874788, 8.394661881910787 ], [ 76.972199314243994, 8.394689227810719 ], [ 76.97231218755941, 8.394688790574918 ], [ 76.972489907560288, 8.394593851744636 ], [ 76.972597980278863, 8.394571547381407 ], [ 76.972725363182775, 8.394602782198739 ], [ 76.972852310403795, 8.394802024850849 ], [ 76.973043134129682, 8.395276713183508 ], [ 76.973161530287513, 8.396275709725945 ], [ 76.973097911599098, 8.397052926146923 ], [ 76.973061336692311, 8.397339337730099 ], [ 76.973007806982835, 8.397758539781377 ], [ 76.972840094214234, 8.398228834406972 ], [ 76.972829848928441, 8.39824572026305 ], [ 76.972494494358131, 8.398798515027007 ], [ 76.972226893421507, 8.399187366181792 ], [ 76.971982346848336, 8.399462976954338 ], [ 76.971723950050134, 8.399937837322334 ], [ 76.97167628005127, 8.40004846623934 ], [ 76.971505769030529, 8.400444173176698 ], [ 76.971238442978418, 8.401199133253378 ], [ 76.970997698075521, 8.401773660785921 ], [ 76.970771480727436, 8.402348150143307 ], [ 76.970430826096944, 8.403215678941255 ], [ 76.969908684829647, 8.404563042383819 ], [ 76.969467889604559, 8.40544926998046 ], [ 76.969055949164712, 8.406403297049646 ], [ 76.968370648688961, 8.407999142860911 ], [ 76.967857840917461, 8.40914766594689 ], [ 76.967607482244389, 8.409740229420153 ], [ 76.967462881331443, 8.4099704419442 ], [ 76.967159127696206, 8.410400302196219 ], [ 76.966759259715488, 8.411141669603062 ], [ 76.966096367714485, 8.412267613434974 ], [ 76.965416160686402, 8.413502000108473 ], [ 76.964789384553114, 8.414555232589034 ], [ 76.964200037624465, 8.415468468967932 ], [ 76.963346117081656, 8.416653277977764 ], [ 76.962524358921002, 8.417720157585979 ], [ 76.959697249330787, 8.421595103871351 ], [ 76.959057415286523, 8.422201066575319 ], [ 76.958779732557474, 8.422494981800284 ], [ 76.95845326322366, 8.422933499360639 ], [ 76.958026645210381, 8.423421867386383 ], [ 76.956941791164255, 8.424530003063126 ], [ 76.95585721379922, 8.425692122759957 ], [ 76.955307646067965, 8.426428729882881 ], [ 76.955194626327142, 8.426618896717745 ], [ 76.955207377014275, 8.426668319836798 ], [ 76.955252839852491, 8.426709451262683 ], [ 76.955344492265979, 8.426709381950522 ], [ 76.95524898069003, 8.427003117804238 ], [ 76.955103873127243, 8.426966779607561 ], [ 76.955012247663191, 8.426903968627093 ], [ 76.954913257810475, 8.426921582787701 ], [ 76.953087574827634, 8.42932707936944 ], [ 76.952666292807152, 8.429883523729579 ], [ 76.952429992768302, 8.430113807803014 ], [ 76.952057562031285, 8.430679228638141 ], [ 76.95121385802824, 8.431823238737312 ], [ 76.950100949595793, 8.43339668917427 ], [ 76.949475190355386, 8.434291952688712 ], [ 76.948580291364294, 8.435304482349236 ], [ 76.947677421621691, 8.436475874132595 ], [ 76.94674628728697, 8.437655719094227 ], [ 76.945793059786155, 8.438889865694906 ], [ 76.945180797732931, 8.4395953017831 ], [ 76.944668165132867, 8.440079480398985 ], [ 76.944259111878353, 8.440449941683596 ], [ 76.943351039093642, 8.441670678637367 ], [ 76.942601730958955, 8.442611060205689 ], [ 76.941630185012855, 8.443886291241464 ], [ 76.939928033856305, 8.446015761777199 ], [ 76.939292486572597, 8.446807176306649 ], [ 76.938408009835427, 8.447960314873841 ], [ 76.937550002856398, 8.449153914382773 ], [ 76.936995308439847, 8.44987254021258 ], [ 76.936255492802758, 8.450609581043944 ], [ 76.935097808743294, 8.451866466215241 ], [ 76.934602916073473, 8.452445323067597 ], [ 76.934190756444707, 8.453023805857116 ], [ 76.933572735292188, 8.45379247588504 ], [ 76.932573861696852, 8.454891431861514 ], [ 76.932181508123449, 8.455385477301506 ], [ 76.931802032797961, 8.455863288298463 ], [ 76.931588683816315, 8.456229626662534 ], [ 76.931379865936933, 8.456718006781434 ], [ 76.931053069616382, 8.457160977973404 ], [ 76.930607924748685, 8.457599703182963 ], [ 76.930381808910198, 8.457762451914824 ], [ 76.929968273960725, 8.45822345936276 ], [ 76.929463931014155, 8.458784168833011 ], [ 76.928915337954976, 8.459362771835259 ], [ 76.927480456256689, 8.460768873682994 ], [ 76.926649532585188, 8.461641773185217 ], [ 76.925890731952904, 8.462591279278678 ], [ 76.925142665289954, 8.463491080303632 ], [ 76.924615580593624, 8.46409215518395 ], [ 76.923925710388033, 8.46471187581013 ], [ 76.923121510697911, 8.465493899305065 ], [ 76.922532034411844, 8.466181223868654 ], [ 76.921601245928514, 8.467268771396217 ], [ 76.921460355955972, 8.46743338993768 ], [ 76.92036134895254, 8.46866787570552 ], [ 76.919440237121478, 8.469744012076911 ], [ 76.918772219333476, 8.470715700418646 ], [ 76.918359382375002, 8.471186189690776 ], [ 76.917955118039245, 8.471543447969347 ], [ 76.917565152187905, 8.471999734239978 ], [ 76.917001438685844, 8.472745866623935 ], [ 76.916080339431176, 8.473758552954171 ], [ 76.914836087422728, 8.474956644767234 ], [ 76.914459340280757, 8.475417856413941 ], [ 76.913832971084275, 8.476349305236177 ], [ 76.913210397269921, 8.477145083948555 ], [ 76.912025320882492, 8.478374800185424 ], [ 76.911222236001635, 8.479337739023602 ], [ 76.910032279965577, 8.480608462859017 ], [ 76.90878888584821, 8.481979689358264 ], [ 76.908567007362919, 8.482224380255168 ], [ 76.907585092163515, 8.483307224962862 ], [ 76.905324162849098, 8.486047203371649 ], [ 76.90059636993297, 8.491617140615848 ], [ 76.897667844140443, 8.495179663677492 ], [ 76.891892191598188, 8.501807785929604 ], [ 76.891120596261317, 8.503034597911997 ], [ 76.890266308307588, 8.504105902599553 ], [ 76.88800550206237, 8.507560081911905 ], [ 76.886538846054179, 8.509291167135579 ], [ 76.886121558841779, 8.509974937779466 ], [ 76.885917952987697, 8.510308569627371 ], [ 76.885784925968849, 8.510398949006756 ], [ 76.885176433246514, 8.511045504323027 ], [ 76.883105930602653, 8.513599775207686 ], [ 76.880716242165306, 8.516745941920387 ], [ 76.879513062029972, 8.518423661741782 ], [ 76.876892685329338, 8.521665028593693 ], [ 76.876134986929898, 8.522749864705489 ], [ 76.874427125183104, 8.5249515372816 ], [ 76.87390020308186, 8.525566531092739 ], [ 76.873727366322868, 8.525674390353087 ], [ 76.873537115722087, 8.526013767926953 ], [ 76.87226023959748, 8.527469485217811 ], [ 76.869417422964503, 8.531217205755713 ], [ 76.868617930446462, 8.53215745688146 ], [ 76.868294361772726, 8.532502021234272 ], [ 76.867314345611817, 8.533545397439111 ], [ 76.866773119636278, 8.534182695903164 ], [ 76.865320668687687, 8.5361219642976 ], [ 76.863835528045897, 8.537975423277262 ], [ 76.862932544217259, 8.539173586104553 ], [ 76.861874017097165, 8.540403400785099 ], [ 76.860915711420049, 8.541614587214996 ], [ 76.860338289626796, 8.542261148354415 ], [ 76.859811287575454, 8.542966332279775 ], [ 76.859553076728488, 8.543174638337728 ], [ 76.859543934573864, 8.543332423969094 ], [ 76.85780391313989, 8.545542969664226 ], [ 76.857041701604473, 8.546438366069555 ], [ 76.855594237204002, 8.548341437334928 ], [ 76.855473757853048, 8.548499837332871 ], [ 76.855438670556353, 8.548541430080173 ] ] ] ] } }
]
}
